status,Short name,Next,Parent,Contest ID,Full name,Date,Location,Venue,Web,Scoreboard,Frozen SB,Standings,Rankings,ICPC standings,Any
1200,2950,2437,3383,3530,3323,2145,,,743,1208,18,446,63,572,1899
33.99%,83.57%,69.04%,95.84%,100.00%,94.14%,60.76%,,,21.05%,51.85%,0.77%,19.14%,2.70%,24.55%,81.50%
future,wf-2027,-,-,9557,51st Annual World Finals of the International Collegiate Programming Contest,,,,,,,,,,
future,wf-2026,wf-2027,-,9150,50th Annual World Finals of the International Collegiate Programming Contest,2026-11-20,"Dubai, UAE",,,,,,,,
,wf-2025,wf-2026,-,8732,49th Annual World Championship of the International Collegiate Programming Contest,2025-09-04,"Baku, Azerbaijan",,,https://worldfinals.icpc.global/scoreboard/2025/finals/index.html,,https://cphof.org/standings/icpc/2025,,,Yes
,wf-2024,wf-2025,-,7445,48th Annual World Championship of the International Collegiate Programming Contest,2024-09-19,"Astana, Kazakhstan",,,https://zibada.guru/finals/2024/,,https://cphof.org/standings/icpc/2024,,,Yes
,wf-2023,wf-2024,-,5366,47th Annual World Championship of the International Collegiate Programming Contest,2024-04-19,"Luxor, Egypt",,,https://zibada.guru/finals/2023/,,https://cphof.org/standings/icpc/2023,,,Yes
,wf-2022,wf-2023,-,4673,46th Annual World Championship of the International Collegiate Programming Contest,2024-04-19,"Luxor, Egypt",,,https://zibada.guru/finals/2022/,,https://cphof.org/standings/icpc/2022,,,Yes
,wf-2021,wf-2022,-,4298,45th Annual World Finals of the International Collegiate Programming Contest,2022-11-11,"Dhaka, Bangladesh",,,https://www.domjudge.org/scoreboard/wf2021/,,https://cphof.org/standings/icpc/2021,,,Yes
,wf-2020,wf-2021,-,3980,44th Annual World Finals of the International Collegiate Programming Contest,2021-10-06,"Moscow, Russia",,,https://www.domjudge.org/scoreboard/wf2020/,,https://cphof.org/standings/icpc/2020,,,Yes
,wf-2019,wf-2020,-,3512,43rd Annual World Finals of the International Collegiate Programming Contest,2019-04-05,"Porto, Portugal",,,"https://www.domjudge.org/scoreboard/wf2019/, https://web.archive.org/web/20191211025347/https://icpc.baylor.edu/scoreboard/, https://web.archive.org/web/20201207094903/https://icpc.global/scoreboard/",,https://cphof.org/standings/icpc/2019,,,Yes
,wf-2018,wf-2019,-,3241,42nd Annual World Finals of the International Collegiate Programming Contest,2018-04-19,"Beijing, China",,,"https://www.domjudge.org/scoreboard/wf2018/, https://web.archive.org/web/20181010145851/https://icpc.baylor.edu/scoreboard/",,https://cphof.org/standings/icpc/2018,,,Yes
,wf-2017,wf-2018,-,3007,41st Annual World Finals of the ACM International Collegiate Programming Contest,2017-05-24,"Rapid City, SD, USA",,,"https://zibada.guru/finals/2017/, https://web.archive.org/web/20171026224300/https://icpc.baylor.edu/scoreboard/",,https://cphof.org/standings/icpc/2017,,,Yes
,wf-2016,wf-2017,-,2745,40th Annual World Finals of the ACM International Collegiate Programming Contest,2016-05-20,"Phuket, Thailand",,,"https://zibada.guru/finals/2016/, https://web.archive.org/web/20170203185935/https://icpc.baylor.edu/scoreboard/",,https://cphof.org/standings/icpc/2016,,,Yes
,wf-2015,wf-2016,-,2409,39th Annual World Finals of the ACM International Collegiate Programming Contest,2015-05-20,"Marrakech, Morocco",,,"http://web.archive.org/web/20160315094603/http://board.acmicpc.info/icpc2015/board.php, '",,https://cphof.org/standings/icpc/2015,,,Yes
,wf-2014,wf-2015,-,1811,38th Annual World Finals of the ACM International Collegiate Programming Contest,2014-06-26,"Yekaterinburg, Russia",,,"http://web.archive.org/web/20191217131634/http://board.acmicpc.info/icpc2014/board.php, https://web.archive.org/web/20141027084221/http://icpc.baylor.edu/scoreboard/",,https://cphof.org/standings/icpc/2014,,,Yes
,wf-2013,wf-2014,-,1299,37th Annual World Finals of the ACM International Collegiate Programming Contest,2013-07-04,"St. Petersburg, Russia",,,"http://web.archive.org/web/20191217131504/http://board.acmicpc.info/icpc2013/board.php, https://web.archive.org/web/20140220034727/http://icpc.baylor.edu/scoreboard",,https://cphof.org/standings/icpc/2013,,,Yes
,wf-2012,wf-2013,-,742,36th Annual World Finals of the ACM International Collegiate Programming Contest,2012-05-18,"Warsaw, Poland",,,"https://zibada.guru/finals/2012/, http://web.archive.org/web/20191217131359/http://board.acmicpc.info/icpc2012/board.php, https://web.archive.org/web/20130118153249/http://icpc.baylor.edu/scoreboard/",,https://cphof.org/standings/icpc/2012,,,Yes
,wf-2011,wf-2012,-,575,35th Annual World Finals of the ACM International Collegiate Programming Contest,2011-05-31,"Orlando, FL, USA",,,"https://zibada.guru/finals/2011/, http://web.archive.org/web/20200117040243/http://board.acmicpc.info/icpc2011/board.php, https://web.archive.org/web/20120417182049/http://icpc.baylor.edu/scoreboard",,https://cphof.org/standings/icpc/2011,,,Yes
,wf-2010,wf-2011,-,490,34th Annual World Finals of the ACM International Collegiate Programming Contest,2010-02-05,"Harbin, China",,,https://zibada.guru/finals/2010/,,https://cphof.org/standings/icpc/2010,,,Yes
,wf-2009,wf-2010,-,1,33rd Annual World Finals of the ACM International Collegiate Programming Contest,2009-04-22,"Stockholm, Sweden",,,https://zibada.guru/finals/2009/,,https://cphof.org/standings/icpc/2009,,,Yes
,wf-2008,wf-2009,-,960,2008 ACM Programming Contest World Finals,2008-04-09,"Banff, Canada",,,https://zibada.guru/finals/2008/,,https://cphof.org/standings/icpc/2008,,,Yes
,wf-2007,wf-2008,-,1161,2007 ACM Programming Contest World Finals,2007-03-16,"Tokyo, Japan",,,https://zibada.guru/finals/2007/,,https://cphof.org/standings/icpc/2007,,,Yes
,wf-2006,wf-2007,-,1092,2006 ACM Programming Contest World Finals,2006-04-13,"San Antonio, TX, USA",,,,,https://cphof.org/standings/icpc/2006,,,Yes
,wf-2005,wf-2006,-,1068,2005 ACM Programming Contest World Finals,2005-04-07,"Shanghai, China",,,,,https://cphof.org/standings/icpc/2005,,,Yes
,wf-2004,wf-2005,-,1262,2004 ACM Programming Contest World Finals,2004-04-01,"Prague, Czechia",,,,,https://cphof.org/standings/icpc/2004,,,Yes
,wf-2003,wf-2004,-,1085,2003 ACM Programming Contest World Finals,2003-03-26,"Beverly Hills, CA, USA",,,,,https://cphof.org/standings/icpc/2003,,,Yes
,wf-2002,wf-2003,-,953,2002 ACM Programming Contest World Finals,2002-03-24,"Honolulu, HI, USA",,,,,https://cphof.org/standings/icpc/2002,,,Yes
,wf-2001,wf-2002,-,1037,2001 ACM Programming Contest World Finals,2001-03-10,"Vancouver, Canada",,,,,https://cphof.org/standings/icpc/2001,,https://icpc.global/community/results-2001,Yes
,wf-2000,wf-2001,-,1222,2000 ACM Programming Contest World Finals,2000-03-18,"Orlando, FL, USA",,,,,https://cphof.org/standings/icpc/2000,,,Yes
,wf-1999,wf-2000,-,1098,1999 ACM Programming Contest World Finals,1999-04-11,"Eindhoven, Netherlands",,https://icpc.global/community/history-icpc-1999,,,https://cphof.org/standings/icpc/1999,,https://icpc.global/community/results-1999,Yes
,wf-1998,wf-1999,-,pre-cms,,,"Atlanta, GA, USA",,https://icpc.global/community/history-icpc-1998,,,https://web.archive.org/web/20110102171708/http://icpc.baylor.edu/past/icpc98/Finals/Report/Standings.htm,,https://icpc.global/community/results-1998,Yes
,wf-1997,wf-1998,-,pre-cms,,,"San Jose, CA, USA",,https://icpc.global/community/history-icpc-1997,,,https://web.archive.org/web/20020112032248/http://icpc.baylor.edu/past/icpc97/Finals/Standings.html,https://web.archive.org/web/20110102183612fw_/http://icpc.baylor.edu/past/EarlyYears.html,https://icpc.global/community/results-1997,Yes
,wf-1996,wf-1997,-,pre-cms,,,"Philadelphia, PA, USA",,https://icpc.global/community/history-icpc-1996,,,"https://web.archive.org/web/20020112025353/http://icpc.baylor.edu/past/icpc96/Finals/Standings.html, https://www.eecis.udel.edu/~saunders/ACMstand96, https://web.archive.org/web/19961221001427/http://www.acm.org/contest/96/finals/standings.html",https://web.archive.org/web/20110102183612fw_/http://icpc.baylor.edu/past/EarlyYears.html,https://icpc.global/community/results-1996,Yes
,wf-1995,wf-1996,-,pre-cms,,,"Nashville, TN, USA",,https://icpc.global/community/history-icpc-1995,,,https://web.archive.org/web/20020327072004/http://icpc.baylor.edu/Past/icpc95/finals/Standings.html,https://web.archive.org/web/20110102183612fw_/http://icpc.baylor.edu/past/EarlyYears.html,https://icpc.global/community/results-1995,Yes
,wf-1994,wf-1995,-,pre-cms,,1994-03-09,"Phoenix, AZ, USA",,https://icpc.global/community/history-icpc-1994,,,"https://usenetarchives.com/view.php?id=comp.org.acm&mid=PG1ja2luLTExMDM5NDE2MDE1N0BybTMzNTRhMi5jcy5ieXUuZWR1Pg, https://web.archive.org/web/20001004032126id_/http://plg.uwaterloo.ca/~gvcormac/acmresults/1994.html",https://web.archive.org/web/20020327070938/http://icpc.baylor.edu/Past/icpc94/finals/Standings.html,https://icpc.global/community/results-1994,Yes
,wf-1993,wf-1994,-,pre-cms,,1993-02-17,"Indianapolis, IN, USA",,https://icpc.global/community/history-icpc-1993,,,,https://web.archive.org/web/20020327070135/http://icpc.baylor.edu/Past/icpc93/finals/Standings.html,https://icpc.global/community/results-1993,Yes
,wf-1992,wf-1993,-,pre-cms,,,"Kansas City, MO, USA",,https://icpc.global/community/history-icpc-1992,https://usenetarchives.com/view.php?id=comp.org.acm&mid=PDE5OTJNYXIxOS4xNzAwNTUuMjMyOEBtYWMuY2MubWFjYWxzdHIuZWR1Pg,,,https://web.archive.org/web/20020326203520/http://icpc.baylor.edu/Past/icpc92/finals/Standings.html,https://icpc.global/community/history-icpc-1992,Yes
,wf-1991,wf-1992,-,pre-cms,,1991-03-06,"San Antonio, TX, USA",,https://usenetarchives.com/view.php?id=comp.org.acm&mid=PDEyMjMyOUB0dXQuY2lzLm9oaW8tc3RhdGUuZWR1Pg,,,https://web.archive.org/web/20110102181045/http://icpc.baylor.edu/past/icpc91/finals/Standings.html,https://web.archive.org/web/20020326204232/http://icpc.baylor.edu/Past/icpc91/finals/Standings.html,https://icpc.global/community/history-icpc-1991,Yes
,wf-1990,wf-1991,-,pre-cms,,,"Washington, DC, USA",,https://web.archive.org/web/20110102183612fw_/http://icpc.baylor.edu/past/EarlyYears.html,,,,https://web.archive.org/web/20020326204232/http://icpc.baylor.edu:80/Past/icpc91/finals/Standings.html,https://icpc.global/community/history-icpc-1990,Yes
,wf-1989,wf-1990,-,pre-cms,,,"Louisville, KY, USA",,https://web.archive.org/web/20110102183612fw_/http://icpc.baylor.edu/past/EarlyYears.html,,,,,,
,wf-1988,wf-1989,-,pre-cms,12th Annual ACM Scholastic Programming Contest ,1988-02-24,"Atlanta, GA, USA",,https://web.archive.org/web/20110102183612fw_/http://icpc.baylor.edu/past/EarlyYears.html,,,,,,
,wf-1987,wf-1988,-,pre-cms,,,"St. Louis, MO, USA",,https://web.archive.org/web/20110102183612fw_/http://icpc.baylor.edu/past/EarlyYears.html,,,,,,
,wf-1986,wf-1987,-,pre-cms,,,"Cincinatti, OH, USA",,https://web.archive.org/web/20110102183612fw_/http://icpc.baylor.edu/past/EarlyYears.html,,,,,,
,wf-1985,wf-1986,-,pre-cms,,,"New Orleans, LA, USA",,https://web.archive.org/web/20110102183612fw_/http://icpc.baylor.edu/past/EarlyYears.html,,,,,,
,wf-1984,wf-1985,-,pre-cms,,,"Philadelphia, PA, USA",,https://web.archive.org/web/20110102183612fw_/http://icpc.baylor.edu/past/EarlyYears.html,,,,,,
,wf-1983,wf-1984,-,pre-cms,,,"Melbourne, FL, USA",,https://web.archive.org/web/20110102183612fw_/http://icpc.baylor.edu/past/EarlyYears.html,,,,,,
,wf-1982,wf-1983,-,pre-cms,,,"Indianapolis, IN, USA",,https://web.archive.org/web/20110102183612fw_/http://icpc.baylor.edu/past/EarlyYears.html,,,,,,
,wf-1981,wf-1982,-,pre-cms,,,"St. Louis, MO, USA",,https://web.archive.org/web/20110102183612fw_/http://icpc.baylor.edu/past/EarlyYears.html,,,,,,
,wf-1980,wf-1981,-,pre-cms,,,"Kansas City, MO, USA",,https://web.archive.org/web/20110102183612fw_/http://icpc.baylor.edu/past/EarlyYears.html,,,,,,
,wf-1979,wf-1980,-,pre-cms,,,"Dayton, OH, USA",,https://web.archive.org/web/20110102183612fw_/http://icpc.baylor.edu/past/EarlyYears.html,,,,,,
,wf-1978,wf-1979,-,pre-cms,,1978-02-22,"Detroid, MI, USA",,https://web.archive.org/web/20110102183612fw_/http://icpc.baylor.edu/past/EarlyYears.html,,,,,,
,wf-1977,wf-1978,-,pre-cms,,1977-02-02,"Atlanta, GA, USA",,https://web.archive.org/web/20110102183612fw_/http://icpc.baylor.edu/past/EarlyYears.html,,,,,,
future,euc-2027,-,wf-2027,9564,2027 ICPC Europe Championship,2027-02-14,,,,,,,,,
,euc-2026,euc-2027,wf-2026,9342,2026 ICPC Europe Championship,2026-02-08,,,,https://scoreboard.euc.icpc.global/,,,,,Yes
,euc-2025,euc-2026,wf-2025,8960,2025 ICPC Europe Championship,2025-03-02,,,,https://www.domjudge.org/scoreboard/euc2025/,,,,,Yes
,euc-2024,euc-2025,wf-2024,8402,2024 ICPC Europe Championship,2024-03-24,,,,https://www.domjudge.org/scoreboard/euc2024/,,,,,Yes
future,nwerc-2026,-,euc-2027,9582,2026 ICPC Northwestern Europe Regional Contest,,,,,,,,,,
,nwerc-2025,nwerc-2026,euc-2026,9371,2025 ICPC Northwestern Europe Regional Contest,2025-11-30,,,https://2025.nwerc.eu/,https://chipcie.wisv.ch/archive/2025/nwerc/scoreboard/,,,,,Yes
,nwerc-2024,nwerc-2025,euc-2025,9006,2024 ICPC Northwestern Europe Regional Contest,2024-11-24,,,https://2024.nwerc.eu/,https://chipcie.wisv.ch/archive/2024/nwerc/scoreboard/,,,,,Yes
,nwerc-2023,nwerc-2024,euc-2024,7596,2023 ICPC Northwestern Europe Regional Contest,2023-11-26,,,https://2023.nwerc.eu/,https://chipcie.wisv.ch/archive/2023/nwerc/scoreboard/,,,,,Yes
,nwerc-2022,nwerc-2023,wf-2023,5402,2022 ICPC Northwestern Europe Regional Contest,2022-11-27,,,https://2022.nwerc.eu/,https://chipcie.wisv.ch/archive/2022/nwerc/scoreboard/,,,,,Yes
,nwerc-2021,nwerc-2022,wf-2022,4926,2021 ICPC Northwestern Europe Regional Contest,2021-11-21,,,https://2021.nwerc.eu/,https://2021.nwerc.eu/standings/,,,,,Yes
,nwerc-2020,nwerc-2021,wf-2021,4507,2020 Northwestern Europe Regional Contest,2021-03-27,,,https://2020.nwerc.eu/,https://2020.nwerc.eu/standings/,,,,,Yes
,nwerc-2019,nwerc-2020,wf-2020,4147,2019 Northwestern Europe Regional Contest,2019-11-17,,,https://2019.nwerc.eu/,https://web.archive.org/web/20201231135925/https://2019.nwerc.eu/scoreboard/,,,,,Yes
,nwerc-2018,nwerc-2019,wf-2019,3655,2018 Northwestern Europe Regional Contest,2018-11-25,,,https://2018.nwerc.eu/,https://web.archive.org/web/20190615171114/https://2018.nwerc.eu/scoreboard/public/,,,,,Yes
,nwerc-2017,nwerc-2018,wf-2018,3274,2017 Northwestern Europe Regional Contest,2017-11-26,,,https://people.bath.ac.uk/masjhd/NWERC/index.html,https://web.archive.org/web/20180202201742/http://nwerc2017-scoreboard.bath.ac.uk/static/scoreboard/static.html,,,,,Yes
,nwerc-2016,nwerc-2017,wf-2017,3115,2016 Northwestern Europe Regional Contest,2016-11-20,,,https://people.bath.ac.uk/masjhd/2016.NWERC/,https://web.archive.org/web/20170528144000/http://nwerc2016-scoreboard.bath.ac.uk/static/scoreboard/static.html,,,,,Yes
,nwerc-2015,nwerc-2016,wf-2016,2780,2015 Northwestern Europe Regional Contest,2015-11-29,,,http://2015.nwerc.eu/,https://web.archive.org/web/20160305082809/http://www.nwerc.eu/scoreboard/,,,,,Yes
,nwerc-2014,nwerc-2015,wf-2015,2688,2014 Northwestern Europe Regional Contest,2014-11-30,,,http://2014.nwerc.eu/,https://web.archive.org/web/20170425044228/http://2014.nwerc.eu/scoreboard/,,,,,Yes
,nwerc-2013,nwerc-2014,wf-2014,2018,2013 Northwestern Europe Regional Contest,2013-11-24,,,https://2013.nwerc.eu/,https://2013.nwerc.eu/en/results/scoreboard/,,,,,Yes
,nwerc-2012,nwerc-2013,wf-2013,1340,2012 Northwestern Europe Regional Contest,2012-11-25,,,https://2012.nwerc.eu/,https://2012.nwerc.eu/en/results/scoreboard/,,,,,Yes
,nwerc-2011,nwerc-2012,wf-2012,789,2011 Northwestern Europe Regional Contest,2011-11-27,,,https://web.archive.org/web/20160315105128/http://2011.nwerc.eu/index.php,https://web.archive.org/web/20160315102127/http://2011.nwerc.eu/score/final.html,,,,,Yes
,nwerc-2010,nwerc-2011,wf-2011,614,2010 Northwestern Europe Regional Contest,2010-11-21,,,https://web.archive.org/web/20120120232737/http://2010.nwerc.eu/results.php,https://web.archive.org/web/20110301020132/http://2010.nwerc.eu/score/,,,,,Yes
,nwerc-2009,nwerc-2010,wf-2010,539,2009 Northwestern Europe Contest,2009-11-08,,,https://web.archive.org/web/20110810162905/http://2009.nwerc.eu/index.php,https://web.archive.org/web/20091112154357/http://2009.nwerc.eu/results/,,,,,Yes
,nwerc-2008,nwerc-2009,wf-2009,25,2008 Northwestern Europe Contest,2008-11-23,,,http://2008.nwerc.eu/,https://web.archive.org/web/20210923220245/http://2008.nwerc.eu/live/scoreboard,,,,,Yes
,nwerc-2007,nwerc-2008,wf-2008,1017,2007 ACM Northwestern Europe Programming Contest,2007-11-18,,,http://2007.nwerc.eu/,https://web.archive.org/web/20201230152432/http://2007.nwerc.eu/live/scoreboard,,,,,Yes
,nwerc-2006,nwerc-2007,wf-2007,1210,2006 ACM Northwestern Europe Programming Contest,2006-11-19,,,https://www.csc.kth.se/contest/nwerc/2006/,https://www.csc.kth.se/contest/nwerc/2006/results/results.html,,,,,Yes
,nwerc-2005,nwerc-2006,wf-2006,1071,2005 ACM Northwestern Europe Programming Contest,,,,https://www.csc.kth.se/contest/nwerc/2005/,https://www.csc.kth.se/contest/nwerc/2005/results/results.html,,,,,Yes
,nwerc-2004,nwerc-2005,wf-2005,1070,2004 ACM Northwestern Europe Programming Contest,2004-11-14,,,https://fileadmin.cs.lth.se/contest/nwerc/,https://web.archive.org/web/20050412103343fw_/http://www.cs.lth.se/contest/nwerc/results2004.html,,,,,Yes
,nwerc-2003,nwerc-2004,wf-2004,1286,2003 ACM Northwestern Europe Programming Contest,2003-11-16,,,https://fileadmin.cs.lth.se/contest/nwerc/nwerc2003.html,https://web.archive.org/web/20040106020210fw_/http://www.cs.lth.se/contest/nwerc/results2003.html,,,,,Yes
,nwerc-2002,nwerc-2003,wf-2003,1176,2002 ACM Northwestern Europe Programming Contest,2002-11-17,,,https://2002.nwerc.eu/,https://chipcie.wisv.ch/archive/2002/nwerc/score-final-wc.html,,,,,Yes
,nwerc-2001,nwerc-2002,wf-2002,1193,2001 ACM Northwestern Europe Programming Contest,2001-11-04,,,https://web.archive.org/web/20031125021843/http://icpc.tu-darmstadt.de/,"https://web.archive.org/web/20031006200811/http://icpc.tu-darmstadt.de/standings/, https://web.archive.org/web/20020908025153/http://icpc.tu-darmstadt.de/standings/sumatt, https://web.archive.org/web/20020424070616/http://icpc.tu-darmstadt.de/standings/sumtime",,https://web.archive.org/web/20031006200811/http://icpc.tu-darmstadt.de/standings/,,,Yes
,nwerc-2000,nwerc-2001,wf-2001,1202,2000 ACM Northwestern Europe Programming Contest,2000-11-19,,,https://web.archive.org/web/20020612071907/http://www.pi.informatik.tu-darmstadt.de/acm-contest/2000/nwerc/welcome,"https://web.archive.org/web/20010124070700/http://icpc.tu-darmstadt.de/standings/, https://web.archive.org/web/20010127210500/http://icpc.tu-darmstadt.de/standings/sumatt, https://web.archive.org/web/20010127213700/http://icpc.tu-darmstadt.de/standings/sumtime",,https://web.archive.org/web/20010124070700/http://icpc.tu-darmstadt.de/standings/,,,Yes
,nwerc-1999,nwerc-2000,wf-2000,1167,1999 ACM Northwestern Europe Programming Contest,1999-11-14,,,https://web.archive.org/web/20040904181649/http://icpc.baylor.edu/past/icpc2000/regionals/NWERC99/Report.html,,,https://web.archive.org/web/20070205103953/http://icpc.baylor.edu:80/past/icpc2000/regionals/NWERC99/Standings.html,,,Yes
,nwerc-1998,nwerc-1999,wf-1999,1267,1998 ACM Northwestern Europe Programming Contest,1998-11-22,,,https://web.archive.org/web/20041220081425/http://icpc.baylor.edu/past/icpc99/Regionals/NWERC98/Default.htm,,,https://web.archive.org/web/20100710004141/http://icpc.baylor.edu/past/icpc99/Regionals/NWERC98/Standings.htm,,,Yes
,nwerc-1997,nwerc-1998,wf-1998,pre-cms,,1997-11-23,,,https://web.archive.org/web/19980121151309/http://ch.twi.tudelft.nl/~acm/,https://web.archive.org/web/19980121164640fw_/http://ch.twi.tudelft.nl/~acm/score.html,,,,,Yes
,nwerc-1996,nwerc-1997,wf-1997,pre-cms,,,,,,,,,,,
,nwerc-1995,nwerc-1996,wf-1996,pre-cms,,,,,,,,,,,
,werc-1994,nwerc-1995,wf-1995,pre-cms,1994 Western European Regional Contest,,,,,,,,,,
,werc-1993,werc-1994,wf-1994,pre-cms,1993 Western European Regional Contest,,,,,,,,,,
,werc-1992,werc-1993,wf-1993,pre-cms,1992 Western European Regional Contest,,,,,,,,,,
,erc-1991,werc-1992,wf-1992,pre-cms,1991 European Regional Contest,,,,,,,,,,
,erc-1990,erc-1991,wf-1991,pre-cms,1990 European Regional Contest,1990-11-02,,,https://usenetarchives.com/view.php?id=dnet.general&mid=PDQzNDBAdHVtaW5mbzEubGFuLmluZm9ybWF0aWsudHUtbXVlbmNoZW4uZGJwLmRlPg,https://chipcie.wisv.ch/archive/1990/nwercpc/scoreboard.pdf,,,,,Yes
,erc-1989,erc-1990,wf-1990,pre-cms,1989 European Regional Contest,,,,,,,,,,
,erc-1988,erc-1989,wf-1989,pre-cms,1988 European Regional Contest,,,,,,,,,,
,mcerc-2000,nwerc-2001,wf-2001,1276,2000 ACM Mid-Central European Programming Contest,2000-11-19,,,https://web.archive.org/web/20020606025303/http://acm.informatik.uni-freiburg.de/,https://web.archive.org/web/20020609211327/http://acm.informatik.uni-freiburg.de/2000/ranking/,,,,,Yes
,mcerc-1999,mcerc-2000,wf-2000,1000,1999 ACM Mid-Central European Programming Contest,1999-11-21,,,https://web.archive.org/web/20020606025303/http://acm.informatik.uni-freiburg.de/,https://web.archive.org/web/20020802110825/http://acm.informatik.uni-freiburg.de/1999/ranking/,,,,,Yes
future,nordic-2026,-,nwerc-2026,9587,2026 ICPC Nordic Collegiate Programming Contest,,,,,,,,,,
,nordic-2025,nordic-2026,nwerc-2025,9374,2025 ICPC Nordic Collegiate Programming Contest,2025-10-04,,,https://nordic.icpc.io/ncpc2025/,https://ncpc25.kattis.com/contests/ncpc25/standings,,,,,Yes
,nordic-2024,nordic-2025,nwerc-2024,9011,2024 ICPC Nordic Collegiate Programming Contest,2024-10-05,,,https://nordic.icpc.io/ncpc2024/,https://ncpc24.kattis.com/contests/ncpc24/standings/6261,,,,,Yes
,nordic-2023,nordic-2024,nwerc-2023,7600,2023 ICPC Nordic Collegiate Programming Contest,2023-10-07,,,https://nordic.icpc.io/ncpc2023/,https://ncpc23.kattis.com/contests/ncpc23/standings,,,,,Yes
,nordic-2022,nordic-2023,nwerc-2022,5403,2022 ICPC Nordic Collegiate Programming Contest,2022-10-08,,,https://nordic.icpc.io/ncpc2022/,https://ncpc22.kattis.com/contests/ncpc22/standings,,,,,Yes
,nordic-2021,nordic-2022,nwerc-2021,4931,2021 ICPC Nordic Collegiate Programming Contest,2021-10-09,,,https://nordic.icpc.io/ncpc2021/,https://ncpc21.kattis.com/contests/ncpc21/standings,,,,,Yes
,nordic-2020,nordic-2021,nwerc-2020,4510,2020 Nordic Collegiate Programming Contest,2020-11-07,,,https://nordic.icpc.io/ncpc2020/,https://ncpc20.kattis.com/contests/ncpc20/standings,,,,,Yes
,nordic-2019,nordic-2020,nwerc-2019,4152,2019 Nordic Collegiate Programming Contest,2019-10-05,,,https://nordic.icpc.io/ncpc2019/,https://ncpc19.kattis.com/contests/ncpc19/standings,,,,,Yes
,nordic-2018,nordic-2019,nwerc-2018,3656,2018 Nordic Collegiate Programming Contest,2018-10-06,,,https://nordic.icpc.io/ncpc2018/,https://ncpc18.kattis.com/contests/ncpc18/standings,,,,,Yes
,nordic-2017,nordic-2018,nwerc-2017,3276,2017 Nordic Collegiate Programming Contest,2017-10-07,,,https://nordic.icpc.io/ncpc2017/,https://ncpc17.kattis.com/contests/ncpc17/standings,,,,,Yes
,nordic-2016,nordic-2017,nwerc-2016,3120,2016 Nordic Collegiate Programming Contest,2016-10-08,,,https://nordic.icpc.io/ncpc2016/,https://ncpc16.kattis.com/contests/ncpc16/standings,,,,,Yes
,nordic-2015,nordic-2016,nwerc-2015,2785,2015 Nordic Collegiate Programming Contest,2015-10-10,,,https://nordic.icpc.io/ncpc2015/,https://ncpc15.kattis.com/contests/ncpc15/standings,,,,,Yes
,nordic-2014,nordic-2015,nwerc-2014,2693,2014 Nordic Collegiate Programming Contest,2014-10-04,,,https://nordic.icpc.io/ncpc2014/,https://ncpc14.kattis.com/contests/s3f31fa/standings,,,,,Yes
,nordic-2013,nordic-2014,nwerc-2013,2019,2013 Nordic Collegiate Programming Contest,2013-10-05,,,https://nordic.icpc.io/ncpc2013/,https://web.archive.org/web/20160719225554/http://ncpc13.contest.scrool.se/standings/,,,,,Yes
,nordic-2012,nordic-2013,nwerc-2012,1341,2012 Nordic Collegiate Programming Contest,2012-10-06,,,https://nordic.icpc.io/ncpc2012/,https://web.archive.org/web/20181121100538/http://ncpc12.contest.scrool.se/standings/,,,,,Yes
,nordic-2011,nordic-2012,nwerc-2011,791,2011 Nordic Collegiate Programming Contest,2011-10-01,,,https://nordic.icpc.io/ncpc2011/,https://web.archive.org/web/20181119175412/http://ncpc2011.contest.scrool.se/standings/,,,,,Yes
,nordic-2010,nordic-2011,nwerc-2010,615,2010 Nordic Collegiate Programming Contest,2010-10-02,,,https://nordic.icpc.io/ncpc2010/,https://nordic.icpc.io/ncpc2010/scoreboard,,,,,Yes
,nordic-2009,nordic-2010,nwerc-2009,540,2009 Nordic Collegiate Programming Contest,2009-10-03,,,https://nordic.icpc.io/ncpc2009/,https://www.csc.kth.se/contest/ncpc/2009/standings/,,,,,Yes
,nordic-2008,nordic-2009,nwerc-2008,50,2008 Nordic Collegiate Programming Contest,2008-10-04,,,https://nordic.icpc.io/ncpc2008/,https://www.csc.kth.se/contest/ncpc/2008/standings/,,,,,Yes
,nordic-2007,nordic-2008,nwerc-2007,1226,2007 Nordic Collegiate Programming Contest,2007-10-06,,,https://nordic.icpc.io/ncpc2007/,https://www.csc.kth.se/contest/ncpc/2007/standings/,,,,,Yes
,nordic-2006,nordic-2007,nwerc-2006,1060,2006 Nordic Collegiate Programming Contest,2006-09-30,,,https://nordic.icpc.io/ncpc2006/,https://www.csc.kth.se/contest/ncpc/2006/ncpc.html,,,,,Yes
,nordic-2005,nordic-2006,nwerc-2005,1066,2005 Nordic Collegiate Programming Contest,2005-10-01,,,https://nordic.icpc.io/ncpc2005/,https://web.archive.org/web/20060105025117/http://www.nada.kth.se/contest/ncpc/2005/final/ncpc.html,,,,,Yes
,nordic-2004,nordic-2005,nwerc-2004,n/a,,2004-10-02,,,,https://www.ida.liu.se/projects/progcontest/progsm/2004/nmsm2004-summary.html,,,,,Yes
,nordic-2003,nordic-2004,nwerc-2003,n/a,,2003-09-27,,,,https://www.ida.liu.se/projects/progcontest/progsm/2003/prognm2003-final.html,,,,,Yes
,nordic-2002,nordic-2003,nwerc-2002,n/a,,2002-09-28,,,https://www.ida.liu.se/projects/progcontest/progsm/2002/,https://www.ida.liu.se/projects/progcontest/progsm/2002/,,,,,Yes
,sweden-2001,nordic-2002,nwerc-2001,n/a,,2001-10-06,,,https://fileadmin.cs.lth.se/contest/c01/,https://fileadmin.cs.lth.se/contest/c01/,,,,,Yes
,sweden-2000,sweden-2001,nwerc-2000,n/a,,2000-09-30,,,https://fileadmin.cs.lth.se/contest/c00/,https://fileadmin.cs.lth.se/contest/c00/,,,,,Yes
,sweden-1999,sweden-2000,nwerc-1999,n/a,,1999-09-25,,,https://fileadmin.cs.lth.se/contest/c99/,https://fileadmin.cs.lth.se/contest/c99/,,,,,Yes
,sweden-1998,sweden-1999,nwerc-1998,n/a,,1998-09-26,,,https://fileadmin.cs.lth.se/contest/c98/,https://fileadmin.cs.lth.se/contest/c98/,,,,,Yes
,sweden-1997,sweden-1998,nwerc-1997,pre-cms,,1997-09-27,,,https://fileadmin.cs.lth.se/contest/c97/,https://fileadmin.cs.lth.se/contest/c97/,,,,,Yes
,sweden-1996,sweden-1997,nwerc-1996,pre-cms,Svenskt mästerskap 1996,1996-09-28,,,https://fileadmin.cs.lth.se/contest/c96/,https://fileadmin.cs.lth.se/contest/c96/,,,,,Yes
,norway-2001,nordic-2002,nwerc-2001,n/a,,2001-09-29,,,https://web.archive.org/web/20151023235214/http://heim.ifi.uio.no/~db/nm-i-programmering/nm2001/,https://web.archive.org/web/20070706233520/http://heim.ifi.uio.no/~db/nm-i-programmering/nm2001/resultater.html,,,,,
,norway-2000,norway-2001,nwerc-2000,n/a,,2000-10-21,,,https://web.archive.org/web/20011006203937/http://www.ifi.uio.no/~db/nm-i-programmering/nm2000/,https://web.archive.org/web/20011122180630/http://www.ifi.uio.no/~db/nm-i-programmering/nm2000/status.shtml,,,,,
,bergen-2021,-,n/a,n/a,2021 Bergen Open,,,,https://web.archive.org/web/20250429150635/https://contest.ii.uib.no/bgopen/2021/,https://bergen-open21.kattis.com/contests/bergen-open21/standings,,,,,Yes
,bergen-2019,bergen-2021,n/a,n/a,2019 Bergen Open,,,,https://web.archive.org/web/20241008203222/https://contest.ii.uib.no/bgopen/2019/,https://bergen-open19.kattis.com/contests/bergen-open19/standings,,,,,Yes
,bergen-2018,bergen-2019,n/a,n/a,2018 Bergen Open,,,,https://web.archive.org/web/20250330054423/https://contest.ii.uib.no/bgopen/2018/,https://bergen-open18.kattis.com/contests/bergen-open18/standings,,,,,Yes
,kth-2022,-,n/a,n/a,2022 KTH Challenge,,,,,https://kthchallenge22.kattis.com/contests/kthchallenge22/standings,,,,,Yes
,kth-2021,kth-2022,n/a,n/a,,,,,,https://kthchallenge21.kattis.com/contests/rezs4f/standings,,,,,Yes
,kth-2020,kth-2021,n/a,n/a,,,,,,https://kthchallenge20.kattis.com/contests/vx2g48/standings,,,,,Yes
,kth-2019,kth-2020,n/a,n/a,,,,,,https://kthchallenge19.kattis.com/contests/oky2p8/standings,,,,,Yes
,kth-2018,kth-2019,n/a,n/a,,,,,,https://kthchallenge18.kattis.com/contests/kthchallenge18/standings,,,,,Yes
,kth-2017,kth-2018,n/a,n/a,,,,,,https://kthchallenge17.kattis.com/contests/dyf9q8/standings,,,,,Yes
,kth-2016,kth-2017,n/a,n/a,,,,,,https://kthchallenge16.kattis.com/contests/s6ksft/standings,,,,,Yes
,kth-2015,kth-2016,n/a,n/a,,,,,,https://kthchallenge15.kattis.com/contests/kth2015/standings,,,,,Yes
,kth-2014,kth-2015,n/a,n/a,,,,,,https://kthchallenge14.kattis.com/contests/fbmwtxaqtuus/standings,,,,,Yes
,kth-2013,kth-2014,n/a,n/a,,,,,,https://web.archive.org/web/20180224070712/http://challenge.csc.kth.se/2013/results.html,,,,,Yes
,kth-2012,kth-2013,n/a,n/a,,,,,,https://web.archive.org/web/20130924020800/http://challenge.csc.kth.se/2012/results.html,,,,,Yes
,kth-2011,kth-2012,n/a,n/a,,,,,,https://web.archive.org/web/20170605113657/http://challenge.csc.kth.se/2011/results.html,,,,,Yes
,nada-2004,kth-2011,n/a,n/a,,2004-02-14,,,https://web.archive.org/web/20040626202643/http://www.nada.kth.se:80/theory/projects/contest/2004-02/NadaOpen/,https://web.archive.org/web/20040626202643/http://www.nada.kth.se:80/theory/projects/contest/2004-02/NadaOpen/,,,,,Yes
future,bapc-2026,-,nwerc-2026,9585,2026 ICPC Benelux Algorithm Programming Contest,,,,,,,,,,
,bapc-2025,bapc-2026,nwerc-2025,9372,2025 ICPC Benelux Algorithm Programming Contest,,,,https://2025.bapc.eu/,https://2025.bapc.eu/main/scoreboard/,,,,,Yes
,bapc-2024,bapc-2025,nwerc-2024,9008,2024 ICPC Benelux Algorithm Programming Contest,2024-10-26,,,https://2024.bapc.eu/,https://2024.bapc.eu/scoreboard/index.html,,,,,Yes
,bapc-2023,bapc-2024,nwerc-2023,7598,2023 ICPC Benelux Algorithm Programming Contest,2023-10-28,,,https://2023.bapc.eu/,https://2023.bapc.eu/static/scoreboard/index.html,,,,,Yes
,bapc-2022,bapc-2023,nwerc-2022,5406,2022 ICPC Benelux Algorithm Programming Contest,2022-10-22,,,https://web.archive.org/web/20241212073154/https://2022.bapc.eu/,https://web.archive.org/web/20241212073154/https://2022.bapc.eu/,,,,,Yes
,bapc-2021,bapc-2022,nwerc-2021,4929,2021 ICPC Benelux Algorithm Programming Contest,2021-10-30,,,https://web.archive.org/web/20241204024511/https://2021.bapc.eu/,https://web.archive.org/web/20240805024858/https://2021.bapc.eu/BAPC21.html,,,,,Yes
,bapc-2020,bapc-2021,nwerc-2020,4511,2020 Benelux Algorithm Programming Contest,2020-12-12,,,https://2020.bapc.eu/,https://2020.bapc.eu/scoreboard,,,,,Yes
,bapc-2019,bapc-2020,nwerc-2019,4150,2019 Benelux Algorithm Programming Contest,2019-10-19,,,https://2019.bapc.eu/,https://2019.bapc.eu/results.html,,,,,Yes
,bapc-2018,bapc-2019,nwerc-2018,3658,2018 Benelux Algorithm Programming Contest,2018-10-27,,,https://2018.bapc.eu/,https://2018.bapc.eu/results.html,,,,,Yes
,bapc-2017,bapc-2018,nwerc-2017,3278,2017 Benelux Algorithm Programming Contest,2017-10-07,,,https://2017.bapc.eu/,https://2017.bapc.eu/scoreboard/,,,,,Yes
,bapc-2016,bapc-2017,nwerc-2016,3116,2016 Benelux Algorithm Programming Contest,2016-10-22,,,https://2016.bapc.eu/,https://2016.bapc.eu/en/results/index.html,,,,,Yes
,bapc-2015,bapc-2016,nwerc-2015,2781,2015 Benelux Algorithm Programming Contest,2015-10-24,,,https://web.archive.org/web/20161018185706/http://2015.bapc.eu/,http://web.archive.org/web/20200928234741/https://2015.bapc.eu/results/bapc/public/,,,,,Yes
,bapc-2014,bapc-2015,nwerc-2014,2691,2014 Benelux Algorithm Programming Contest,2014-10-19,,,https://web.archive.org/web/20241114053912/https://2014.bapc.eu/,https://web.archive.org/web/20241014213557/https://2014.bapc.eu/scoreboards/bapc/,,,,,Yes
,bapc-2013,bapc-2014,nwerc-2013,2021,2013 Benelux Algorithm Programming Contest,2013-10-26,,,https://web.archive.org/web/20260209001756/https://2013.bapc.eu/,https://web.archive.org/web/20240529173034/https://2013.bapc.eu/Scoreboard.html,,,,,Yes
,bapc-2012,bapc-2013,nwerc-2012,1343,2012 Benelux Algorithm Programming Contest,2012-10-27,,,https://web.archive.org/web/20250623144827/http://2012.bapc.eu/,https://web.archive.org/web/20121204212250/http://www.a-eskwadraat.nl/Vereniging/Commissies/escapade/BAPC2012.html,,,,,Yes
,bapc-2011,bapc-2012,nwerc-2011,790,2011 Benelux Algorithm Programming Contest,2011-10-15,,,https://web.archive.org/web/20210304025052/http://2011.bapc.eu/,https://web.archive.org/web/20111219130118/http://bapc.eu/scoreboard/,,,,,Yes
,bapc-2010,bapc-2011,nwerc-2010,616,2010 Benelux Algorithm Programming Contest,2010-10-23,,,,https://web.archive.org/web/20101026091256/http://www.bapc.eu/scoreboard/,,,,,Yes
,bapc-2009,bapc-2010,nwerc-2009,541,2009 Benelux Algorithm Programming Contest,2009-10-17,,,https://web.archive.org/web/20120827164059/http://bapc.fmf.nl/,,,,,,
,bapc-2008,bapc-2009,nwerc-2008,51,2008 Benelux Algorithm Programming Contest,2008-10-25,,,https://2008.bapc.eu/,https://2008.bapc.eu/score.html,,,,,Yes
,bapc-2007,bapc-2008,nwerc-2007,1242,2007 Benelux Algorithm Programming Contest,2007-10-27,,,,https://web.archive.org/web/20071231183534/http://www.bapc.nl/scoreboard.html,,https://web.archive.org/web/20071117021320/http://www.bapc.nl/?p=standings,,,Yes
,bapc-2006,bapc-2007,nwerc-2006,1088,2006 Benelux Algorithm Programming Contest,2006-10-21,,,,,,,,,
,bapc-2005,bapc-2006,nwerc-2005,n/a,,,,,https://2005.bapc.eu/,https://2005.bapc.eu/results.shtml.html,,,,,Yes
future,bapc-prelims-2026,-,bapc-2026,9586,2026 ICPC BAPC Preliminaries,,,,,,,,,,
,bapc-prelims-2025,bapc-prelims-2026,bapc-2025,9373,2025 ICPC BAPC Preliminaries,,,,,https://2025.bapc.eu/prelims/scoreboard/,,,,,Yes
,bapc-prelims-2024,bapc-prelims-2025,bapc-2024,9009,2024 ICPC BAPC Preliminaries,2024-09-21,,,,https://chipcie.wisv.ch/archive/2024/dapc/scoreboard/merged.html,,,,,Yes
,bapc-prelims-2023,bapc-prelims-2024,bapc-2023,7599,2023 ICPC BAPC Preliminaries,2023-09-23,,,,https://2023.bapc.eu/static/prelim_scoreboard/index.html,,,,,Yes
,bapc-prelims-2022,bapc-prelims-2023,bapc-2022,5407,2022 ICPC BAPC Preliminaries,2022-10-01,,,,https://web.archive.org/web/20241212075750/https://2022.bapc.eu/preliminaries/scoreboard/,,,,,Yes
,bapc-prelims-2021,bapc-prelims-2022,bapc-2021,4930,2021 ICPC BAPC Preliminaries,2021-10-16,,,,https://web.archive.org/web/20250327100527/https://2021.bapc.eu/Prelim21.html,,,,,Yes
,bapc-prelims-2020,bapc-prelims-2021,bapc-2020,4512,2020 BAPC Preliminaries,2020-11-14,,,,https://2020.bapc.eu/scoreboard-preliminaries,,,,,Yes
,bapc-prelims-2019,bapc-prelims-2020,bapc-2019,4151,2019 BAPC Preliminaries,2019-09-21,,,,https://2019.bapc.eu/results.html#preliminaries-merged,,,,,Yes
,bapc-prelims-2018,bapc-prelims-2019,bapc-2018,3659,2018 BAPC Preliminaries,2018-09-29,,,,https://2018.bapc.eu/preliminaries.html,,,,,Yes
,bapc-prelims-2017,bapc-prelims-2018,bapc-2017,3279,2017 BAPC Preliminaries,2017-09-30,,,,https://2017.bapc.eu/scoreboard/preliminaries/,,,,,Yes
,bapc-prelims-2016,bapc-prelims-2017,bapc-2016,3117,2016 BAPC Preliminaries,2016-09-24,,,,https://web.archive.org/web/20210506030112/https://2016.bapc.eu/en/contest/preliminaries/,,,,,Yes
,bapc-prelims-2015,bapc-prelims-2016,bapc-2015,2782,2015 BAPC Preliminaries,,,,,,,,,,
,bapc-prelims-2014,bapc-prelims-2015,bapc-2014,2692,2014 BAPC Preliminaries,2014-09-27,,,,,,,,,
,bapc-prelims-2013,bapc-prelims-2014,bapc-2013,2022,2013 BAPC Preliminaries,2013-10-12,,,,,,,,,
,bapc-prelims-2012,bapc-prelims-2013,bapc-2012,1344,2012 BAPC Preliminaries,2012-10-06,,,,,,,,,
,bapc-prelims-2011,bapc-prelims-2012,bapc-2011,889,2011 BAPC Preliminaries,2011-10-01,,,,,,,,,
,bapc-prelims-2010,bapc-prelims-2011,bapc-2010,n/a,,,,,,,,,,,
,bapc-prelims-2009,bapc-prelims-2010,bapc-2009,n/a,,,,,,,,,,,
future,germany-2026,-,nwerc-2026,9583,2026 ICPC German Collegiate Programming Contest,2026-06-13,,,https://2026.gcpc.nwerc.eu/,,,,,,
,germany-2025,germany-2026,nwerc-2025,9375,2025 ICPC German Collegiate Programming Contest,,,,https://2025.gcpc.nwerc.eu/,https://2025.gcpc.nwerc.eu/results,,,,,Yes
,germany-2024,germany-2025,nwerc-2024,9010,2024 ICPC German Collegiate Programming Contest,,,,https://2024.gcpc.nwerc.eu/,https://2024.gcpc.nwerc.eu/results,,,,,Yes
,germany-2023,germany-2024,nwerc-2023,7601,2023 ICPC German Collegiate Programming Contest,,,,https://2023.gcpc.nwerc.eu/,https://2023.gcpc.nwerc.eu/results,,,,,Yes
,germany-2022,germany-2023,nwerc-2022,5405,2022 ICPC German Collegiate Programming Contest,,,,https://2022.gcpc.nwerc.eu/,https://2022.gcpc.nwerc.eu/results,,,,,Yes
,germany-2021,germany-2022,nwerc-2021,4928,2021 ICPC German Collegiate Programming Contest,,,,https://2021.gcpc.nwerc.eu/,https://2021.gcpc.nwerc.eu/,,,,,Yes
,germany-2020,germany-2021,nwerc-2020,4508,2020 German Collegiate Programming Contest,2020-11-21,,,https://2020.gcpc.nwerc.eu/,https://2020.gcpc.nwerc.eu/,,,,,Yes
,germany-2019,germany-2020,nwerc-2019,4148,2019 German Collegiate Programming Contest,2019-07-06,,,https://2019.gcpc.nwerc.eu/,https://2019.gcpc.nwerc.eu/,,,,,Yes
,germany-2018,germany-2019,nwerc-2018,3660,2018 German Collegiate Programming Contest,2018-06-16,,,https://2018.gcpc.nwerc.eu/,https://2018.gcpc.nwerc.eu/,,,,,Yes
,germany-2017,germany-2018,nwerc-2017,3277,2017 German Collegiate Programming Contest,2017-07-01,,,https://2017.gcpc.nwerc.eu/,https://2017.gcpc.nwerc.eu/,,,,,Yes
,germany-2016,germany-2017,nwerc-2016,3118,2016 German Collegiate Programming Contest,2016-06-04,,,https://2016.gcpc.nwerc.eu/,https://2016.gcpc.nwerc.eu/,,,,,Yes
,germany-2015,germany-2016,nwerc-2015,2784,2015 German Collegiate Programming Contest,2015-06-20,,,https://2015.gcpc.nwerc.eu/,https://2015.gcpc.nwerc.eu/,,,,,Yes
,germany-2014,germany-2015,nwerc-2014,2689,2014 German Collegiate Programming Contest,2014-05-24,,,https://2014.gcpc.nwerc.eu/,https://2014.gcpc.nwerc.eu/,,,,,Yes
,germany-2013,germany-2014,nwerc-2013,2020,2013 German Collegiate Programming Contest,2013-06-15,,,https://2013.gcpc.nwerc.eu/,https://2013.gcpc.nwerc.eu/,,,,,Yes
,germany-2012,germany-2013,nwerc-2012,1342,2012 German Collegiate Programming Contest,2012-06-30,,,https://2012.gcpc.nwerc.eu/,https://2012.gcpc.nwerc.eu/,,,,,Yes
,germany-2011,germany-2012,nwerc-2011,792,2011 German Collegiate Programming Contest,2011-07-02,,,https://2011.gcpc.nwerc.eu/,https://2011.gcpc.nwerc.eu/,,,,,Yes
,germany-2010,germany-2011,nwerc-2010,668,2010 German Collegiate Programming Contest,2010-06-12,,,https://2010.gcpc.nwerc.eu/,https://2010.gcpc.nwerc.eu/,,,,,Yes
future,ukiepc-2026,-,nwerc-2026,9584,2026 ICPC UK & Ireland Programming Contest,,,,https://ukiepc.info/2026/,,,,,,
,ukiepc-2025,ukiepc-2026,nwerc-2025,9376,2025 ICPC UK & Ireland Programming Contest,,,,https://ukiepc.info/2025/,https://ukiepc.info/2025/scoreboard/,,,,,Yes
,ukiepc-2024,ukiepc-2025,nwerc-2024,9007,2024 ICPC UK & Ireland Programming Contest,,,,https://ukiepc.info/2024/,https://ukiepc.info/2024/scoreboard/,,,,,Yes
,ukiepc-2023,ukiepc-2024,nwerc-2023,7597,2023 ICPC UK & Ireland Programming Contest,2023-10-21,,,https://ukiepc.info/2023/,https://ukiepc.info/2023/scoreboard/,,,,,Yes
,ukiepc-2022,ukiepc-2023,nwerc-2022,5404,2022 ICPC UK & Ireland Programming Contest,2022-10-29,,,https://ukiepc.info/2022/scoreboard/,https://ukiepc.info/2022/scoreboard/,,,,,Yes
,ukiepc-2021,ukiepc-2022,nwerc-2021,4927,2021 ICPC UK & Ireland Programming Contest,2021-10-30,,,https://ukiepc.info/2021/,https://ukiepc.info/2021/scoreboard/,,,,,Yes
,ukiepc-2020,ukiepc-2021,nwerc-2020,4509,2020 UK & Ireland Programming Contest,2020-12-12,,,http://ukiepc.info/2020/,https://ukiepc.info/2020/scoreboard/,,,,,Yes
,ukiepc-2019,ukiepc-2020,nwerc-2019,4149,2019 UK & Ireland Programming Contest,2019-10-19,,,http://ukiepc.info/2019/,https://ukiepc.info/2019/scoreboard/,,,,,Yes
,ukiepc-2018,ukiepc-2019,nwerc-2018,3657,2018 UK & Ireland Programming Contest,2018-10-20,,,http://ukiepc.info/2018/,https://ukiepc.info/2018/scoreboard/,,,,,Yes
,ukiepc-2017,ukiepc-2018,nwerc-2017,3275,2017 UK & Ireland Programming Contest,2017-10-21,,,http://ukiepc.info/2017/,https://ukiepc.info/2017/scoreboard/,,,,,Yes
,ukiepc-2016,ukiepc-2017,nwerc-2016,3119,2016 UK & Ireland Programming Contest,2016-10-29,,,https://ukiepc.info/2016/,https://ukiepc.info/2016/scoreboard/,,,,,Yes
,ukiepc-2015,ukiepc-2016,nwerc-2015,2783,2015 UK & Ireland Programming Contest,2015-10-24,,,http://ukiepc.info/2015/,https://ukiepc.info/2015/scoreboard/,,,,,Yes
,ukiepc-2014,ukiepc-2015,nwerc-2014,2690,2014 UK & Ireland Programming Contest,2014-10-04,,,http://ukiepc.info/2014/,https://ukiepc14.kattis.com/contests/s4a3c2c/standings,,,,,Yes
,ukiepc-2013,ukiepc-2014,nwerc-2013,2101,2013 UK & Ireland Programming Contest,2013-10-05,,,http://ukiepc.info/2013/,,,,,,
future,swerc-2026,-,euc-2027,9592,2026 ICPC Southwestern Europe Regional Contest,,,,https://swerc.eu/2026/,,,,,,
,swerc-2025,swerc-2026,euc-2026,9360,2025 ICPC Southwestern Europe Regional Contest,,,,https://swerc.eu/2025/,https://swerc.eu/2025/theme/scoreboard/,,,,,Yes
,swerc-2024,swerc-2025,euc-2025,8990,2024 ICPC Southwestern Europe Regional Contest,,,,https://swerc.eu/2024/,https://swerc.eu/2024/theme/scoreboard/,,,,,Yes
,swerc-2023,swerc-2024,euc-2024,7558,2023 ICPC Southwestern Europe Regional Contest,2024-01-28,,,https://swerc.eu/2023/,https://swerc.eu/2023/theme/scoreboard/domjudge.lip6.fr/public.html,,,,,Yes
,swerc-2022,swerc-2023,wf-2023,5408,2022 ICPC Southwestern Europe Regional Contest,2023-02-19,,,https://swerc.eu/2022/,https://swerc.eu/2022/theme/scoreboard/public/,,,,,Yes
,swerc-2021,swerc-2022,wf-2022,4900,2021 ICPC Southwestern Europe Regional Contest,2022-04-24,,,https://swerc.eu/2021/,https://swerc.eu/2021/theme/scoreboard/public/,,,,,Yes
,swerc-2020,swerc-2021,wf-2021,4513,2020-2021 Southwestern Europe Regional Contest,2021-03-07,,,https://swerc.eu/2020/,https://swerc.eu/2020/theme/scoreboard/index.html,,,,,Yes
,swerc-2019,swerc-2020,wf-2020,4127,2019-2020 Southwestern Europe Regional Contest,2020-01-26,,,https://swerc.eu/2019/,https://swerc.eu/2019/theme/scoreboard/public/,,,,,Yes
,swerc-2018,swerc-2019,wf-2019,3652,2018 Southwestern Europe Regional Contest,2018-12-02,,,https://swerc.eu/2018/,https://swerc.eu/2018/theme/scoreboard/public/,,,,,Yes
,swerc-2017,swerc-2018,wf-2018,3280,2017 Southwestern Europe Regional Contest,2017-11-26,,,https://swerc.eu/2017/,https://swerc.eu/2017/theme/results/official/public/,,,,,Yes
,swerc-2016,swerc-2017,wf-2017,3121,2016 Southwestern Europe Regional Contest,2016-11-20,,,https://web.archive.org/web/20180211101200/http://swerc.up.pt/2016/,https://web.archive.org/web/20171213122047/http://swerc.up.pt/2016/reports/ranking.html,,,,,Yes
,swerc-2015,swerc-2016,wf-2016,2769,2015 Southwestern Europe Regional Contest,2015-11-22,,,https://web.archive.org/web/20180205225559/http://swerc.up.pt/2015/,https://swerc.eu/2023/theme/cached/2015/,,,,,Yes
,swerc-2014,swerc-2015,wf-2015,2670,2014 Southwestern Europe Regional Contest,2014-11-23,,,https://web.archive.org/web/20171108204001/http://swerc.up.pt/2014/,https://swerc.eu/2023/theme/cached/2014/,,,,,Yes
,swerc-2013,swerc-2014,wf-2014,2023,2013 Southwestern Europe Regional Contest,2013-11-17,,,https://web.archive.org/web/20190210153149/http://users.dsic.upv.es/swerc/index.php,https://swerc.eu/2023/theme/cached/2013/,,,,,Yes
,swerc-2012,swerc-2013,wf-2013,1345,2012 Southwestern Europe Regional Contest,2012-11-18,,,https://web.archive.org/web/20190105190437/http://users.dsic.upv.es/swerc_12/problems.php,https://swerc.eu/2023/theme/cached/2012/,,,,,Yes
,swerc-2011,swerc-2012,wf-2012,787,2011 Southwestern Europe Regional Contest,2011-11-20,,,https://web.archive.org/web/20121128040137/http://pc.fdi.ucm.es/swerc/problems.php,https://swerc.eu/2023/theme/cached/2011/,,,,,Yes
,swerc-2010,swerc-2011,wf-2011,633,2010 Southwestern Europe Regional Contest,2010-11-21,,,https://web.archive.org/web/20190908081634/http://pc.fdi.ucm.es/swerc/swerc10/problems.php,https://swerc.eu/2023/theme/cached/2010/,,,,,Yes
,swerc-2009,swerc-2010,wf-2010,542,2009 Southwestern Europe Regional Contest,2009-11-01,,,https://web.archive.org/web/20200113031403/http://pc.fdi.ucm.es/swerc/swerc09/problems.php,https://swerc.eu/2023/theme/cached/2009/,,,,,Yes
,swerc-2008,swerc-2009,wf-2009,22,2008 Southwestern Europe Contest,2008-11-23,,,http://icpc.informatik.uni-erlangen.de/swerc2008/results.php,https://swerc.eu/2023/theme/cached/2008/,,,,,Yes
,swerc-2007,swerc-2008,wf-2008,1130,2007 ACM Southwestern Europe Programming Contest,2007-11-18,,,http://ctp.di.fct.unl.pt/~amd/cpn/2007swerc/official/,https://swerc.eu/2023/theme/cached/2007/,,,,,Yes
,swerc-2006,swerc-2007,wf-2007,1170,2006 ACM Southwestern Europe Programming Contest,2006-11-19,,,https://web.archive.org/web/20201008081619/https://sites.google.com/site/swerc2006/swerc2006results,https://swerc.eu/2023/theme/cached/2006/,,,,,Yes
,swerc-2005,swerc-2006,wf-2006,1140,2005 ACM Southwestern Europe Programming Contest,2005-11-20,,,,https://swerc.eu/2023/theme/cached/2005/,,,,,Yes
,swerc-2004,swerc-2005,wf-2005,1259,2004 ACM Southwestern Europe Programming Contest,2004-11-21,,,,https://swerc.eu/2023/theme/cached/2004/,,,,,Yes
,swerc-2003,swerc-2004,wf-2004,1240,2003 ACM Southwestern Europe Programming Contest,2003-11-16,,,,https://swerc.eu/2023/theme/cached/2003/,,,,,Yes
,swerc-2002,swerc-2003,wf-2003,1270,2002 ACM Southwestern Europe Programming Contest,2002-11-17,,,,https://swerc.eu/2023/theme/cached/2002/,,,,,Yes
,swerc-2001,swerc-2002,wf-2002,1160,2001 ACM Southwestern Europe Programming Contest,2001-11-18,,,,https://swerc.eu/2023/theme/cached/2001/,,,,,Yes
,swerc-2000,swerc-2001,wf-2001,1254,2000 ACM Southwestern Europe Programming Contest,2000-11-19,,,,,,https://swerc.eu/2023/theme/cached/2000/,,,Yes
,swerc-1999,swerc-2000,wf-2000,1112,1999 ACM Southwestern Europe Programming Contest,1999-11-21,,,,,,https://swerc.eu/2023/theme/cached/1999/,,,Yes
,swerc-1998,"swerc-1999, mcerc-1999",wf-1999,1075,1998 ACM Southwestern Europe Programming Contest,1998-11-01,,,,https://swerc.eu/2023/theme/cached/1998/,,,,,Yes
,swerc-1997,swerc-1998,wf-1998,pre-cms,,,,,,https://swerc.eu/2023/theme/cached/1997/,,,,,Yes
,swerc-1996,swerc-1997,wf-1997,pre-cms,,,,,https://web.archive.org/web/20090713080232/http://www.acm.inf.ethz.ch/ProblemSetArchive/B_EU_SWERC/1996/problems96.html,https://web.archive.org/web/20020625200248/http://www.acm.inf.ethz.ch/Ranklist.html,,,,,Yes
,swerc-1995,swerc-1996,wf-1996,pre-cms,,,,,https://web.archive.org/web/20030224200857/http://www.acm.inf.ethz.ch/ProblemSetArchive/B_EU_SWERC/1995/,,,,,,
,swerc-1994,swerc-1995,wf-1995,pre-cms,,,,,,,,,,,
,swerc-1993,swerc-1994,wf-1994,pre-cms,,,,,,,,,,,
future,cerc-2026,-,euc-2027,9588,2026 ICPC Central Europe Regional Contest,,,,,,,,,,
,cerc-2025,cerc-2026,euc-2026,9356,2025 ICPC Central Europe Regional Contest,,,,https://cerc25.ii.uni.wroc.pl/,https://cerc25.ii.uni.wroc.pl/results.html,,,,,Yes
,cerc-2024,cerc-2025,euc-2025,8979,2024 ICPC Central Europe Regional Contest,,,,https://cerc24.ii.uni.wroc.pl/,https://cerc24.ii.uni.wroc.pl/results.html,,,,,Yes
,cerc-2023,cerc-2024,euc-2024,7585,2023 ICPC Central Europe Regional Contest,2023-12-10,,,https://cerc2023.acm.si/,https://cerc2023.acm.si/#results,,,,,Yes
,cerc-2022,cerc-2023,wf-2023,5391,2022 ICPC Central Europe Regional Contest,2022-11-27,,,https://cerc2022.acm.si/,https://cerc2022.acm.si/#results,,,,,Yes
,cerc-2021,cerc-2022,wf-2022,4888,2021 ICPC Central Europe Regional Contest,2022-04-24,,,https://cerc2021.acm.si/,https://cerc2021.acm.si/#results,,,,,Yes
,cerc-2020,cerc-2021,wf-2021,4522,2020 Central Europe Regional Contest,2021-09-26,,,https://contest.felk.cvut.cz/20cerc/,https://contest.felk.cvut.cz/20cerc/rank.html,,,,,Yes
,cerc-2019,cerc-2020,wf-2020,4135,2019 Central Europe Regional Contest,2019-12-01,,,https://contest.felk.cvut.cz/20cerc/rank.html,https://contest.felk.cvut.cz/19cerc/rank.html,,,,,Yes
,cerc-2018,cerc-2019,wf-2019,3661,2018 Central Europe Regional Contest,2018-12-02,,,https://contest.felk.cvut.cz/18cerc/,https://contest.felk.cvut.cz/18cerc/rank.html,,,,,Yes
,cerc-2017,cerc-2018,wf-2018,3317,2017 Central Europe Regional Contest,2017-11-19,,,https://cerc.hsin.hr/index.php?page=home,https://cerc.hsin.hr/index.php?page=results,,,,,Yes
,cerc-2016,cerc-2017,wf-2017,3105,2016 Central Europe Regional Contest,2016-11-20,,,https://cerc.hsin.hr/2016/index.php?page=home,https://cerc.hsin.hr/2016/index.php?page=results,,,,,Yes
,cerc-2015,cerc-2016,wf-2016,2771,2015 Central Europe Regional Contest,2015-11-15,,,https://cerc.hsin.hr/2015/index.php?page=home,https://cerc.hsin.hr/2015/index.php?page=results,,,,,Yes
,cerc-2014,cerc-2015,wf-2015,2661,2014 Central Europe Regional Contest,2014-11-16,,,https://cerc.tcs.uj.edu.pl/2014/news.html,https://cerc.tcs.uj.edu.pl/2014/ranking.html,,,,,Yes
,cerc-2013,cerc-2014,wf-2014,2009,2013 Central Europe Regional Contest,2013-11-17,,,https://cerc.tcs.uj.edu.pl/2013/news.html,https://cerc.tcs.uj.edu.pl/2013/ranking.html,,,,,Yes
,cerc-2012,cerc-2013,wf-2013,1317,2012 Central Europe Regional Contest,2012-11-18,,,https://cerc.tcs.uj.edu.pl/2012/index.html,https://cerc.tcs.uj.edu.pl/2012/ranking.html,,,,,Yes
,cerc-2011,cerc-2012,wf-2012,768,2011 Central Europe Regional Contest,2011-11-13,,,https://contest.felk.cvut.cz/11cerc/,,,https://contest.felk.cvut.cz/11cerc/rank.html,,,Yes
,cerc-2010,cerc-2011,wf-2011,635,2010 Central Europe Regional Contest,2010-11-21,,,https://web.archive.org/web/20110925153432/http://cepc10.ii.uni.wroc.pl/index.html,,,https://web.archive.org/web/20110926214641/http://cepc10.ii.uni.wroc.pl/standings.html,,,Yes
,cerc-2009,cerc-2010,wf-2010,543,2009 Central Europe Contest,2009-11-08,,,http://cepc09.ii.uni.wroc.pl/index.html,,,https://web.archive.org/web/20091112131006/http://informatyka.wroc.pl:80/node/309,,,Yes
,cerc-2008,cerc-2009,wf-2009,23,2008 Central Europe Contest,2008-11-30,,,http://cepc08.ii.uni.wroc.pl/index.html,,,http://cepc08.ii.uni.wroc.pl/standings.html,,,Yes
,cerc-2007,cerc-2008,wf-2008,993,2007 ACM Central Europe Programming Contest,2007-11-11,,,https://contest.felk.cvut.cz/07cerc/index.html,,,https://contest.felk.cvut.cz/07cerc/rank.html,,,Yes
,cerc-2006,cerc-2007,wf-2007,1111,2006 ACM Central Europe Programming Contest,2006-11-19,,,https://web.archive.org/web/20090225181625/http://icpc.cs.bme.hu/main.php?p=1,,,https://web.archive.org/web/20090225181630/http://icpc.cs.bme.hu/main.php?p=12,,,Yes
,cerc-2005,cerc-2006,wf-2006,1235,2005 ACM Central Europe Programming Contest,2005-11-20,,,https://web.archive.org/web/20090225181625/http://icpc.cs.bme.hu/main.php?p=1,,,https://web.archive.org/web/20090225181630/http://icpc.cs.bme.hu/main.php?p=12,,,Yes
,cerc-2004,cerc-2005,wf-2005,1154,2004 ACM Central Europe Programming Contest,2004-11-21,,,https://web.archive.org/web/20090225181625/http://icpc.cs.bme.hu/main.php?p=1,,,https://web.archive.org/web/20090225181630/http://icpc.cs.bme.hu/main.php?p=12,,,Yes
,cerc-2003,cerc-2004,wf-2004,1171,2003 ACM Central Europe Programming Contest,2003-11-16,,,https://web.archive.org/web/20040402131539/http://cepc.mimuw.edu.pl/,,,https://web.archive.org/web/20040404130112/http://cepc.mimuw.edu.pl/pages/standings.html,,,Yes
,cerc-2002,cerc-2003,wf-2003,1177,2002 ACM Central Europe Programming Contest,2002-11-17,,,https://web.archive.org/web/20030327162528/http://cepc.mimuw.edu.pl/,,,https://web.archive.org/web/20030208043715/http://cepc.mimuw.edu.pl/pages/standings.html,,,Yes
,cerc-2001,cerc-2002,wf-2002,1216,2001 ACM Central Europe Programming Contest,2001-11-19,,,https://web.archive.org/web/20011219042830/http://cepc.mimuw.edu.pl:8002/,,,https://web.archive.org/web/20020207005607/http://cepc.mimuw.edu.pl:8002/results.htm,,,Yes
,cerc-2000,cerc-2001,wf-2001,1002,2000 ACM Central Europe Programming Contest,2000-11-12,,,https://contest.felk.cvut.cz/00cerc/,,,https://contest.felk.cvut.cz/00cerc/results.html,,,Yes
,cerc-1999,cerc-2000,wf-2000,1028,1999 ACM Central Europe Programming Contest,1999-11-13,,,https://contest.felk.cvut.cz/99cerc/,,,https://contest.felk.cvut.cz/99cerc/results.html,,,Yes
,cerc-1998,cerc-1999,wf-1999,1263,1998 ACM Central Europe Programming Contest,1998-11-14,,,https://contest.felk.cvut.cz/98cerc/,,,https://contest.felk.cvut.cz/98cerc/results.html,,,Yes
,cerc-1997,cerc-1998,wf-1998,pre-cms,,,,,https://web.archive.org/web/20090713062231/http://www.acm.inf.ethz.ch/ProblemSetArchive/B_EU_CERC/1997/index.html,,,,,,
,cerc-1996,cerc-1997,wf-1997,pre-cms,,,,,https://web.archive.org/web/20090713044510/http://www.acm.inf.ethz.ch/ProblemSetArchive/B_EU_CERC/1996/index.html,,,,,,
,cerc-1995,cerc-1996,wf-1996,pre-cms,,,,,https://web.archive.org/web/20090713045219/http://www.acm.inf.ethz.ch/ProblemSetArchive/B_EU_CERC/1995/index.html,,,,,,
future,ctuo-2026,-,cerc-2026,9591,2026 ICPC CTU Open,,,,,,,,,,
,ctuo-2025,ctuo-2026,cerc-2025,9358,2025 ICPC CTU Open,,,,https://contest.felk.cvut.cz/25prg/,https://contest.felk.cvut.cz/25prg/rank.html,,,,,Yes
,ctuo-2024,ctuo-2025,cerc-2024,8985,2024 ICPC CTU Open,,,,https://contest.felk.cvut.cz/24prg/,https://contest.felk.cvut.cz/24prg/rank.html,,,,,Yes
,ctuo-2023,ctuo-2024,cerc-2023,7592,2023 ICPC CTU Open,2023-10-21,,,https://contest.felk.cvut.cz/23prg/,https://contest.felk.cvut.cz/23prg/rank.html,,,,,Yes
,ctuo-2022,ctuo-2023,cerc-2022,5392,2022 ICPC CTU Open,2022-11-05,,,https://contest.felk.cvut.cz/22prg/,https://contest.felk.cvut.cz/22prg/rank.html,,,,,Yes
,ctuo-2021,ctuo-2022,cerc-2021,4895,2021 ICPC CTU Open,2021-11-27,,,https://contest.felk.cvut.cz/21prg/,https://contest.felk.cvut.cz/21prg/rank.html,,,,,Yes
,ctuo-2019,ctuo-2021,cerc-2019,4137,2019 CTU Open,2019-10-19,,,https://contest.felk.cvut.cz/19prg/,https://contest.felk.cvut.cz/19prg/rank.html,,,,,Yes
,ctuo-2018,ctuo-2019,cerc-2018,3662,2018 CTU Open,2018-10-20,,,https://contest.felk.cvut.cz/18prg/,https://contest.felk.cvut.cz/18prg/rank.html,,,,,Yes
,ctuo-2017,ctuo-2018,cerc-2017,3325,2017 CTU Open,2017-10-28,,,https://contest.felk.cvut.cz/17prg/,https://contest.felk.cvut.cz/17prg/rank.html,,,,,Yes
,ctuo-2016,ctuo-2017,cerc-2016,3113,2016 CTU Open,2016-10-22,,,https://contest.felk.cvut.cz/16prg/,https://contest.felk.cvut.cz/16prg/rank.html,,,,,Yes
,ctuo-2015,ctuo-2016,cerc-2015,2779,2015 CTU Open,2015-10-24,,,https://contest.felk.cvut.cz/15prg/,https://contest.felk.cvut.cz/15prg/rank.html,,,,,Yes
,ctuo-2014,ctuo-2015,cerc-2014,2667,2014 CTU Open,2014-10-18,,,https://contest.felk.cvut.cz/14prg/,https://contest.felk.cvut.cz/14prg/rank.html,,,,,Yes
,ctuo-2013,ctuo-2014,cerc-2013,2011,2013 CTU Open,2013-10-19,,,https://contest.felk.cvut.cz/13prg/,https://contest.felk.cvut.cz/13prg/rank.html,,,,,Yes
,ctuo-2012,ctuo-2013,cerc-2012,1319,2012 CTU Open,2012-10-27,,,https://contest.felk.cvut.cz/12prg/,https://contest.felk.cvut.cz/12prg/rank/public/,,,,,Yes
,ctuo-2011,ctuo-2012,cerc-2011,769,2011 CTU Open,2011-10-22,,,https://contest.felk.cvut.cz/11prg/,,,https://contest.felk.cvut.cz/11prg/rank.html,,,Yes
,ctuo-2010,ctuo-2011,cerc-2010,636,2010 CTU Open,2010-10-23,,,https://contest.felk.cvut.cz/10prg/,,,https://contest.felk.cvut.cz/10prg/rank.html,,,Yes
,ctuo-2009,ctuo-2010,cerc-2009,546,2009 CTU Open,2009-10-17,,,https://contest.felk.cvut.cz/09prg/,,,https://contest.felk.cvut.cz/09prg/rank.html,,,Yes
,ctuo-2008,ctuo-2009,cerc-2008,52,2008 CTU Open,2008-11-01,,,https://contest.felk.cvut.cz/08prg/,,,https://contest.felk.cvut.cz/08prg/rank.html,,,Yes
,ctuo-2007,ctuo-2008,cerc-2007,1144,2007 CTU Open,2007-10-20,,,https://contest.felk.cvut.cz/07prg/,,,https://contest.felk.cvut.cz/07prg/rank.html,,,Yes
,ctuo-2006,ctuo-2007,cerc-2006,n/a,,2006-10-28,,,https://contest.felk.cvut.cz/06prg/,,,https://contest.felk.cvut.cz/06prg/rank.html,,,Yes
,ctuo-2005,ctuo-2006,cerc-2005,n/a,,2005-10-15,,,https://contest.felk.cvut.cz/05prg/,,,https://contest.felk.cvut.cz/05prg/rank.html,,,Yes
,ctuo-2004,ctuo-2005,cerc-2004,n/a,,2004-11-06,,,https://contest.felk.cvut.cz/04prg/,,,https://contest.felk.cvut.cz/04prg/rank.html,,,Yes
,ctuo-2003,ctuo-2004,cerc-2003,n/a,,2003-10-25,,,https://contest.felk.cvut.cz/03prg/,,,https://contest.felk.cvut.cz/03prg/rank.html,,,Yes
,ctuo-2002,ctuo-2003,cerc-2002,n/a,,2002-10-26,,,https://contest.felk.cvut.cz/02prg/,,,https://contest.felk.cvut.cz/02prg/rank.html,,,Yes
,ctuo-2001,ctuo-2002,cerc-2001,n/a,,2001-10-27,,,https://contest.felk.cvut.cz/01prg/,,,https://contest.felk.cvut.cz/01prg/results.html,,,Yes
,ctuo-2000,ctuo-2001,cerc-2000,n/a,,2000-10-21,,,https://contest.felk.cvut.cz/00prg/,,,https://contest.felk.cvut.cz/00prg/results.html,,,Yes
,ctuo-1999,ctuo-2000,cerc-1999,n/a,,1999-11-06,,,https://contest.felk.cvut.cz/99prg/,,,https://contest.felk.cvut.cz/99prg/results.html,,,Yes
,ctuo-1998,ctuo-1999,cerc-1998,n/a,,1998-10-24,,,https://contest.felk.cvut.cz/98prg/,,,https://contest.felk.cvut.cz/98prg/results.html,,,Yes
,ctuo-1997,ctuo-1998,cerc-1997,pre-cms,,1997-05-17,,,https://contest.felk.cvut.cz/97prg/,,,https://contest.felk.cvut.cz/97prg/results.html,,,Yes
,hungary-2025,-,cerc-2025,n/a,,,,,,https://icpc-hungary.github.io/2025/,,,,,
,hungary-2024,hungary-2025,cerc-2024,n/a,,,,,,https://icpc-hungary.github.io/2024/,,,,,
,hungary-2023,hungary-2024,cerc-2023,7587,2023 ICPC Hungarian Programming Contest,2023-10-14,,,https://cs.bme.hu/icpc/posts/2023-10-14-icpc-hungary-results/,https://icpc-hungary.github.io/2023/,,,,,Yes
,hungary-2022,hungary-2023,cerc-2022,5401,2022 ICPC Hungarian Programming Contest,2022-10-15,,,,https://web.archive.org/web/20221025101944/https://domjudge.cms.inf.elte.hu/public,,,,,Yes
,hungary-2021,hungary-2022,cerc-2021,4894,2021 ICPC Hungarian Programming Contest,,,,,,,,,,
,hungary-2020,hungary-2021,cerc-2020,4529,2020 Hungarian Programming Contest,,,,,,,,,,
,hungary-2019,hungary-2020,cerc-2019,4136,2019 Hungarian Programming Contest,2019-10-20,,,,,,,,,
,hungary-2018,hungary-2019,cerc-2018,3664,2018 Hungarian Programming Contest,2018-11-11,,,,,,,,,
,hungary-2017,hungary-2018,cerc-2017,3322,2017 Hungarian ACM Programming Contest,2017-10-08,,,,,,,,,
,hungary-2016,hungary-2017,cerc-2016,3111,2016 Hungarian ACM Programming Contest,2016-10-16,,,,,,,,,
,hungary-2015,hungary-2016,cerc-2015,2777,2015 Hungarian ACM Programming Contest,2015-10-18,,,,,,,,,
,hungary-2014,hungary-2015,cerc-2014,2668,2014 Hungarian ACM Programming Contest,2014-10-19,,,,,,,,,
,hungary-2013,hungary-2014,cerc-2013,2012,2013 Hungarian ACM Programming Contest,,,,,,,,,,
,hungary-2012,hungary-2013,cerc-2012,1318,2012 Hungarian ACM Programming Contest,2012-11-04,,,,,,,,,
,hungary-2011,hungary-2012,cerc-2011,770,2011 Hungarian ACM Programming Contest,2011-10-16,,,,,,,,,
,hungary-2010,hungary-2011,cerc-2010,637,2010 Hungarian ACM Programming Contest,,,,,,,,,,
,hungary-2009,hungary-2010,cerc-2009,545,2009 Hungarian ACM Programming Contest,,,,,,,,,,
,hungary-2008,hungary-2009,cerc-2008,53,2008 Hungarian ACM Programming Contest,2008-11-09,,,,,,,,,
,hungary-2007,hungary-2008,cerc-2007,1131,2007 Hungarian ACM Programming Contest,2007-10-28,,,,,,,,,
future,poland-2026,-,cerc-2026,9589,2026 ICPC Polish Collegiate Programming Contest,,,,,,,,,,
,poland-2025,poland-2026,cerc-2025,9359,2025 ICPC Polish Collegiate Programming Contest,,,,,,,,,,
,poland-2024,poland-2025,cerc-2024,8981,2024 ICPC Polish Collegiate Programming Contest,,,,,,,,,,
,poland-2023,poland-2024,cerc-2023,7593,2023 ICPC Polish Collegiate Programming Contest,2023-11-05,,,,,,,,,
,poland-2022,poland-2023,cerc-2022,5397,2022 ICPC Polish Collegiate Programming Contest,2022-10-30,,,http://amppz.tcs.uj.edu.pl/,https://amppz.tcs.uj.edu.pl/2022/ranking/,,,,,Yes
,poland-2021,poland-2022,cerc-2021,4897,2021 ICPC Polish Collegiate Programming Contest,2021-11-07,,,http://amppz.tcs.uj.edu.pl/2021/index.html,http://amppz.tcs.uj.edu.pl/2021/ranking/,,,,,Yes
,poland-2019,poland-2021,cerc-2019,4139,2019 Polish Collegiate Programming Contest,2019-10-27,,,https://amppz.tcs.uj.edu.pl/2019/,https://amppz.tcs.uj.edu.pl/2019/ranking/,,,,,Yes
,poland-2018,poland-2019,cerc-2018,3665,2018 Polish Collegiate Programming Contest,2018-10-27,,,http://www.amppz.ii.uni.wroc.pl/2018,,,http://www.amppz.ii.uni.wroc.pl/ranking2018/ranking.html,,,Yes
,poland-2017,poland-2018,cerc-2017,3324,2017 Polish Collegiate Programming Contest,2017-10-28,,,http://www.amppz.ii.uni.wroc.pl/2017/,,,http://www.amppz.ii.uni.wroc.pl/ranking2017/ranking.html,,,Yes
,poland-2016,poland-2017,cerc-2016,3112,2016 Polish Collegiate Programming Contest,2016-10-29,,,http://www.amppz.ii.uni.wroc.pl/2016/,,,http://www.amppz.ii.uni.wroc.pl/ranking2016/ranking.html,,,Yes
,poland-2015,poland-2016,cerc-2015,2778,2015 Polish Collegiate Programming Contest,2015-10-25,,,http://www.amppz.ii.uni.wroc.pl/2015,,,,,,
,poland-2014,poland-2015,cerc-2014,2666,2014 Polish Collegiate Programming Contest,2014-10-26,,,,,,,,,
,poland-2013,poland-2014,cerc-2013,2010,2013 Polish Collegiate Programming Contest,2013-10-27,,,,,,,,,
,poland-2012,poland-2013,cerc-2012,1320,2012 Poland Collegiate Programming Contest,2012-10-29,,,https://web.archive.org/web/20121231081915/http://amppz.mimuw.edu.pl/rankingi-amppz/rankingSimple.htm,,,,,,
,poland-2011,poland-2012,cerc-2011,771,2011 Poland Collegiate Programming Contest,2011-10-31,,,,,,,,,
,poland-2010,poland-2011,cerc-2010,638,2010 Poland Collegiate Programming Contest,2010-11-06,,,,,,,,,
,poland-2009,poland-2010,cerc-2009,544,2009 Poland Collegiate Programming Contest,2009-10-24,,,,,,,,,
,poland-2008,poland-2009,cerc-2008,62,2008 Poland Collegiate Programming Contest,2008-11-08,,,,,,,,,
,poland-2007,poland-2008,cerc-2007,n/a,,2007-10-27,,,,,,,,,
,poland-2006,poland-2007,cerc-2006,n/a,,2006-11-04,,,,,,,,,
,poland-2005,poland-2006,cerc-2005,n/a,,2005-10-29,,,,,,,,,
,poland-2004,poland-2005,cerc-2004,n/a,,2004-10-23,,,,,,,,,
,poland-2003,poland-2004,cerc-2003,n/a,,2003-10-25,,,,,,,,,
,poland-2002,poland-2003,cerc-2002,n/a,,2002-10-26,,,,,,,,,
,poland-2001,poland-2002,cerc-2001,n/a,,2001-10-27,,,,,,,,,
,poland-2000,poland-2001,cerc-2000,n/a,,2000-10-28,,,,,,,,,
,poland-1999,poland-2000,cerc-1999,n/a,,1999-11-06,,,,,,,,,
,poland-1998,poland-1999,cerc-1998,n/a,,1998-10-24,,,,,,,,,
,poland-1997,poland-1998,cerc-1997,pre-cms,,1997-10-25,,,,,,,,,
,poland-1996,poland-1997,cerc-1996,pre-cms,,1996-10-26,,,,,,,,,
,croatia-2025,-,cerc-2025,n/a,,,,,https://hsin.hr/studenti2025/,https://hsin.hr/studenti2025/rezultati.php,,,,,
,croatia-2024,croatia-2025,cerc-2024,n/a,,2024-11-10,,,https://hsin.hr/studenti2024/,https://hsin.hr/studenti2024/rezultati.php,,,,,
,croatia-2023,croatia-2024,cerc-2023,7586,2023 ICPC Croatian Programming Contest,,,,https://hsin.hr/studenti2023/,https://hsin.hr/studenti2023/rezultati.php,,,,,Yes
,croatia-2022,croatia-2023,cerc-2022,5400,2022 ICPC Croatian Programming Contest,,,,https://hsin.hr/studenti2022/,https://hsin.hr/studenti2022/rezultati.php,,,,,Yes
,croatia-2021,croatia-2022,cerc-2021,4889,2021 ICPC Croatian Programming Contest,,,,https://hsin.hr/studenti2021/,https://hsin.hr/studenti2021/rezultati.php,,,,,Yes
,croatia-2020,croatia-2021,cerc-2020,4525,2020 Croatian Programming Contest,,,,https://hsin.hr/studenti2020/,https://hsin.hr/studenti2020/rezultati.php,,,,,Yes
,croatia-2019,croatia-2020,cerc-2019,4146,2019 Croatian Programming Contest,2019-10-27,,,https://hsin.hr/studenti2019/,https://hsin.hr/studenti2019/rezultati.php,,,,,Yes
,croatia-2018,croatia-2019,cerc-2018,3667,2018 Croatian Programming Contest,2018-10-28,,,https://hsin.hr/studenti2018/,https://hsin.hr/studenti2018/rezultati.php,,,,,Yes
,croatia-2017,croatia-2018,cerc-2017,3323,2017 Croatian Programming Contest,2017-10-22,,,,https://hsin.hr/studenti2017/rezultati.php,,,,,Yes
,croatia-2016,croatia-2017,cerc-2016,3106,2016 Croatian Programming Contest,2016-10-23,,,,https://hsin.hr/studenti2016/rezultati.php,,,,,Yes
,croatia-2015,croatia-2016,cerc-2015,2772,2015 Croatian Programming Contest,2015-10-25,,,,https://hsin.hr/studenti2015/rezultati.php,,,,,Yes
,croatia-2014,croatia-2015,cerc-2014,2669,2014 Croatian Programming Contest,,,,,https://hsin.hr/studenti2014/rezultati.php,,,,,Yes
,croatia-2013,croatia-2014,cerc-2013,2013,2013 Croatian Programming Contest,,,,,https://hsin.hr/studenti2013/rezultati.php,,,,,Yes
,croatia-2012,croatia-2013,cerc-2012,1321,2012 Croatian Programming Contest,2012-10-28,,,,https://hsin.hr/studenti2012/rezultati.php,,,,,Yes
,croatia-2011,croatia-2012,cerc-2011,773,2011 Croatian Programming Contest,,,,https://hsin.hr/studenti2011/,https://hsin.hr/studenti2011/rezultati.php,,,,,Yes
,croatia-2010,croatia-2011,cerc-2010,640,2010 Croatian Programming Contest,2010-11-06,,,https://hsin.hr/studenti2010/,https://hsin.hr/studenti2010/rezultati.html,,,,,Yes
,croatia-2009,croatia-2010,cerc-2009,574,2009 Croatian Programming Contest,,,,https://hsin.hr/studenti2009/,https://hsin.hr/studenti2009/rezultati.html,,,,,Yes
,croatia-2008,croatia-2009,cerc-2008,n/a,,,,,https://hsin.hr/studenti2008/,https://hsin.hr/studenti2008/rezultati.html,,,,,Yes
,croatia-2007,croatia-2008,cerc-2007,n/a,,,,,https://hsin.hr/studenti2007/,https://hsin.hr/studenti2007/rezultati.html,,,,,Yes
,slovenia-2023,-,cerc-2023,7588,2023 ICPC Slovenian Programming Contest,,,,,,,,,,
,slovenia-2022,slovenia-2023,cerc-2022,5393,2022 ICPC Slovenian Programming Contest,,,,,,,,,,
,slovenia-2021,slovenia-2022,cerc-2021,4890,2021 ICPC Slovenian Programming Contest,,,,,,,,,,
,slovenia-2020,slovenia-2021,cerc-2020,4530,2020 Slovenian Programming Contest,,,,,,,,,,
,slovenia-2019,slovenia-2020,cerc-2019,4142,2019 Slovenian Programming Contest,,,,,,,,,,
,slovenia-2018,slovenia-2019,cerc-2018,3668,2018 Slovenian Programming Contest,,,,,,,,,,
,slovenia-2017,slovenia-2018,cerc-2017,3318,2017 Slovenian Programming Contest,,,,,,,,,,
,slovenia-2016,slovenia-2017,cerc-2016,3107,2016 Slovenian Programming Contest,,,,,,,,,,
,slovenia-2015,slovenia-2016,cerc-2015,2773,2015 Slovenian Programming Contest,,,,,,,,,,
,slovenia-2014,slovenia-2015,cerc-2014,2662,2014 Slovenian Programming Contest,,,,,,,,,,
,slovenia-2013,slovenia-2014,cerc-2013,2014,2013 Slovenian Programming Contest,,,,,,,,,,
,slovenia-2012,slovenia-2013,cerc-2012,1322,2012 Slovenian Programming Contest,,,,,,,,,,
,slovenia-2011,slovenia-2012,cerc-2011,772,2011 Slovenian Programming Contest,,,,,,,,,,
,slovenia-2010,slovenia-2011,cerc-2010,639,2010 Slovenian Programming Contest,,,,,,,,,,
,slovenia-2009,slovenia-2010,cerc-2009,573,2009 Slovenian Programming Contest,,,,,,,,,,
future,seerc-2026,-,euc-2027,9565,2026 ICPC Southeastern Europe Regional Contest,,,,,,,,,,
,seerc-2025,seerc-2026,euc-2026,9343,2025 ICPC Southeastern Europe Regional Contest,,,,https://seerc.euc.icpc.global/,https://seerc.euc.icpc.global/2025/scoreboard/,,,,,Yes
,seerc-2024,seerc-2025,euc-2025,8961,2024 ICPC Southeastern Europe Regional Contest,2024-11-17,,,https://seerc.icpc.global/2024/,https://seerc.icpc.global/2024/,,,,,Yes
,seerc-2023,seerc-2024,euc-2024,7568,2023 ICPC Southeastern Europe Regional Contest,2023-12-09,,,https://seerc.icpc.global/2023/,https://seerc.icpc.global/2023/results.htm,,,,,Yes
,seerc-2022,seerc-2023,wf-2023,5417,2022 ICPC Southeastern Europe Regional Contest,2022-12-10,,,https://seerc.icpc.global/2022/,https://seerc.icpc.global/2022/results.htm,,,,,Yes
,seerc-2021,seerc-2022,wf-2022,4909,2021 ICPC Southeastern Europe Regional Contest,2021-11-20,,,https://seerc.icpc.global/2021/,https://seerc.icpc.global/2021/results.htm,,,,,Yes
,seerc-2020,seerc-2021,wf-2021,4534,2020 Southeastern Europe Regional Contest,2021-05-23,,,https://seerc.icpc.global/2020/,https://seerc.icpc.global/2020/results.htm,,,,,Yes
,seerc-2019,seerc-2020,wf-2020,4110,2019 Southeastern Europe Regional Contest,2019-10-20,,,https://seerc.icpc.global/2019/,https://seerc.icpc.global/2019/results.htm,,,,,Yes
,seerc-2018,seerc-2019,wf-2019,3635,2018 Southeastern Europe Regional Contest,2018-10-21,,,https://seerc.icpc.global/2018/,https://seerc.icpc.global/2018/results.htm,,,,,Yes
,seerc-2017,seerc-2018,wf-2018,3301,2017 Southeastern Europe Regional Contest,2017-10-22,,,https://seerc.icpc.global/2017/,https://seerc.icpc.global/2017/results.htm,,,,,Yes
,seerc-2016,seerc-2017,wf-2017,3124,2016 Southeastern Europe Regional Contest,2016-10-23,,,https://seerc.icpc.global/2016/,https://seerc.icpc.global/2016/results.htm,,,,,Yes
,seerc-2015,seerc-2016,wf-2016,2786,2015 Southeastern Europe Regional Contest,2015-10-18,,,https://seerc.icpc.global/2015/,https://seerc.icpc.global/2015/results.htm,,,,,Yes
,seerc-2014,seerc-2015,wf-2015,2646,2014 Southeastern Europe Regional Contest,2014-10-19,,,https://seerc.icpc.global/2014/,https://seerc.icpc.global/2014/results.htm,,,,,Yes
,seerc-2013,seerc-2014,wf-2014,1995,2013 Southeastern Europe Regional Contest,2013-10-13,,,https://seerc.icpc.global/2013/,https://seerc.icpc.global/2013/results.htm,,,,,Yes
,seerc-2012,seerc-2013,wf-2013,1326,2012 Southeastern Europe Regional Contest,2012-10-14,,,https://seerc.icpc.global/2012/,https://seerc.icpc.global/2012/results.htm,,,,,Yes
,seerc-2011,seerc-2012,wf-2012,774,2011 Southeastern Europe Regional Contest,2011-10-16,,,https://seerc.icpc.global/2011/,,,https://seerc.icpc.global/2011/results.htm,,,Yes
,seerc-2010,seerc-2011,wf-2011,613,2010 Southeastern Europe Regional Contest,2010-10-17,,,https://seerc.icpc.global/2010/,,,https://seerc.icpc.global/2010/results.htm,,,Yes
,seerc-2009,seerc-2010,wf-2010,522,2009 Southeastern Europe Contest,2009-10-18,,,https://seerc.icpc.global/2009/,,,https://seerc.icpc.global/2009/results.htm,,,Yes
,seerc-2008,seerc-2009,wf-2009,26,2008 Southeastern Europe Contest,2008-10-19,,,https://seerc.icpc.global/2008/,,,https://seerc.icpc.global/2008/results.htm,,,Yes
,seerc-2007,seerc-2008,wf-2008,1012,2007 ACM Southeastern Europe Programming Contest,2007-10-27,,,https://seerc.icpc.global/2007/,,,https://seerc.icpc.global/2007/results.htm,,,Yes
,seerc-2006,seerc-2007,wf-2007,1258,2006 ACM Southeastern Europe Programming Contest,2006-10-22,,,https://seerc.icpc.global/2006/,,,https://seerc.icpc.global/2006/results.htm,,,Yes
,seerc-2005,seerc-2006,wf-2006,1115,2005 ACM Southeastern Europe Programming Contest,2005-10-16,,,https://seerc.icpc.global/2005/,,,https://seerc.icpc.global/2005/results.htm,,,Yes
,seerc-2004,seerc-2005,wf-2005,1042,2004 ACM Southeastern Europe Programming Contest,2004-10-17,,,https://seerc.icpc.global/2004/,,,https://seerc.icpc.global/2004/results.htm,,,Yes
,seerc-2003,seerc-2004,wf-2004,1174,2003 ACM Southeastern Europe Programming Contest,2003-10-19,,,https://seerc.icpc.global/2003/,,,https://seerc.icpc.global/2003/results.htm,,,Yes
,seerc-2002,seerc-2003,wf-2003,1033,2002 ACM Southeastern Europe Programming Contest,2002-10-20,,,https://seerc.icpc.global/2002/,,,https://seerc.icpc.global/2002/results.htm,,,Yes
,seerc-2001,seerc-2002,wf-2002,1280,2001 ACM Southeastern Europe Programming Contest,2001-10-21,,,https://seerc.icpc.global/2001/,,,https://seerc.icpc.global/2001/results.htm,,,Yes
,seerc-2000,seerc-2001,wf-2001,1221,2000 ACM Southeastern Europe Programming Contest,2000-10-22,,,https://seerc.icpc.global/2000/,,,https://seerc.icpc.global/2000/results.htm,,,Yes
,seerc-1999,seerc-2000,wf-2000,1208,1999 ACM Southeastern Europe Programming Contest,1999-10-23,,,https://seerc.icpc.global/1999/,,,https://seerc.icpc.global/1999/standings99.htm,,,Yes
,seerc-1998,seerc-1999,wf-1999,1118,1998 ACM Southeastern Europe Programming Contest,1998-10-24,,,https://seerc.icpc.global/1998/,,,https://seerc.icpc.global/1998/standings98.htm,,,Yes
,seerc-1997,seerc-1998,wf-1998,pre-cms,1997-98 ACM International Collegiate Programming Contest,1997-10-25,,,https://seerc.icpc.global/1997/,,,https://seerc.icpc.global/1997/standings97.htm,,,Yes
,seerc-1996,seerc-1997,wf-1997,pre-cms,1996-97 ACM International Collegiate Programming Contest,1996-10-19,,,https://seerc.icpc.global/1996/,,,https://seerc.icpc.global/1996/result96.htm,,,Yes
,seerc-1995,seerc-1996,wf-1996,pre-cms,1995-1996 SouthEastern European Regional Contest ,1995-11-04,,,https://seerc.icpc.global/1995/,,,https://seerc.icpc.global/1995/result95.htm,,,Yes
future,ukraine-2026,-,seerc-2026,9569,2026 ICPC Ukraine National Programming Contest,,,,,,,,,,
,ukraine-2025,ukraine-2026,seerc-2025,9344,2025 ICPC Ukraine National Programming Contest,,,,,,,,,,
,ukraine-2024,ukraine-2025,seerc-2024,8970,2024 ICPC Ukraine National Programming Contest,2024-10-20,,,,,,,,,
,ukraine-2023,ukraine-2024,seerc-2023,7570,2023 ICPC All-Ukrainian Collegiate Programming Contest,2023-11-15,,,,,,,,,
,ukraine-2022,ukraine-2023,seerc-2022,5426,2022 ICPC All-Ukrainian Collegiate Programming Contest,2022-11-05,,,,,,,,,
,ukraine-2021,ukraine-2022,seerc-2021,4912,2021 ICPC All-Ukrainian Collegiate Programming Contest,2021-11-05,,,,https://vntu.edu.ua/docs/icpc2021/Rank_St2-0.pdf,,,,,Yes
,ukraine-2020,ukraine-2021,seerc-2020,4544,2020 All-Ukrainian Collegiate Programming Contest,2021-02-13,,,,,,,,,
,ukraine-2019,ukraine-2020,seerc-2019,4120,2019 All-Ukrainian Collegiate Programming Contest,2019-09-15,,,,,,,,,
,ukraine-2018,ukraine-2019,seerc-2018,3641,2018 All-Ukrainian Collegiate Programming Contest,2018-09-16,,,,,,,,,
,ukraine-2017,ukraine-2018,seerc-2017,3310,2017 All-Ukrainian Collegiate Programming Contest,2017-09-17,,,,,,,,,
,ukraine-2016,ukraine-2017,seerc-2016,3133,2016 All-Ukrainian Collegiate Programming Contest,2016-09-17,,,,,,,,,
,ukraine-2015,ukraine-2016,seerc-2015,2795,2015 All-Ukrainian Collegiate Programming Contest,2015-09-13,,,,http://vntu.edu.ua/images/2015/auspc/1.doc,,,,,Yes
,ukraine-2014,ukraine-2015,seerc-2014,2655,2014 All-Ukrainian Collegiate Programming Contest,2014-09-14,,,,https://vntu.edu.ua/images/result.pdf,,,,,Yes
,ukraine-2013,ukraine-2014,seerc-2013,1996,2013 All-Ukrainian Collegiate Programming Contest,2013-09-12,,,,,,,,,
,ukraine-2012,ukraine-2013,seerc-2012,1334,2012 All-Ukrainian Collegiate Programming Contest,2012-09-08,,,,,,,,,
,ukraine-2011,ukraine-2012,seerc-2011,781,2011 All-Ukrainian Collegiate Programming Contest,2011-05-21,,,,,,,,,
,ukraine-2010,ukraine-2011,seerc-2010,665,2010 All-Ukrainian Programming Contest,2010-09-11,,,,,,,,,
,turkey-2023,-,seerc-2023,7583,2023 ICPC Turkey Programming Contest,,,,,,,,,,
,turkey-2022,turkey-2023,seerc-2022,5425,2022 ICPC Turkey Programming Contest,,,,,,,,,,
,turkey-2021,turkey-2022,seerc-2021,4910,2021 ICPC Turkey Programming Contest,,,,,,,,,,
,turkey-2020,turkey-2021,seerc-2020,4536,2020 Turkey Programming Contest,,,,,,,,,,
,turkey-2019,turkey-2020,seerc-2019,4119,2019 Turkey Programming Contest,2019-09-15,,,https://inzva.com/algorithm/contest/2019/turkish-programming-contest-2019,,,,,,
,turkey-2018,turkey-2019,seerc-2018,3651,2018 Turkey Programming Contest,,,,,,,,,,
,turkey-2017,turkey-2018,seerc-2017,3304,2017 Turkey Programming Contest,,,,,,,,,,
,turkey-2016,turkey-2017,seerc-2016,3131,2016 Turkey Programming Contest,,,,,,,,,,
,turkey-2015,turkey-2016,seerc-2015,2787,2015 Turkey Programming Contest,,,,,,,,,,
,turkey-2014,turkey-2015,seerc-2014,2654,2014 Turkey Programming Contest,,,,,,,,,,
,turkey-2013,turkey-2014,seerc-2013,2002,2013 Turkey Programming Contest,,,,,,,,,,
,turkey-2012,turkey-2013,seerc-2012,1332,2012 Turkey Programming Contest,,,,,,,,,,
,turkey-2011,turkey-2012,seerc-2011,780,2011 Turkey Programming Contest,,,,,,,,,,
,turkey-2010,turkey-2011,seerc-2010,703,2010 Turkey Programming Contest,2010-09-19,,,,,,,,,
future,romania-2026,-,seerc-2026,9577,2026 ICPC Romania Programming Contest,,,,,,,,,,
,romania-2025,romania-2026,seerc-2025,9352,2025 ICPC Romania Programming Contest,,,,https://events.info.uaic.ro/romanian-collegiate-programming-contest/,https://docs.google.com/spreadsheets/d/e/2PACX-1vQfWzHvh1Uo_rvzyzzj7Kk6y2VKge6gtZgd024s7B7Wj53QaeOLer9X8NNvTXPu058leUDrAVnCPwUq/pubhtml/sheet?headers=false&gid=0,,,,,Yes
,romania-2024,romania-2025,seerc-2024,8962,2024 ICPC Romania Programming Contest,,,,https://vjudge.net/contest/659259,https://docs.google.com/spreadsheets/u/0/d/e/2PACX-1vQBUEgqUDyC2mCG_iqpQys46Ueio_UObJwYsyyDc6ivnLHY29jxnxGV7tQZf1QIufYbHWKO56VMetsT/pubhtml/sheet?headers=false&gid=116684220,,,,,Yes
,romania-2023,romania-2024,seerc-2023,7578,2023 ICPC Romania Programming Contest,,,,https://codeforces.com/blog/entry/122235?locale=en,,,,,,
,romania-2022,romania-2023,seerc-2022,5419,2022 ICPC Romania Programming Contest,2022-11-20,,,,,,,,,
,romania-2021,romania-2022,seerc-2021,4920,2021 ICPC Romania Programming Contest,2021-10-31,,,,,,,,,
,romania-2020,romania-2021,seerc-2020,4537,2020 Romania Programming Contest,2021-05-09,,,,,,,,,
,romania-2019,romania-2020,seerc-2019,4111,2019 Romania Programming Contest,2019-09-29,,,,https://www.infoarena.ro/rcpc-2019/clasament,,,,,Yes
,romania-2018,romania-2019,seerc-2018,3636,2018 Romania Programming Contest,2018-09-30,,,,https://www.infoarena.ro/acm-icpc-nationala-2018/clasament,,,,,Yes
,romania-2017,romania-2018,seerc-2017,3305,2017 Romania Programming Contest,2017-05-28,,,,https://www.infoarena.ro/acm-icpc-nationala-2017/clasament,,,,,Yes
,romania-2016,romania-2017,seerc-2016,3126,2016 Romania Programming Contest,2016-05-28,,,,,,,,,
,romania-2015,romania-2016,seerc-2015,2790,2015 Romania Programming Contest,2015-05-23,,,,,,,,,
,romania-2014,romania-2015,seerc-2014,2649,2014 Romania Programming Contest,2014-05-17,,,,https://www.infoarena.ro/onis-2014/clasament/runda-4,,,,,Yes
,romania-2013,romania-2014,seerc-2013,2004,2013 Romania Programming Contest,2013-06-16,,,,http://acm.ro/Romania/2013/results.htm,,,,,Yes
,romania-2012,romania-2013,seerc-2012,1327,2012 Romania Programming Contest,2012-06-16,,,,https://web.archive.org/web/20121215170652/http://acm.ro/Romania/results.htm,,,,,Yes
,romania-2011,romania-2012,seerc-2011,775,2011 Romania Programming Contest,2011-06-25,,,,http://acm.ro/Romania/2011/results.htm,,,,,Yes
,romania-2010,romania-2011,seerc-2010,666,2010 Romania Programming Contest,2010-05-23,,,,,,https://web.archive.org/web/20101019181432/http://acm.ro/Romania/results.htm,,,Yes
,bulgaria-2013,-,seerc-2013,2003,2013 Bulgarian Collegiate Programming Contest,,,,https://bcpc.eu/XXV/,https://bcpc.eu/XXV/summary.html,,,,,Yes
,bulgaria-2012,bulgaria-2013,seerc-2012,1333,2012 Bulgarian Collegiate Programming Contest,2012-05-12,,,https://bcpc.eu/XXIV/,https://bcpc.eu/XXIV/files/ranking.pdf,,,,,Yes
,bulgaria-2011,bulgaria-2012,seerc-2011,786,2011 Bulgarian Collegiate Programming Contest,2011-05-15,,,https://bcpc.eu/XXIII/,https://bcpc.eu/XXIII/?page=classification,,,,,Yes
,bulgaria-2010,bulgaria-2011,seerc-2010,667,2010 Bulgarian Collegiate Programming Contest,2010-10-14,,,,,,,,,
future,cyprus-2026,-,seerc-2026,9581,2026 ICPC Cyprus Collegiate Programming Contest,,,,,,,,,,
,cyprus-2025,cyprus-2026,seerc-2025,9474,2025 ICPC Cyprus Collegiate Programming Contest,2025-10-17,,,http://icpc-cyprus.com/icpc2025/,,,,,,
,cyprus-2019,cyprus-2025,seerc-2019,4118,2019 Cyprus Collegiate Programming Contest,2019-06-08,,,http://icpc-cyprus.com/icpc2019/,,,,,,
,cyprus-2018,cyprus-2019,seerc-2018,3650,2018 Cyprus Collegiate Programming Contest,2018-09-29,,,http://icpc-cyprus.com/icpc2018/,,,,,,
future,greece-2026,-,seerc-2026,9566,2026 ICPC Greece Collegiate Programming Contest,,,,,,,,,,
,greece-2025,greece-2026,seerc-2025,9351,2025 ICPC Greece Collegiate Programming Contest,,,,,https://codeforces.com/gym/106151/standings,,,,,Yes
,greece-2024,greece-2025,seerc-2024,8968,2024 ICPC Greece Collegiate Programming Contest,,,,,https://codeforces.com/gym/105453/standings,,,,,Yes
,greece-2023,greece-2024,seerc-2023,8468,2023 ICPC Greece Programming Contest,2023-10-28,,,,,,,,,
future,nac-2027,-,wf-2027,9763,2027 ICPC North America Championship,,,,,,,,,,
,nac-2026,nac-2027,wf-2026,9323,2026 ICPC North America Championship,2026-03-23,,,https://nac.icpc.global/,https://nac.icpc.global/scoreboard/2026/nac/index.html,,,,,Yes
,nac-2025,nac-2026,wf-2025,8915,2025 ICPC North America Championship,2025-05-26,,,https://nac.icpc.global/year2025/,https://nac.icpc.global/scoreboard/2025/,,,,,Yes
,nac-2024,nac-2025,wf-2024,7447,2024 ICPC North America Championship,2024-05-28,,,https://nac.icpc.global/year2024/,https://nac.icpc.global/scoreboard/2024/,,,,,Yes
,nac-2023,nac-2024,wf-2023,5368,2023 ICPC North America Championship,2023-05-30,,,https://nac.icpc.global/history/year2023/,https://nac.icpc.global/wp-content/uploads/2023/06/NAC23-scoreboard.pdf,,,,,Yes
,nac-2022,nac-2023,wf-2022,4675,2022 ICPC North America Championship,2022-05-31,,,https://nac.icpc.global/history/year2022/,https://nac22.kattis.com/contests/nac22/standings,,,,,Yes
,nac-2021,nac-2022,wf-2021,4334,2021 North America Championship,2021-08-15,,,https://nac.icpc.global/history/year2021/,https://nac21.kattis.com/contests/nac21/standings,,,,,Yes
,nac-2020,nac-2021,wf-2020,4060,2019 North America Championship,2020-02-23,,,https://nac.icpc.global/history/year2020/,https://drive.google.com/file/d/1aTP5TBIu_TMscyg-oZBxCm9Gi6e5I38d/view,,,,,Yes
,nadc-2021,-,nac-2021,4596,2020-21 ICPC North America Division Championships,2021-04-22,,,https://web.archive.org/web/20220118235610/https://www.icpc.org/icpc-north-america-division/,https://nadc20.kattis.com/contests/nadc21/standings,,,,,Yes
,naipc-2019,nac-2020,n/a,4073,2019 North American Invitational Programming Contest,2019-03-02,,,http://naipc.uchicago.edu/2019/,https://naipc19.kattis.com/contests/naipc19/standings/1940,,,,,Yes
,naipc-2018,naipc-2019,n/a,3544,2018 North American Invitational Programming Contest,2018-03-24,,,http://naipc.uchicago.edu/2018/,https://naipc18.kattis.com/contests/naipc18/standings/1258,,,,,Yes
,naipc-2017,naipc-2018,n/a,3248,2017 North American Invitational Programming Contest,2017-04-15,,,http://naipc.uchicago.edu/2017/,http://naipc.uchicago.edu/2017/_static/standings/invitational.html,,,,,Yes
,naipc-2016,naipc-2017,n/a,3214,2016 North American Invitational Programming Contest,2016-04-16,,,http://naipc.uchicago.edu/2016/,http://naipc.uchicago.edu/2016/_static/standings/invitational.html,,,,,Yes
,naipc-2015,naipc-2016,n/a,n/a,2015 North American Invitational Programming Contest,,,,http://naipc.uchicago.edu/2015/,http://naipc.uchicago.edu/2015/_static/scoreboard-invitational-final.html,,,,,Yes
,naipc-2014,naipc-2015,n/a,n/a,2014 North American Invitational Programming Contest,,,,http://naipc.uchicago.edu/2014/,http://naipc.uchicago.edu/2014/scoreboard-final-onsite.html,,,,,Yes
,naipc-2013,naipc-2014,n/a,n/a,2013 North American Invitational Programming Contest,,,,http://icpc.cs.uchicago.edu/invitational2013/,http://icpc.cs.uchicago.edu/invitational2013/board_final.html,,,,,Yes
,naipc-2012,naipc-2013,n/a,n/a,2012 North American Invitational Programming Contest,2012-04-15,,,http://icpc.cs.uchicago.edu/invitational2012/,http://icpc.cs.uchicago.edu/invitational2012/scoreboard.html,,,,,Yes
future,naq-2026,-,,9766,2026 ICPC North America Qualifier,,,,,,,,,,
,naq-2025,naq-2026,,9333,2025 ICPC North America Qualifier,2025-10-11,,,,,,,,,
,naq-2024,naq-2025,,"8917, 8932",2024 ICPC North America Qualifier,2024-10-05,,,,,,,,,
,naq-2023,naq-2024,,7466,2023 ICPC North America Qualifier,2023-09-30,,,,,,,,,
,naq-2022,naq-2023,,5374,2022 ICPC North America Qualifier,2023-02-04,,,,,,,,,
,naq-2021,naq-2022,,4696,2021 ICPC North America Qualifier,2022-02-11,,,,,,,,,
,naq-2020,naq-2021,,4335,2020 North America Qualifier,2021-02-11,,,,,,,,,
,naq-2019,naq-2020,,4063,2019 North America Qualifier,2019-10-05,,,https://cs.baylor.edu/~hamerly/icpc/qualifier_2019/,,,,,,
,naq-2018,naq-2019,,3554,2018 North America Qualifier,2018-10-16,,,,,,,,,
,naq-2017,naq-2018,,3253,2017 North America Qualifier,2017-10-07,,,,,,,,,
,naq-2016,naq-2017,,3194,2016 North America Qualifier,2016-09-24,,,,,,,,,
,naq-2015,naq-2016,,2840,2015 North America Qualifier,2015-10-03,,,,,,,,,
,naq-2014,naq-2015,,2440,2014 North America Qualifier,2014-09-27,,,,,,,,,
,naq-2013,naq-2014,,"2111, 2117-2127",2013 North America Qualifier,2013-10-05,,,,,,,,,
,naq-2012,naq-2013,,1537-1547,2012 North America Qualifier,2012-09-29,,,,,,,,,
future,south-na-2026,-,nac-2027,"9767, 9769, 9777",2026 North America South Division,,,,,,,,,,
,south-na-2025,south-na-2026,nac-2026,"9328, 9331, 9332",2025 North America South Division,,,,,,,,,,
,south-na-2024,south-na-2025,nac-2025,"8918, 8933, 8937",2024 North America South Division,,,,,,,,,,
,south-na-2023,south-na-2024,nac-2024,"7450, 7462, 7465",2023 North America South Division,,,,,,,,,,
,south-na-2022,south-na-2023,nac-2023,"5373, 5377, 5386",2022 North America South Division,,,,https://acm2022.scusa.lsu.edu/,,,,,,
future,east-na-2026,-,nac-2027,"9768, 9775, 9776",2026 North America East Division,,,,,,,,,,
,east-na-2025,east-na-2026,nac-2026,"9335, 9340",2025 North America East Division,,,,,https://naeast25.kattis.com/contests/naeast25/standings,,,,,Yes
,east-na-2024,east-na-2025,nac-2025,"8922, 8928",2024 North America East Division,,,,,https://naeast24.kattis.com/contests/naeast24/standings,,,,,Yes
,east-na-2023,east-na-2024,nac-2024,"7449, 7464",2023 North America East Division,,,,,https://naeast23.kattis.com/contests/naeast23/standings,,,,,Yes
future,ecna-2026,-,nac-2027,9776,2026 ICPC North America East Central Regional Contest,,,,,,,,,,
,ecna-2025,ecna-2026,nac-2026,9335,2025 ICPC North America East Central Regional Contest,,,,,https://naeast25.kattis.com/contests/naeast25/standings/ecna/all,,,,,Yes
,ecna-2024,ecna-2025,nac-2025,8928,2024 ICPC East Central NA Regional Contest,,,,,https://naeast24.kattis.com/contests/naeast24/standings/ecna/all,,,,,Yes
,ecna-2023,ecna-2024,nac-2024,7464,2023 ICPC East Central NA Regional Contest,,,,,https://naeast23.kattis.com/contests/naeast23/standings/5332,,,,,Yes
,ecna-2022,ecna-2023,nac-2023,5388,2022 ICPC East Central NA Regional Contest,2023-02-25,,,,https://ecna22.kattis.com/contests/ecna22/standings,,,,,Yes
,ecna-2021,ecna-2022,nac-2022,4695,2021 ICPC East Central NA Regional Contest,2022-02-26,,,https://icpc-ecna.ysu.edu/PastResults/2021/home.html,https://ecna21.kattis.com/contests/ecna21/standings,,,,,Yes
,ecna-2020,ecna-2021,nac-2021,4350,2020 East Central NA Regional Contest,2021-03-06,,,https://icpc-ecna.ysu.edu/PastResults/2020/home.html,https://ecna20.kattis.com/contests/ecna20/standings,,,,,Yes
,ecna-2019,ecna-2020,nac-2020,4070,2019 East Central NA Regional Contest,2019-10-26,,,https://icpc-ecna.ysu.edu/PastResults/2019/home.html,https://ecna19.kattis.com/contests/ecna19/standings,,,,,Yes
,ecna-2018,ecna-2019,wf-2019,3555,2018 East Central NA Regional Contest,2018-11-10,,,https://icpc-ecna.ysu.edu/PastResults/2018/home.html,https://ecna18.kattis.com/contests/ecna18/standings,,,,,Yes
,ecna-2017,ecna-2018,wf-2018,3270,2017 East Central NA Regional Contest,2017-10-28,,,https://icpc-ecna.ysu.edu/PastResults/2017/home.html,https://ecna17.kattis.com/contests/ecna17/standings,,,,,Yes
,ecna-2016,ecna-2017,wf-2017,3193,2016 East Central NA Regional Contest,,,,https://icpc-ecna.ysu.edu/PastResults/2016/home.html,https://ecna16.kattis.com/contests/ecna16/standings,,,,,Yes
,ecna-2015,ecna-2016,wf-2016,2839,2015 East Central NA Regional Contest,2015-10-31,,,https://icpc-ecna.ysu.edu/PastResults/2015/home.html,https://ecna15.kattis.com/contests/ecna15/standings,,,,,Yes
,ecna-2014,ecna-2015,wf-2015,2441,2014 East Central NA Regional Contest,2014-11-08,,,https://icpc-ecna.ysu.edu/PastResults/2014/home.html,https://icpc-ecna.ysu.edu/PastResults/2014/standings.html,,,,,Yes
,ecna-2013,ecna-2014,wf-2014,1968,2013 East Central NA Regional Contest,2013-11-09,,,https://icpc-ecna.ysu.edu/PastResults/2013/home.html,https://web.archive.org/web/20131115071843/http://icpc01.cc.ysu.edu:80/scoreboard/,,,,,Yes
,ecna-2012,ecna-2013,wf-2013,1392,2012 East Central NA Regional Contest,2012-11-03,,,https://icpc-ecna.ysu.edu/PastResults/2012/home.html,https://icpc-ecna.ysu.edu/PastResults/2012/standings.html,,,,,Yes
,ecna-2011,ecna-2012,wf-2012,882,2011 East Central NA Regional Contest,2011-10-22,,,https://icpc-ecna.ysu.edu/PastResults/2011/home.html,https://icpc-ecna.ysu.edu/PastResults/2011/standings.html,,,,,Yes
,ecna-2010,ecna-2011,wf-2011,644,2010 East Central NA Regional Contest,2010-10-23,,,https://icpc-ecna.ysu.edu/PastResults/2010/home.html,https://icpc-ecna.ysu.edu/PastResults/2010/standings.html,,,,,Yes
,ecna-2009,ecna-2010,wf-2010,550,2009 East Central NA Contest,2009-10-31,,,https://icpc-ecna.ysu.edu/PastResults/2009/home.html,https://icpc-ecna.ysu.edu/PastResults/2009/standings.html,,,,,Yes
,ecna-2008,ecna-2009,wf-2009,35,2008 East Central NA Contest,2008-11-01,,,https://icpc-ecna.ysu.edu/PastResults/2008/home.html,https://icpc-ecna.ysu.edu/PastResults/2008/standings.html,,,,,Yes
,ecna-2007,ecna-2008,wf-2008,1103,2007 ACM East Central North America Programming Contest,2007-11-10,,,https://icpc-ecna.ysu.edu/PastResults/2007/home.html,https://icpc-ecna.ysu.edu/PastResults/2007/standings.html,,,,,Yes
,ecna-2006,ecna-2007,wf-2007,1034,2006 ACM East Central North America Programming Contest,2006-11-11,,,https://icpc-ecna.ysu.edu/PastResults/2006/home.html,https://icpc-ecna.ysu.edu/PastResults/2006/standings.html,,,,,Yes
,ecna-2005,ecna-2006,wf-2006,1200,2005 ACM East Central North America Programming Contest,2005-11-05,,,https://icpc-ecna.ysu.edu/PastResults/2005/home.html,https://icpc-ecna.ysu.edu/PastResults/2005/standings.html,,,,,Yes
,ecna-2004,ecna-2005,wf-2005,1260,2004 ACM East Central North America Programming Contest,2004-11-06,,,https://icpc-ecna.ysu.edu/PastResults/2004/home.html,https://icpc-ecna.ysu.edu/PastResults/2004/standings.html,,,,,Yes
,ecna-2003,ecna-2004,wf-2004,1104,2003 ACM East Central North America Programming Contest,2003-11-08,,,https://icpc-ecna.ysu.edu/PastResults/2003/home.html,https://icpc-ecna.ysu.edu/PastResults/2003/standings.html,,,,,Yes
,ecna-2002,ecna-2003,wf-2003,1024,2002 ACM East Central North America Programming Contest,2002-11-09,,,https://icpc-ecna.ysu.edu/PastResults/2002/home.html,https://icpc-ecna.ysu.edu/PastResults/2002/standings.html,,,,,Yes
,ecna-2001,ecna-2002,wf-2002,1059,2001 ACM East Central North America Programming Contest,2001-11-10,,,https://icpc-ecna.ysu.edu/PastResults/2001/home.html,https://icpc-ecna.ysu.edu/PastResults/2001/standings.html,,,,,Yes
,ecna-2000,ecna-2001,wf-2001,1205,2000 ACM East Central North America Programming Contest,2000-11-11,,,https://icpc-ecna.ysu.edu/PastResults/2000/,https://icpc-ecna.ysu.edu/PastResults/2000/standings.html,,,,,Yes
,ecna-1999,ecna-2000,wf-2000,983,1999 ACM East Central North America Programming Contest,1999-11-13,,,https://web.archive.org/web/20090608152852/http://icpc.baylor.edu/past/icpc2000/regionals/ECNA99/Report.html,https://web.archive.org/web/20020225103432/http://icpc.baylor.edu/past/icpc2000/regionals/ECNA99/Standings.html,,,,,Yes
,ecna-1998,ecna-1999,wf-1999,1040,1998 ACM East Central North America Programming Contest,1998-11-14,,,https://web.archive.org/web/19990922050959/http://plg.uwaterloo.ca/%7Eacm00/regionals/,https://web.archive.org/web/20100710034015fw_/http://icpc.baylor.edu/past/icpc99/Regionals/ECNA98/Standings.txt,,,,,Yes
,ecna-1997,ecna-1998,wf-1998,pre-cms,,,,,,,,,,,
,ecna-1996,ecna-1997,wf-1997,pre-cms,,,,,,,,,,,
,ecna-1995,ecna-1996,wf-1996,pre-cms,,,,,,https://usenetarchives.com/view.php?id=comp.org.acm&mid=PDQ4NXF1aSQ2b21AY2FsdW0uY3NjbHViLnV3YXRlcmxvby5jYT4,,,,,Yes
,ecna-1994,ecna-1995,wf-1995,pre-cms,,,,,,https://usenetarchives.com/view.php?id=comp.org.acm&mid=PEN6NnVxdi5KbnpAdW5kZXJncmFkLm1hdGgudXdhdGVybG9vLmNhPg,,,,,Yes
,ecna-1993,ecna-1994,wf-1994,pre-cms,,,,,,https://usenetarchives.com/view.php?id=comp.org.acm&mid=PENHOHFJNi43QUFAdW5kZXJncmFkLm1hdGgudXdhdGVybG9vLmNhPg,,,,,Yes
,ecna-1992,ecna-1993,wf-1993,pre-cms,,,,,,,,https://usenetarchives.com/view.php?id=comp.org.acm&mid=PDkyMzI5LjE0MTEwM0lPMTE0MTJATUFJTkUuTUFJTkUuRURVPg,,,Yes
,ecna-1991,ecna-1992,wf-1992,pre-cms,,,,,,,,,,,
,ecna-1990,ecna-1991,wf-1991,pre-cms,,,,,,,,,,,
,ecna-1989,ecna-1990,wf-1990,pre-cms,ACM East Central Scholastic contest,1989-11-04,,,https://usenetarchives.com/view.php?id=uw.general&mid=PDExNTUyQHdhdGNnbC53YXRlcmxvby5lZHU%2B,,,,,,
,ecna-1988,ecna-1989,wf-1989,pre-cms,,,,,,,,,,,
,ecna-1987,ecna-1988,wf-1988,pre-cms,,,,,,,,,,,
,ecna-1986,ecna-1987,wf-1987,pre-cms,,,,,,,,,,,
,ecna-1985,ecna-1986,wf-1986,pre-cms,,,,,,,,,,,
,ecna-1984,ecna-1985,wf-1985,pre-cms,,,,,,,,,,,
future,gny-2026,-,nac-2027,9768,2026 ICPC North America Greater New York Regional Contest,,,,,,,,,,
,gny-2025,gny-2026,nac-2026,9329,2025 ICPC North America Greater New York Regional Contest,,,,http://acmgnyr.org/year2025/,https://gny.na.icpc.global/scoreboard/2025/real/index.html,,,,,Yes
,gny-2024,gny-2025,nac-2025,8938,2024 ICPC Greater NY Regional Contest,,,,http://acmgnyr.org/year2024/,http://acmgnyr.org/year2024/scoreboard/scoreboard.html,,,,,Yes
,gny-2023,gny-2024,nac-2024,7459,2023 ICPC Greater NY Regional Contest,2023-10-29,,,http://acmgnyr.org/year2023/,http://acmgnyr.org/year2023/scoreboard_final/index.html,,,,,Yes
,gny-2022,gny-2023,nac-2023,5372,2022 ICPC Greater NY Regional Contest,2023-02-26,,,http://acmgnyr.org/year2022/,http://acmgnyr.org/year2022/scoreboard_final/index.html,,,,,Yes
,gny-2021,gny-2022,nac-2022,4694,2021 ICPC Greater NY Regional Contest,2022-03-06,,,http://acmgnyr.org/year2021/,http://acmgnyr.org/year2021/scoreboard/full.html,,,,,Yes
,gny-2020,gny-2021,nac-2021,4351,2020 Greater NY Regional Contest,2021-03-07,,,http://acmgnyr.org/year2020/,http://acmgnyr.org/year2020/scoreboard/full.html,,,,,Yes
,gny-2019,gny-2020,nac-2020,4069,2019 Greater NY Regional Contest,2019-10-27,,,http://acmgnyr.org/year2019/,http://acmgnyr.org/year2019/standings.shtml,,,,,Yes
,gny-2018,gny-2019,wf-2019,3552,2018 Greater NY Regional Contest,2018-11-18,,,http://acmgnyr.org/year2018/,http://acmgnyr.org/year2018/standings.shtml,,,,,Yes
,gny-2017,gny-2018,wf-2018,3249,2017 Greater NY Regional Contest,2017-11-19,,,http://acmgnyr.org/year2017/,http://acmgnyr.org/year2017/standings.shtml,,,,,Yes
,gny-2016,gny-2017,wf-2017,3209,2016 Greater NY Regional Contest,2016-11-13,,,http://acmgnyr.org/year2016/,http://acmgnyr.org/year2016/standings.shtml,,,,,Yes
,gny-2015,gny-2016,wf-2016,2834,2015 Greater NY Regional Contest,2015-11-08,,,http://acmgnyr.org/year2015/,http://acmgnyr.org/year2015/standings.shtml,,,,,Yes
,gny-2014,gny-2015,wf-2015,2411,2014 Greater NY Regional Contest,2014-11-16,,,http://acmgnyr.org/year2014/,http://acmgnyr.org/year2014/standings.shtml,,,,,Yes
,gny-2013,gny-2014,wf-2014,1966,2013 Greater NY Regional Contest,2013-10-27,,,http://acmgnyr.org/year2013/,http://acmgnyr.org/year2013/standings.shtml,,,,,Yes
,gny-2012,gny-2013,wf-2013,1387,2012 Greater NY Regional Contest,2012-10-28,,,http://acmgnyr.org/year2012/,http://acmgnyr.org/year2012/standings.shtml,,,,,Yes
,gny-2011,gny-2012,wf-2012,879,2011 Greater NY Regional Contest,2011-10-30,,,http://acmgnyr.org/year2011/,http://acmgnyr.org/year2011/standings.shtml,,,,,Yes
,gny-2010,gny-2011,wf-2011,642,2010 Greater NY Regional Contest,2010-10-24,,,http://acmgnyr.org/year2010/,http://acmgnyr.org/year2010/standings.shtml,,,,,Yes
,gny-2009,gny-2010,wf-2010,548,2009 Greater NY Contest,2009-10-18,,,http://acmgnyr.org/year2009/,http://acmgnyr.org/year2009/standings.shtml,,,,,Yes
,gny-2008,gny-2009,wf-2009,39,2008 Greater NY Contest,2008-10-26,,,http://acmgnyr.org/year2008/,http://acmgnyr.org/year2008/standings.shtml,,,,,Yes
,gny-2007,gny-2008,wf-2008,1025,2007 ACM Greater New York Programming Contest,2007-11-04,,,http://acmgnyr.org/year2007/,http://acmgnyr.org/year2007/standings.shtml,,,,,Yes
,gny-2006,gny-2007,wf-2007,1274,2006 ACM Greater New York Programming Contest,2006-10-29,,,http://acmgnyr.org/year2006/,http://acmgnyr.org/year2006/standings.shtml,,,,,Yes
,gny-2005,gny-2006,wf-2006,1023,2005 ACM Greater New York Programming Contest,2005-11-20,,,http://acmgnyr.org/year2005/,http://acmgnyr.org/year2005/standings.shtml,,,,,Yes
,gny-2004,gny-2005,wf-2005,1230,2004 ACM Greater New York Programming Contest,2004-11-14,,,http://acmgnyr.org/year2004/,http://acmgnyr.org/year2004/standings.shtml,,,,,Yes
,gny-2003,gny-2004,wf-2004,1013,2003 ACM Greater New York Programming Contest,2003-11-09,,,http://acmgnyr.org/year2003/,http://acmgnyr.org/year2003/standings.shtml,,,,,Yes
,gny-2002,gny-2003,wf-2003,1190,2002 ACM Greater New York Programming Contest,2002-11-03,,,http://acmgnyr.org/year2002/,http://acmgnyr.org/year2002/standings.shtml,,,,,Yes
,gny-2001,gny-2002,wf-2002,1137,2001 ACM Greater New York Programming Contest,2001-10-18,,,http://acmgnyr.org/year2001/,,,http://acmgnyr.org/year2001/standings.shtml,,,Yes
,gny-2000,gny-2001,wf-2001,992,2000 ACM Greater New York Programming Contest,2000-11-05,,,http://acmgnyr.org/year2000/,,,http://acmgnyr.org/year2000/standings.shtml,,,Yes
,gny-1999,gny-2000,wf-2000,1269,1999 ACM Greater New York Programming Contest,1999-11-07,,,http://acmgnyr.org/year1999/,"http://acmgnyr.org/year1999/standings.shtml, http://acmgnyr.org/year1999/details.shtml",,http://acmgnyr.org/year1999/standings.shtml,,,Yes
,gny-1998,gny-1999,wf-1999,1159,1998 ACM Greater New York Programming Contest,1998-11-08,,,http://acmgnyr.org/year1998/,http://acmgnyr.org/year1998/standings.shtml,,,,,Yes
,gny-1997,gny-1998,wf-1998,pre-cms,,,,,http://acmgnyr.org/year1997/header2.html,,,,,,
,gny-1996,gny-1997,wf-1997,pre-cms,,,,,,,,,,,
,gny-1995,gny-1996,wf-1996,pre-cms,,,,,,,,,,,
,gny-1994,gny-1995,wf-1995,pre-cms,,,,,,,,,,,
,gny-1993,gny-1994,wf-1994,pre-cms,,,,,,,,,,,
future,mausa-2026,-,nac-2027,9777,2026 ICPC North America Mid-Atlantic Regional Contest,,,,https://ma.na.icpc.global/,,,,,,
,mausa-2025,mausa-2026,nac-2026,9332,2025 ICPC North America Mid-Atlantic Regional Contest,2025-11-08,,,,,,,,https://icpc.global/regionals/finder/Mid-Atlantic-USA-2026/standings,Yes
,mausa-2024,mausa-2025,nac-2025,8937,2024 ICPC Mid-Atlantic USA Regional Contest,2024-11-16,,,,"https://nasouth24.kattis.com/contests/nasouth24d1/standings/mausa/all, https://nasouth24.kattis.com/contests/nasouth24d2/standings/mausa/all",,,,https://icpc.global/regionals/finder/Mid-Atlantic-USA-2025/standings,Yes
,mausa-2023,mausa-2024,nac-2024,7465,2023 ICPC Mid-Atlantic USA Regional Contest,2024-02-24,,,,"https://nasouth23.kattis.com/contests/nasouth23d1/standings/5665, https://nasouth23.kattis.com/contests/nasouth23d2/standings/5671",,,,https://icpc.global/regionals/finder/Mid-Atlantic-USA-2024/standings,Yes
,mausa-2022,mausa-2023,nac-2023,5373,2022 ICPC Mid-Atlantic USA Regional Contest,2023-02-25,,,,"https://nasouth22d1.kattis.com/contests/nasouth22d1/standings/4984, https://nasouth22d2.kattis.com/contests/nasouth22d2/standings/4948",,,,https://icpc.global/regionals/finder/Mid-Atlantic-USA-2023/standings,Yes
,mausa-2021,mausa-2022,nac-2022,4687,2021 ICPC Mid-Atlantic USA Regional Contest,2022-02-06,,,,https://mausa21.kattis.com/contests/mausa21/standings,,,,https://icpc.global/regionals/finder/Mid-Atlantic-USA-2022/standings,Yes
,mausa-2020,mausa-2021,nac-2021,4358,2020 Mid-Atlantic USA Regional Contest,2021-03-06,,,,https://mausa20.kattis.com/contests/mausa20/standings,,,,https://icpc.global/regionals/finder/Mid-Atlantic-USA-2021/standings,Yes
,mausa-2019,mausa-2020,nac-2020,4074,2019 Mid-Atlantic USA Regional Contest,2019-11-09,,,,https://mausa19.kattis.com/contests/mausa19/standings,,,,https://icpc.global/regionals/finder/Mid-Atlantic-USA-2020/standings,Yes
,mausa-2018,mausa-2019,wf-2019,3553,2018 Mid-Atlantic USA Regional Contest,2018-11-10,,,,https://mausa18.kattis.com/contests/mausa18/standings,,,,https://icpc.global/regionals/finder/Mid-Atlantic-USA-2019/standings,Yes
,mausa-2017,mausa-2018,wf-2018,3260,2017 Mid-Atlantic USA Regional Contest,2017-11-11,,,,https://mausa17.kattis.com/contests/mausa17/standings,,,,https://icpc.global/regionals/finder/Mid-Atlantic-USA-2018/standings,Yes
,mausa-2016,mausa-2017,wf-2017,3195,2016 Mid-Atlantic USA Regional Contest,2016-11-05,,,http://web.archive.org/web/20161129142559/http://midatl.radford.edu/,http://web.archive.org/web/20161109005537/http://midatl.radford.edu/scoreboard/,,,,https://icpc.global/regionals/finder/Mid-Atlantic-USA-2017/standings,Yes
,mausa-2015,mausa-2016,wf-2016,2835,2015 Mid-Atlantic USA Regional Contest,2015-11-07,,,,http://web.archive.org/web/20160613062448/http://midatl.radford.edu/scoreboard/summary.html,,,,https://icpc.global/regionals/finder/Mid-Atlantic-USA-2016/standings,Yes
,mausa-2014,mausa-2015,wf-2015,2423,2014 Mid-Atlantic USA Regional Contest,2014-11-01,,,,https://web.archive.org/web/20150519074453/https://www.cs.odu.edu/~zeil/icpc/scoreboard2014.html,,,,https://icpc.global/regionals/finder/Mid-Atlantic-USA-2015/standings,Yes
,mausa-2013,mausa-2014,wf-2014,1991,2013 Mid-Atlantic USA Regional Contest,2013-11-02,,,,https://web.archive.org/web/20140401093853/http://www.radford.edu:80/~acm/midatl/2013_scoreboard.html,,,,https://icpc.global/regionals/finder/Mid-Atlantic-USA-2014/standings,Yes
,mausa-2012,mausa-2013,wf-2013,1376,2012 Mid-Atlantic USA Regional Contest,2012-11-10,,,,http://web.archive.org/web/20141028045829/http://midatl.radford.edu:80/docs/scoreboard/summary.html,,,,https://icpc.global/regionals/finder/Mid-Atlantic-USA-2013/standings,Yes
,mausa-2011,mausa-2012,wf-2012,875,2011 Mid-Atlantic USA Regional Contest,2011-11-05,,,http://web.archive.org/web/20111214193757/http://midatl.radford.edu/,http://web.archive.org/web/20130103035601/http://midatl.radford.edu/docs/scoreboard.acm2011/summary.html,,,,https://icpc.global/regionals/finder/Mid-Atlantic-USA-2012/standings,Yes
,mausa-2010,mausa-2011,wf-2011,645,2010 Mid-Atlantic USA Regional Contest,2010-11-06,,,,,,https://web.archive.org/web/20101110014359/http://midatl.radford.edu/docs/scoreboard/fullnums.html,,https://icpc.global/regionals/finder/Mid-Atlantic-USA-2011/standings,Yes
,mausa-2009,mausa-2010,wf-2010,557,2009 Mid-Atlantic USA Programming Contest,2009-11-07,,,,,,,,https://icpc.global/regionals/finder/Mid-Atlantic-USA-2010/standings,Yes
,mausa-2008,mausa-2009,wf-2009,40,2008 Mid-Atlantic USA Programming Contest,2008-10-25,,,,https://web.archive.org/web/20081225225052/http://midatl.radford.edu/docs/scoreboard/summary.html,,,,,Yes
,mausa-2007,mausa-2008,wf-2008,1149,2007 ACM Mid-Atlantic USA Programming Contest,2007-10-27,,,,https://web.archive.org/web/20071030093748/http://midatl.radford.edu/docs/scoreboard/summary.html,,https://web.archive.org/web/20080915032257/http://icpc.baylor.edu/icpc/regionals/ViewRegionalStandings.asp?ContestID=843,,,Yes
,mausa-2006,mausa-2007,wf-2007,1122,2006 ACM Mid-Atlantic USA Programming Contest,2006-10-28,,,,https://web.archive.org/web/20061130113745/http://midatl.radford.edu/docs/scoreboard/summary.html,,https://web.archive.org/web/20071011185710/http://icpc.baylor.edu/icpc/regionals/ViewRegionalStandings.asp?ContestID=760,,,Yes
,mausa-2005,mausa-2006,wf-2006,1256,2005 ACM Mid-Atlantic USA Programming Contest,2005-11-12,,,,,,https://web.archive.org/web/20071011194528/http://icpc.baylor.edu/icpc/regionals/ViewRegionalStandings.asp?ContestID=718,,,Yes
,mausa-2004,mausa-2005,wf-2005,962,2004 ACM Mid-Atlantic USA Programming Contest,2004-11-13,,,,,,https://web.archive.org/web/20071012162836/http://icpc.baylor.edu/icpc/regionals/ViewRegionalStandings.asp?ContestID=684,,,Yes
,mausa-2003,mausa-2004,wf-2004,976,2003 ACM Mid-Atlantic USA Programming Contest,2003-11-08,,,,,,https://web.archive.org/web/20031220094537/http://icpc.baylor.edu/icpc/regionals/ViewRegionalStandings.asp?ContestID=642,,,Yes
,mausa-2002,mausa-2003,wf-2003,1189,2002 ACM Mid-Atlantic USA Programming Contest,2002-11-16,,,,,,,https://web.archive.org/web/20090307020352/http://icpc.baylor.edu/past/icpc2003/Regionals/Reports/icpc.baylor.edu/icpc/regionals/ViewRegionalStandingsdb5c.html?ContestID=568,,Yes
,mausa-2001,mausa-2002,wf-2002,1063,2001 ACM Mid-Atlantic USA Programming Contest,2001-11-10,,,https://web.archive.org/web/20020118132406/http://midatl.cs.vt.edu/,,,,https://web.archive.org/web/20090102025355/http://icpc.baylor.edu/Past/icpc2002/regionals/ViewRegionalStandings.asp?ContestID=500,,Yes
,mausa-2000,mausa-2001,wf-2001,1225,2000 ACM Mid-Atlantic USA Programming Contest,2000-11-11,,,https://web.archive.org/web/20010201085700/http://midatl.cslab.vt.edu/,,,,https://web.archive.org/web/20060901132440/http://icpc.baylor.edu/past/icpc2001/regionals/ViewRegionalStandings.asp?ContestID=435,,Yes
,mausa-1999,mausa-2000,wf-2000,1252,1999 ACM Mid-Atlantic USA Programming Contest,1999-11-06,,,https://web.archive.org/web/20020111114617/http://icpc.baylor.edu/past/icpc2000/regionals/MAUSA99/Report.html,,,"https://web.archive.org/web/20020623052755/http://icpc.baylor.edu/past/icpc2000/regionals/MAUSA99/Standings.html, https://www.eecis.udel.edu/~saunders/regional99/contest.html",,,Yes
,mausa-1998,mausa-1999,wf-1999,952,1998 ACM Mid-Atlantic USA Programming Contest,1998-11-14,,,,,,"https://web.archive.org/web/20100710043424fw_/http://icpc.baylor.edu/past/icpc99/Regionals/MAUSA98/Standings.htm, https://web.archive.org/web/20000618102448fw_/http://midatl.cslab.vt.edu/standings.html",,,Yes
,mausa-1997,mausa-1998,wf-1998,pre-cms,,,,,,,,,,,
,mausa-1996,mausa-1997,wf-1997,pre-cms,,,,,,https://web.archive.org/web/19990219233930/http://www.csc.vill.edu/%7Emidatl/scores.html,,https://www.eecis.udel.edu/~saunders/regional96/scores.html,,,Yes
,mausa-1995,mausa-1996,wf-1996,pre-cms,,,,,,,,https://www.eecis.udel.edu/~saunders/regional95/basestandings,,,Yes
,mausa-1994,mausa-1995,wf-1995,pre-cms,Mid-Atlantic Regional Contest,,,,,,,"https://www.eecis.udel.edu/~saunders/regional95/94region-scores.ps, https://usenetarchives.com/view.php?id=comp.org.acm&mid=PDM5OTcxcCRja3NAdHVuYS5jcy5kdWtlLmVkdT4",,,Yes
future,mcpc-2026,-,nac-2027,9771,2026 ICPC North America Mid-Central Regional Contest,,,,,,,,,,
,mcpc-2025,mcpc-2026,nac-2026,9337,2025 ICPC North America Mid-Central Regional Contest,2025-11-08,,,,https://mcpc25.kattis.com/contests/mcpc25/standings,,,,,Yes
,mcpc-2024,mcpc-2025,nac-2025,8935,2024 ICPC Mid-Central USA Regional Contest,2024-11-09,,,,https://mcpc24.kattis.com/contests/mcpc24/standings,,,,,Yes
,mcpc-2023,mcpc-2024,nac-2024,7460,2023 ICPC Mid-Central USA Regional Contest,2024-02-24,,,,https://mcpc23.kattis.com/contests/mcpc23/standings,,,,,Yes
,mcpc-2022,mcpc-2023,nac-2023,5384,2022 ICPC Mid-Central USA Regional Contest,2023-02-25,,,,https://mcpc22.kattis.com/contests/mcpc22/standings,,,,,Yes
,mcpc-2021,mcpc-2022,nac-2022,4678,2021 ICPC Mid-Central USA Regional Contest,2022-03-05,,,,https://mcpc21.kattis.com/contests/mcpc21/standings,,,,,Yes
,mcpc-2020,mcpc-2021,nac-2021,4341,2020 Mid-Central USA Regional Contest,2021-03-06,,,,https://mcpc20.kattis.com/contests/mcpc20/standings,,,,,Yes
,mcpc-2019,mcpc-2020,nac-2020,4067,2019 Mid-Central USA Regional Contest,2019-11-02,,,,https://mcpc19.kattis.com/contests/mcpc19/standings,,,,,Yes
,mcpc-2018,mcpc-2019,wf-2019,3556,2018 Mid-Central USA Regional Contest,2018-11-03,,,,https://mcpc18.kattis.com/contests/mcpc18/standings,,,,,Yes
,mcpc-2017,mcpc-2018,wf-2018,3268,2017 Mid-Central USA Regional Contest,2017-11-04,,,,https://mcpc17.kattis.com/contests/mcpc17/standings,,,,,Yes
,mcpc-2016,mcpc-2017,wf-2017,3207,2016 Mid-Central USA Regional Contest,2016-11-05,,,,https://mcpc16.kattis.com/contests/mcpc16/standings,,,,,Yes
,mcpc-2015,mcpc-2016,wf-2016,2837,2015 Mid-Central USA Regional Contest,2015-11-07,,,,https://mcpc15.kattis.com/contests/en2mpy/standings,,,,,Yes
,mcpc-2014,mcpc-2015,wf-2015,2443,2014 Mid-Central USA Regional Contest,2014-11-01,,,,https://web.archive.org/web/20141105064859/https://mcicpc.cs.atu.edu/reports/mcpc2014.final.html,,http://web.archive.org/web/20150309093047/http://icpc.baylor.edu/regionals/finder/mid-central-usa-2014/standings,,https://icpc.global/regionals/finder/Mid-Central-USA-2015/standings,Yes
,mcpc-2013,mcpc-2014,wf-2014,1978,2013 Mid-Central USA Regional Contest,2013-11-02,,,,https://web.archive.org/web/20150217031030/https://mcicpc.cs.atu.edu/reports/mcpc2013.final.html,,,,https://icpc.global/regionals/finder/Mid-Central-USA-2014/standings,Yes
,mcpc-2012,mcpc-2013,wf-2013,1386,2012 Mid-Central USA Regional Contest,2012-11-03,,,https://web.archive.org/web/20130421163915/http://mcicpc.cs.atu.edu/,https://web.archive.org/web/20130719042703/https://mcicpc.cs.atu.edu/reports/mcpc2012.final.html,,https://web.archive.org/web/20150309110027/http://icpc.baylor.edu/regionals/finder/mid-central-usa-2012/standings,,https://icpc.global/regionals/finder/Mid-Central-USA-2013/standings,Yes
,mcpc-2011,mcpc-2012,wf-2012,877,2011 Mid-Central USA Regional Contest,2011-11-05,,,,https://web.archive.org/web/20150921044654/https://mcicpc.cs.atu.edu/reports/mcpc2011.final.html,,,,https://icpc.global/regionals/finder/Mid-Central-USA-2012/standings,Yes
,mcpc-2010,mcpc-2011,wf-2011,655,2010 Mid-Central USA Regional Contest,2010-11-06,,,,https://web.archive.org/web/20150921044645/https://mcicpc.cs.atu.edu/reports/mcpc2010.final.html,,,,https://icpc.global/regionals/finder/Mid-Central-USA-2011/standings,Yes
,mcpc-2009,mcpc-2010,wf-2010,560,2009 Mid-Central USA Contest,2009-10-24,,,,https://web.archive.org/web/20150921044611/http://mcicpc.cs.atu.edu/reports/mcpc2009.final.html,,,,https://icpc.global/regionals/finder/Mid-Central-USA-2010/standings,Yes
,mcpc-2008,mcpc-2009,wf-2009,36,2008 Mid-Central USA Contest,2008-11-01,,,,https://web.archive.org/web/20150921043902/https://mcicpc.cs.atu.edu/reports/mcpc2008.final.html,,,,,Yes
,mcpc-2007,mcpc-2008,wf-2008,1209,2007 ACM Mid-Central USA Programming Contest,2007-11-03,,,,,,https://web.archive.org/web/20080915032304/http://icpc.baylor.edu/icpc/regionals/ViewRegionalStandings.asp?ContestID=844,,,Yes
,mcpc-2006,mcpc-2007,wf-2007,965,2006 ACM Mid-Central USA Programming Contest,2006-11-04,,,https://web.archive.org/web/20070703084532/http://mcpc.cs.rockhurst.edu/,,,https://web.archive.org/web/20071011194607/http://icpc.baylor.edu/icpc/regionals/ViewRegionalStandings.asp?ContestID=761,,,Yes
,mcpc-2005,mcpc-2006,wf-2006,1244,2005 ACM Mid-Central USA Programming Contest,2005-11-05,,,,,,https://web.archive.org/web/20071011202418/http://icpc.baylor.edu/icpc/regionals/ViewRegionalStandings.asp?ContestID=719,,,Yes
,mcpc-2004,mcpc-2005,wf-2005,1272,2004 ACM Mid-Central USA Programming Contest,2004-11-06,,,,,,https://web.archive.org/web/20071012162841/http://icpc.baylor.edu/icpc/regionals/ViewRegionalStandings.asp?ContestID=685,,,Yes
,mcpc-2003,mcpc-2004,wf-2004,1248,2003 ACM Mid-Central USA Programming Contest,2003-11-01,,,,,,https://web.archive.org/web/20071012205858/http://icpc.baylor.edu/icpc/regionals/ViewRegionalStandings.asp?ContestID=643,,,Yes
,mcpc-2002,mcpc-2003,wf-2003,1014,2002 ACM Mid-Central USA Programming Contest,2002-11-02,,,https://web.archive.org/web/20060901153922/http://icpc.baylor.edu/past/icpc2003/regionals/Reports/cs.smsu.edu/_mcpc/index.html,https://web.archive.org/web/20060901154028/http://icpc.baylor.edu/past/icpc2003/regionals/Reports/www.cs.smsu.edu/_rcjudge/2002.html,,,https://web.archive.org/web/20090307020234/http://icpc.baylor.edu/past/icpc2003/Regionals/Reports/icpc.baylor.edu/icpc/regionals/ViewRegionalStandings50e1.html?ContestID=569,,Yes
,mcpc-2001,mcpc-2002,wf-2002,1294,2001 ACM Mid-Central USA Programming Contest,2001-11-03,,,https://web.archive.org/web/20020611005801/http://csc.smsu.edu/~mcpc/01index.html,,,,"https://web.archive.org/web/20020611005801/http://csc.smsu.edu/~mcpc/01index.html, https://web.archive.org/web/20090102030808/http://icpc.baylor.edu/Past/icpc2002/regionals/ViewRegionalStandings.asp?ContestID=501",,Yes
,mcpc-2000,mcpc-2001,wf-2001,955,2000 ACM Mid-Central USA Programming Contest,2000-11-04,,,https://web.archive.org/web/20020802041600/http://csc.smsu.edu/~mcpc/00index.html,,,,https://web.archive.org/web/20060901130635/http://icpc.baylor.edu/past/icpc2001/regionals/ViewRegionalStandings.asp?ContestID=436,,Yes
,mcpc-1999,mcpc-2000,wf-2000,1249,1999 ACM Mid-Central USA Programming Contest,1999-11-06,,,https://web.archive.org/web/20010607202847if_/http://csc.smsu.edu/~mcpc/99index.html,https://web.archive.org/web/20020112035410/http://icpc.baylor.edu/past/icpc2000/regionals/MCUSA99/Standings.html,,,,,Yes
,mcpc-1998,mcpc-1999,wf-1999,1241,1998 ACM Mid-Central USA Programming Contest,1998-11-07,,,https://web.archive.org/web/20010607202630if_/http://csc.smsu.edu/~mcpc/98index.html,https://web.archive.org/web/20100710041333fw_/http://icpc.baylor.edu/past/icpc99/Regionals/MCUSA98/Standings.htm,,,,,Yes
,mcpc-1997,mcpc-1998,wf-1998,pre-cms,,,,,https://web.archive.org/web/20020802013114if_/http://csc.smsu.edu/~mcpc/old1index.html,https://web.archive.org/web/20020721054742if_/http://csc.smsu.edu/~mcpc/97results.html,,,,,Yes
,mcpc-1996,mcpc-1997,wf-1997,pre-cms,,,,,https://web.archive.org/web/20010607204252if_/http://csc.smsu.edu/~mcpc/oldIndex.html,,,,,,
,mcpc-1995,mcpc-1996,wf-1996,pre-cms,,,,,https://web.archive.org/web/19990225093159/http://www.harding.edu/%7Eacm95/,https://web.archive.org/web/19990129052134/http://www.harding.edu/%7Eacm95/standings.html,,,,,Yes
,mcpc-1994,mcpc-1995,wf-1995,pre-cms,,,,,,,,,,,
,mcpc-1993,mcpc-1994,wf-1994,pre-cms,,,,,,,,,,,
,mcpc-1992,mcpc-1993,wf-1993,pre-cms,,,,,,,,,,,
future,ncna-2026,-,nac-2027,9772,2026 ICPC North America North Central Regional Contest,,,,,,,,,,
,ncna-2025,ncna-2026,nac-2026,9325,2025 ICPC North America North Central Regional Contest,2025-11-08,,,,https://ncna25.kattis.com/contests/ncna25/standings,,,,,Yes
,ncna-2024,ncna-2025,nac-2025,8924,2024 ICPC North Central NA Regional Contest,2024-11-09,,,,https://ncna24.kattis.com/contests/ncna24/standings,,,,,Yes
,ncna-2023,ncna-2024,nac-2024,7456,2023 ICPC North Central NA Regional Contest,2023-11-04,,,,https://ncna23.kattis.com/contests/ncna23/standings,,,,,Yes
,ncna-2022,ncna-2023,nac-2023,5370,2022 ICPC North Central NA Regional Contest,2023-02-25,,,,https://ncna22.kattis.com/contests/ncna22/standings,,,,,Yes
,ncna-2021,ncna-2022,nac-2022,4683,2021 ICPC North Central NA Regional Contest,2022-02-26,,,,https://ncna21.kattis.com/contests/ncna21/standings,,,,,Yes
,ncna-2020,ncna-2021,nac-2021,4339,2020 North Central NA Regional Contest,2021-02-27,,,,https://ncna20.kattis.com/contests/ncna20/standings,,,,,Yes
,ncna-2019,ncna-2020,nac-2020,4061,2019 North Central NA Regional Contest,2019-11-09,,,,https://ncna19.kattis.com/contests/ncna19/standings,,,,,Yes
,ncna-2018,ncna-2019,wf-2019,3550,2018 North Central NA Regional Contest,2018-11-03,,,,https://ncna18.kattis.com/contests/ncna18/standings,,,,,Yes
,ncna-2017,ncna-2018,wf-2018,3271,2017 North Central NA Regional Contest,2017-10-28,,,,https://ncna17.kattis.com/contests/ncna17/standings,,,,,Yes
,ncna-2016,ncna-2017,wf-2017,3212,2016 North Central NA Regional Contest,2016-10-29,,,https://web.archive.org/web/20170204191931/http://ncna-region.unl.edu/,,,,,https://icpc.global/regionals/finder/North-Central-North-America-2017/standings,Yes
,ncna-2015,ncna-2016,wf-2016,2841,2015 North Central NA Regional Contest,2015-10-31,,,,,,,,https://icpc.global/regionals/finder/North-Central-North-America-2016/standings,Yes
,ncna-2014,ncna-2015,wf-2015,2413,2014 North Central NA Regional Contest,2014-11-08,,,,,,,,https://icpc.global/regionals/finder/North-Central-North-America-2015/standings,Yes
,ncna-2013,ncna-2014,wf-2014,1976,2013 North Central NA Regional Contest,2013-11-09,,,,,,,,https://icpc.global/regionals/finder/North-Central-North-America-2014/standings,Yes
,ncna-2012,ncna-2013,wf-2013,1383,2012 North Central NA Regional Contest,2012-11-03,,,,"https://web.archive.org/web/20150319053136/http://ncna-region.unl.edu/regional-scoreboard, https://web.archive.org/web/20121106074000/https://cse.unl.edu/~upe/contest",,,,https://icpc.global/regionals/finder/North-Central-North-America-2013/standings,Yes
,ncna-2011,ncna-2012,wf-2012,880,2011 North Central NA Regional Contest,2011-11-12,,,,"https://web.archive.org/web/20120123161007/http://cs.unomaha.edu/~acmregn/reports/20111112/Standings.html, https://web.archive.org/web/20120101111547/http://cs.unomaha.edu/~acmregn/rankorder.html",,,,https://icpc.global/regionals/finder/North-Central-North-America-2012/standings,Yes
,ncna-2010,ncna-2011,wf-2011,643,2010 North Central NA Regional Contest,2010-11-06,,,,https://web.archive.org/web/20120101111547/http://cs.unomaha.edu/~acmregn/rankorder.html,,,,https://icpc.global/regionals/finder/North-Central-North-America-2011/standings,Yes
,ncna-2009,ncna-2010,wf-2010,549,2009 North Central NA Contest,2009-10-31,,,,https://web.archive.org/web/20100105203925/http://cs.unomaha.edu/~acmregn/rankorder.html,,,,https://icpc.global/regionals/finder/North-Central-North-America-2010/standings,Yes
,ncna-2008,ncna-2009,wf-2009,34,2008 North Central NA Contest,2008-11-15,,,,"https://web.archive.org/web/20090102064607/http://cs.unomaha.edu/~acmregn/reports/20081115/Standings.html, https://web.archive.org/web/20090111105929/http://cs.unomaha.edu/~acmregn/rankorder.html",,,,,Yes
,ncna-2007,ncna-2008,wf-2008,1153,2007 ACM North Central North America Programming Contest,2007-11-03,,,,https://web.archive.org/web/20080113000640/http://cs.unomaha.edu/~acmregn/rankorder.html,,https://web.archive.org/web/20080915032312/http://icpc.baylor.edu/icpc/regionals/ViewRegionalStandings.asp?ContestID=846,,,Yes
,ncna-2006,ncna-2007,wf-2007,1271,2006 ACM North Central North America Programming Contest,2006-11-11,,,,,,https://web.archive.org/web/20071011194610/http://icpc.baylor.edu/icpc/regionals/ViewRegionalStandings.asp?ContestID=763,,,Yes
,ncna-2005,ncna-2006,wf-2006,970,2005 ACM North Central North America Programming Contest,2005-11-05,,,,,,https://web.archive.org/web/20071011223735/http://icpc.baylor.edu/icpc/regionals/ViewRegionalStandings.asp?ContestID=721,,,Yes
,ncna-2004,ncna-2005,wf-2005,982,2004 ACM North Central North America Programming Contest,2004-11-13,,,,https://web.archive.org/web/20050829010233/http://cs.unomaha.edu/~acmregn/rankorder.html,,https://web.archive.org/web/20071012162852/http://icpc.baylor.edu/icpc/regionals/ViewRegionalStandings.asp?ContestID=687,,,Yes
,ncna-2003,ncna-2004,wf-2004,1183,2003 ACM North Central North America Programming Contest,2003-11-08,,,,https://web.archive.org/web/20041208164033/http://cs.unomaha.edu/~acmregn/rankorder.html,,https://web.archive.org/web/20071012205908/http://icpc.baylor.edu/icpc/regionals/ViewRegionalStandings.asp?ContestID=645,,,Yes
,ncna-2002,ncna-2003,wf-2003,990,2002 ACM North Central North America Programming Contest,2002-11-09,,,https://web.archive.org/web/20060901153215/http://icpc.baylor.edu/past/icpc2003/regionals/Reports/csalpha.ist.unomaha.edu/acmregn/index.html,https://web.archive.org/web/20060901153236/http://icpc.baylor.edu/past/icpc2003/regionals/Reports/istmvs.unomaha.edu/acmregn/stand02.html,,,https://web.archive.org/web/20090307020301/http://icpc.baylor.edu/past/icpc2003/Regionals/Reports/icpc.baylor.edu/icpc/regionals/ViewRegionalStandings6b00.html?ContestID=571,,Yes
,ncna-2001,ncna-2002,wf-2002,1081,2001 ACM North Central North America Programming Contest,2001-11-10,,,https://web.archive.org/web/20090713040542/http://www.acm.inf.ethz.ch/ProblemSetArchive/B_US_NorthCen/2001/index.html,https://web.archive.org/web/20030612104938/http://istmvs.unomaha.edu/webpages/acmregn.html,,,https://web.archive.org/web/20090102031005/http://icpc.baylor.edu/Past/icpc2002/regionals/ViewRegionalStandings.asp?ContestID=503,,Yes
,ncna-2000,ncna-2001,wf-2001,1073,2000 ACM North Central North America Programming Contest,2000-11-11,,,https://web.archive.org/web/20091116120639/http://cs.unomaha.edu/acmregn/index.html,https://web.archive.org/web/20091105132533/http://cs.unomaha.edu/~acmregn/rankorder.html,,,https://web.archive.org/web/20060901130729/http://icpc.baylor.edu/past/icpc2001/regionals/ViewRegionalStandings.asp?ContestID=438,,Yes
,ncna-1999,ncna-2000,wf-2000,1095,1999 ACM North Central North America Programming Contest,1999-11-13,,,https://web.archive.org/web/20090713050536/http://www.acm.inf.ethz.ch/ProblemSetArchive/B_US_NorthCen/1999/index.html,https://web.archive.org/web/20020112002718/http://icpc.baylor.edu/past/icpc2000/regionals/NCNA99/Standings.html,,,,,Yes
,ncna-1998,ncna-1999,wf-1999,1228,1998 ACM North Central North America Programming Contest,1998-11-07,,,https://web.archive.org/web/19981202185104/http://csalpha.unomaha.edu/acmregn/,https://web.archive.org/web/20100710041607fw_/http://icpc.baylor.edu/past/icpc99/Regionals/NCNA98/Standings.htm,,,,,Yes
,ncna-1997,ncna-1998,wf-1998,pre-cms,,1997-11-12,,,,https://web.archive.org/web/19981207043352/http://www.cs.unomaha.edu/acmregn/stand97.html,,,,,Yes
,ncna-1996,ncna-1997,wf-1997,pre-cms,,,,,,https://web.archive.org/web/19970627082240/http://www.cs.unomaha.edu/acmregn/stand96.html,,,,,Yes
,ncna-1995,ncna-1996,wf-1996,pre-cms,,,,,https://web.archive.org/web/20090713055319/http://www.acm.inf.ethz.ch/ProblemSetArchive/B_US_NorthCen/1995/index.html,,,,,,
,ncna-1994,ncna-1995,wf-1995,pre-cms,,,,,https://web.archive.org/web/20090713054010/http://www.acm.inf.ethz.ch/ProblemSetArchive/B_US_NorthCen/1994/index.html,,,,,,
,ncna-1993,ncna-1994,wf-1994,pre-cms,,,,,,,,,,,
,nena-2026,-,nac-2027,9775,2026 ICPC North America Northeast Regional Contest,,,,,,,,,,
,nena-2025,nena-2026,nac-2026,9340,2025 ICPC North America Northeast Regional Contest,2025-11-09,,,,https://naeast25.kattis.com/contests/naeast25/standings/nena/all,,,,,Yes
,nena-2024,nena-2025,nac-2025,8922,2024 ICPC Northeast North America Regional Contest,2024-11-10,,,,https://naeast24.kattis.com/contests/naeast24/standings/nena/all,,,,,Yes
,nena-2023,nena-2024,nac-2024,7449,2023 ICPC Northeast North America Regional Contest,2023-10-29,,,https://ne.na.icpc.global/archive/2023-2024/,https://naeast23.kattis.com/contests/naeast23/standings/5331,,,,,Yes
,nena-2022,nena-2023,nac-2023,5389,2022 ICPC Northeast North America Regional Contest,2023-02-25,,,,https://nena22.kattis.com/contests/nena22/standings,,,,,Yes
,nena-2021,nena-2022,nac-2022,4677,2021 ICPC Northeast North America Regional Contest,2022-03-05,,,,https://nena21.kattis.com/contests/nena21/standings,,,,,Yes
,nena-2020,nena-2021,nac-2021,4352,2020 Northeast North America Regional Contest,2021-03-06,,,,https://nena20.kattis.com/contests/nena20/standings,,,,,Yes
,nena-2019,nena-2020,nac-2020,4078,2019 Northeast North America Regional Contest,2019-11-09,,,,https://nena19.kattis.com/contests/nena19/standings,,,,,Yes
,nena-2018,nena-2019,wf-2019,3537,2018 Northeast North America Regional Contest,2018-11-10,,,,,,,,https://icpc.global/regionals/finder/Northeast-North-America-2019/standings,Yes
,nena-2017,nena-2018,wf-2018,3254,2017 Northeast North America Regional Contest,2017-11-11,,,,,,,,https://icpc.global/regionals/finder/Northeast-North-America-2018/standings,Yes
,nena-2016,nena-2017,wf-2017,3196,2016 Northeast North America Regional Contest,2016-11-19,,,,,,,,https://icpc.global/regionals/finder/Northeast-North-America-2017/standings,Yes
,nena-2015,nena-2016,wf-2016,2821,2015 Northeast North America Regional Contest,2015-11-14,,,,,,,,https://icpc.global/regionals/finder/Northeast-North-America-2016/standings,Yes
,nena-2014,nena-2015,wf-2015,2426,2014 Northeast North America Regional Contest,2014-11-15,,,,,,,,https://icpc.global/regionals/finder/Northeast-North-America-2015/standings,Yes
,nena-2013,nena-2014,wf-2014,1959,2013 Northeast North America Regional Contest,,,,,,,,,https://icpc.global/regionals/finder/Northeast-North-America-2014/standings,Yes
,nena-2012,nena-2013,wf-2013,1377,2012 Northeast NA Regional Contest,2012-11-03,,,,,,,,https://icpc.global/regionals/finder/Northeast-North-America-2013/standings,Yes
,nena-2011,nena-2012,wf-2012,883,2011 Northeast North America Regional Contest,2011-11-05,,,,,,,,https://icpc.global/regionals/finder/Northeast-North-America-2012/standings,Yes
,nena-2010,nena-2011,wf-2011,648,2010 Northeast North America Regional Contest,2010-11-06,,,,,,,,https://icpc.global/regionals/finder/Northeast-North-America-2011/standings,Yes
,nena-2009,nena-2010,wf-2010,551,2009 Northeast North America Programming Contest,2009-10-31,,,,,,,,https://icpc.global/regionals/finder/Northeast-North-America-2010/standings,Yes
,nena-2008,nena-2009,wf-2009,38,2008 Northeast North America Programming Contest,2008-11-01,,,,,,,,,
,nena-2007,nena-2008,wf-2008,1214,2007 ACM Northeast North America Programming Contest,2007-11-10,,,,,,https://web.archive.org/web/20080915032317/http://icpc.baylor.edu/icpc/regionals/ViewRegionalStandings.asp?ContestID=847,,,Yes
,nena-2006,nena-2007,wf-2007,1030,2006 ACM Northeast North America Programming Contest,2006-11-11,,,,,,https://web.archive.org/web/20071011185717/http://icpc.baylor.edu/icpc/regionals/ViewRegionalStandings.asp?ContestID=764,,,Yes
,nena-2005,nena-2006,wf-2006,1155,2005 ACM Northeast North America Programming Contest,2005-11-05,,,,,,https://web.archive.org/web/20090103065030/http://icpc.baylor.edu/icpc/regionals/ViewRegionalStandings.asp?ContestID=722,,,Yes
,nena-2004,nena-2005,wf-2005,1192,2004 ACM Northeast North America Programming Contest,2004-11-13,,,https://web.archive.org/web/20041205064658/http://cs.wsc.ma.edu/acm_ne_region.html,https://web.archive.org/web/20041205120142/http://cs.wsc.ma.edu/~larry/acm/results.html,,https://web.archive.org/web/20071012162900/http://icpc.baylor.edu/icpc/regionals/ViewRegionalStandings.asp?ContestID=688,,,Yes
,nena-2003,nena-2004,wf-2004,1148,2003 ACM Northeast North America Programming Contest,2003-11-08,,,https://web.archive.org/web/20040217191847/http://cs.wsc.ma.edu/acm_ne_region.html,https://web.archive.org/web/20040206103810/http://cs.wsc.ma.edu/~larry/acm/results.html,,https://web.archive.org/web/20071012205913/http://icpc.baylor.edu/icpc/regionals/ViewRegionalStandings.asp?ContestID=646,,,Yes
,nena-2002,nena-2003,wf-2003,1100,2002 ACM Northeast North America Programming Contest,2002-11-09,,,https://web.archive.org/web/20021209092842/http://cs.wsc.ma.edu/acm_ne_region.html,https://web.archive.org/web/20021209131527/http://cs.wsc.ma.edu/~larry/acm/results.html#final,,,https://web.archive.org/web/20090307020145/http://icpc.baylor.edu/past/icpc2003/Regionals/Reports/icpc.baylor.edu/icpc/regionals/ViewRegionalStandings00fd.html?ContestID=572,,Yes
,nena-2001,nena-2002,wf-2002,980,2001 ACM Northeast North America Programming Contest,2001-11-03,,,https://web.archive.org/web/20020205081135/http://cs.wsc.ma.edu/acm_ne_region.html,https://web.archive.org/web/20020406105609/http://cs.wsc.ma.edu/acm/results.html#final,,,https://web.archive.org/web/20090102030821/http://icpc.baylor.edu/Past/icpc2002/regionals/ViewRegionalStandings.asp?ContestID=504,,Yes
,nena-2000,nena-2001,wf-2001,1296,2000 ACM Northeast North America Programming Contest,2000-11-04,,,https://web.archive.org/web/20001211041900/http://cs.wsc.ma.edu/acm_ne_region.html,https://web.archive.org/web/20010217233635/http://cs.wsc.ma.edu/acm/results.html,,,https://web.archive.org/web/20060901131802/http://icpc.baylor.edu/past/icpc2001/regionals/ViewRegionalStandings.asp?ContestID=439,,Yes
,nena-1999,nena-2000,wf-2000,1215,1999 ACM Northeast North America Programming Contest,1999-11-06,,,https://web.archive.org/web/20000417015418/http://cs.wsc.ma.edu/acm_ne_region.html,https://web.archive.org/web/19991109083553/http://cs.wsc.ma.edu/acm/results.html,,,,,Yes
,nena-1998,nena-1999,wf-1999,1062,1998 ACM Northeast North America Programming Contest,1998-10-24,,,https://web.archive.org/web/19990220233417/http://garfield.cs.wsc.ma.edu/acm_ne_region.html,,,https://web.archive.org/web/19990220183157/http://garfield.cs.wsc.ma.edu/acm/results.html,,,Yes
,nena-1997,nena-1998,wf-1998,pre-cms,,,,,https://web.archive.org/web/19990128003821/http://cs.wsc.ma.edu/acm_ne_region.html,https://web.archive.org/web/19990127193649/http://cs.wsc.ma.edu/acm/results.html,,,,,Yes
,nena-atlantic-2019,-,nena-2019,4079,2019 Atlantic Canadian Preliminary Contest,2019-10-25,,,,,,,,,
,nena-atlantic-2018,nena-atlantic-2019,nena-2018,3541,2018 Atlantic Canadian Preliminary Contest,2018-10-12,,,,,,,,,
,nena-atlantic-2017,nena-atlantic-2018,nena-2017,3257,2017 Atlantic Canadian Preliminary Contest,2017-10-13,,,,,,,,,
,nena-atlantic-2016,nena-atlantic-2017,nena-2016,3197,2016 Cape Breton - Atlantic Canadian Contest,2016-10-14,,,,,,,,,
,nena-atlantic-2015,nena-atlantic-2016,nena-2015,2822,2015 Atlantic Canadian Preliminary Contest,2015-10-23,,,,,,,,,
,nena-atlantic-2014,nena-atlantic-2015,nena-2014,2711,2014 Atlantic Canadian Preliminary Contest,2014-10-03,,,,,,,,,
,nena-atlantic-2013,nena-atlantic-2014,nena-2013,1960,2013 UPEI Science Atlantic Contest,2013-10-18,,,,,,,,,
,nena-atlantic-2012,nena-atlantic-2013,nena-2012,1382,2012 Mount Allison Science Atlantic Contest,2012-10-12,,,,,,,,,
,nena-atlantic-2011,nena-atlantic-2012,nena-2011,886,2011 Saint Francis Xavier's APICS Contest,2011-10-14,,,,,,,,,
,nena-atlantic-2010,nena-atlantic-2011,nena-2010,649,2010 Saint Mary's APICS Contest,2010-10-15,,,,,,,,,
,nena-atlantic-2009,nena-atlantic-2010,nena-2009,553,2009 Dalhousie University APICS Contest,2009-10-23,,,,,,,,,
,nena-atlantic-2008,nena-atlantic-2009,nena-2008,48,2008 Universite de Moncton APICS Contest,2008-10-17,,,,,,,,,
,nena-east-2019,-,nena-2019,4081,2019 Eastern (BOSPRE) Contest,2019-10-19,,,,https://web.archive.org/web/20250330120804/https://hc3.seas.harvard.edu/hc3/bospre/2019/scoreboard.web.pdf,,,,,Yes
,nena-east-2018,nena-east-2019,nena-2018,3542,2018 Eastern (BOSPRE) Contest,2018-10-13,,,https://web.archive.org/web/20240708202609/https://hc3.seas.harvard.edu/hc3/bospre/2018/,https://web.archive.org/web/20211127205440/https://hc3.seas.harvard.edu/hc3/bospre/2018/scoreboard.web,,,,,Yes
,nena-east-2017,nena-east-2018,nena-2017,3259,2017 Eastern (BOSPRE) Contest,2017-10-14,,,,https://web.archive.org/web/20241116211001/https://hc3.seas.harvard.edu/hc3/bospre/2017/scoreboard.web,,,,,Yes
,nena-east-2016,nena-east-2017,nena-2016,3198,2016 Eastern (BOSPRE) Contest,2016-10-15,,,,https://web.archive.org/web/20170929035034/http://hc3.seas.harvard.edu/hc3/bospre/2016/scoreboard.web,,,,,Yes
,nena-east-2015,nena-east-2016,nena-2015,2826,2015 Eastern (BOSPRE) Contest,2015-10-17,,,https://web.archive.org/web/20170226181526/http://hc3.seas.harvard.edu/hc3/bospre/2015/,,,,,,
,nena-east-2014,nena-east-2015,nena-2014,2715,2014 Eastern (BOSPRE) Contest,2014-10-18,,,,,,,,,
,nena-east-2013,nena-east-2014,nena-2013,1963,2013 BOSPRE Preliminary Contest,2013-10-19,,,,,,,,,
,nena-east-2012,nena-east-2013,nena-2012,1379,2012 BOSPRE Preliminary Contest,2012-10-13,,,,,,,,,
,nena-east-2011,nena-east-2012,nena-2011,887,2011 BOSPRE Preliminary Contest,2011-10-15,,,,,,,,,
,nena-east-2010,nena-east-2011,nena-2010,653,2010 BOSPRE Preliminary Contest,2010-10-16,,,,,,,,,
,nena-east-2009,nena-east-2010,nena-2009,555,2009 BOSPRE (Tufts/UMassB/Wellesley) Preliminary Contest,2009-10-17,,,,,,,,,
,nena-east-2008,nena-east-2009,nena-2008,49,2008 BOSPRE (Brown/Tufts) Preliminary Contest,2008-10-18,,,,,,,,,
,nena-central-2019,-,nena-2019,4082,Hamilton College - Central Contest,2019-11-09,,,,,,,,,
,nena-central-2018,nena-central-2019,nena-2018,3539,Hamilton - Northeast Contest,,,,,,,,,,
,nena-central-2017,nena-central-2018,nena-2017,3256,Hamilton - Northeast Contest,,,,,,,,,,
,nena-central-2016,nena-central-2017,nena-2016,3236,Hamilton - Northeast Contest,,,,,,,,,,
,nena-central-2015,nena-central-2016,nena-2015,2825,WNE - Northeast Preliminary,2015-10-24,,,,,,,,,
,nena-central-2014,nena-central-2015,nena-2014,2712,2014 WNE Preliminary Contest,2014-10-04,,,,,,,,,
,nena-central-2013,nena-central-2014,nena-2013,1965,2013 WNE Preliminary,2013-10-05,,,,,,,,,
,nena-central-2012,nena-central-2013,nena-2012,1380,2012 WNEC Preliminary,2012-10-20,,,,,,,,,
,nena-central-2011,nena-central-2012,nena-2011,884,2011 WNEC Preliminary,2011-10-22,,,,,,,,,
,nena-central-2010,nena-central-2011,nena-2010,651,2010 WNEC Preliminary,2010-10-23,,,,,,,,,
,nena-central-2009,nena-central-2010,nena-2009,552,2009 WNEC Preliminary,2009-10-24,,,,,,,,,
,nena-central-2008,nena-central-2009,nena-2008,45,2008 WNEC Preliminary,2008-10-04,,,,,,,,,
,nena-west-2019,-,nena-2019,4080,2019 Buffalo - Western Contest,2019-10-26,,,,,,,,,
,nena-west-2018,nena-west-2019,nena-2018,3540,Oswego - Western Preliminary Contest,,,,,,,,,,
,nena-west-2017,nena-west-2018,nena-2017,3255,Oswego - Western Preliminary Contest,,,,,,,,,,
,nena-west-2016,nena-west-2017,nena-2016,3200,Oswego - Western Preliminary Contest,,,,,,,,,,
,nena-west-2015,nena-west-2016,nena-2015,2824,2015 Western Preliminary Contest,,,,,,,,,,
,nena-west-2014,nena-west-2015,nena-2014,2713,2014 Western Preliminary Contest,,,,,,,,,,
,nena-west-2013,nena-west-2014,nena-2013,1961,2013 SUNY Oswego Preliminary Contest,2013-10-12,,,,,,,,,
,nena-west-2012,nena-west-2013,nena-2012,1378,2012 SUNY Oswego Preliminary Contest,2012-10-13,,,,,,,,,
,nena-west-2011,nena-west-2012,nena-2011,885,2011 SUNY Oswego Preliminary Contest,2011-10-08,,,,,,,,,
,nena-west-2010,nena-west-2011,nena-2010,652,2010 SUNY Oswego Contest,2010-10-09,,,,,,,,,
,nena-west-2009,nena-west-2010,nena-2009,556,2009 Fredonia Preliminary Contest,,,,,,,,,,
,nena-west-2008,nena-west-2009,nena-2008,47,2008 Oswego Preliminary Contest,2008-10-11,,,,,,,,,
,nena-north-2019,-,nena-2019,4083,McGill - NE Regional Quebec Contest,2019-10-26,,,,,,,,,
,nena-north-2018,nena-north-2019,nena-2018,3538,Clarkson - Northern Preliminary,,,,,,,,,,
,nena-north-2017,nena-north-2018,nena-2017,3258,Clarkson - Northern Preliminary,,,,,,,,,,
,nena-north-2016,nena-north-2017,nena-2016,3201,Clarkson - Northern Preliminary,,,,,,,,,,
,nena-north-2015,nena-north-2016,nena-2015,2823,Clarkson - Northern Preliminary,,,,,,,,,,
,nena-north-2014,nena-north-2015,nena-2014,2714,2014 Northern Preliminary Contest,,,,,,,,,,
,nena-north-2013,nena-north-2014,nena-2013,1962,2013 Clarkson Preliminary Contest,,,,,,,,,,
,nena-north-2012,nena-north-2013,nena-2012,1381,2012 Clarkson Preliminary Contest,,,,,,,,,,
,nena-north-2011,nena-north-2012,nena-2011,928,2011 Clarkson Preliminary Contest,,,,,,,,,,
,nena-north-2009,nena-north-2011,nena-2009,570,2009 Potsdam Preliminary Contest,2009-10-17,,,,,,,,,
,nena-north-2008,nena-north-2009,nena-2008,44,2008 McGill Preliminary Contest,,,,,,,,,,
future,pacnw-2026,-,nac-2027,9774,2026 ICPC North America Pacific Northwest Regional Contest,,,,,,,,,,
,pacnw-2025,pacnw-2026,nac-2026,9334,2025 ICPC North America Pacific Northwest Regional Contest,2025-11-15,,,http://www.acmicpc-pacnw.org/,https://pnw.na.icpc.global/scoreboard/2025/real_contest/index_D1.html,,,,,Yes
,pacnw-2024,pacnw-2025,nac-2025,8927,2024 ICPC Pacific Northwest Regional Contest,2024-11-16,,,http://www.acmicpc-pacnw.org/results.htm,"http://www.acmicpc-pacnw.org/scoreboard/2024/index_D1.html, http://www.acmicpc-pacnw.org/scoreboard/2024/index_D2.html",,,,,Yes
,pacnw-2023,pacnw-2024,nac-2024,7467,2023 ICPC Pacific Northwest Regional Contest,2024-02-24,,,http://www.acmicpc-pacnw.org/results.htm,"http://www.acmicpc-pacnw.org/scoreboard/2023/index_D1.html, http://www.acmicpc-pacnw.org/scoreboard/2023/index_D2.html",,,,,Yes
,pacnw-2022,pacnw-2023,nac-2023,5380,2022 ICPC Pacific Northwest Regional Contest,2023-02-25,,,http://www.acmicpc-pacnw.org/results.htm,"http://www.acmicpc-pacnw.org/scoreboard/Spring2023/index1.html, http://www.acmicpc-pacnw.org/scoreboard/Spring2023/index2.html",,,,,Yes
,pacnw-2021,pacnw-2022,nac-2022,4689,2021 ICPC Pacific Northwest Regional Contest,2022-03-05,,,http://www.acmicpc-pacnw.org/results.htm,"http://www.acmicpc-pacnw.org/scoreboard/2022/index1.html, http://www.acmicpc-pacnw.org/scoreboard/2022/index2.html",,,,,Yes
,pacnw-2020,pacnw-2021,nac-2021,4348,2020/2021 Pacific Northwest Regional Contest,2021-03-06,,,http://www.acmicpc-pacnw.org/results.htm,"http://www.acmicpc-pacnw.org/scoreboard/2020/index1.html, http://www.acmicpc-pacnw.org/scoreboard/2020/index2.html",,,,,Yes
,pacnw-2019,pacnw-2020,nac-2020,4084,2019 Pacific Northwest Regional Contest,2019-11-09,,,http://www.acmicpc-pacnw.org/results.htm,"http://www.acmicpc-pacnw.org/scoreboard/2019/index1.html, http://www.acmicpc-pacnw.org/scoreboard/2019/index2.html",,,,,Yes
,pacnw-2018,pacnw-2019,wf-2019,3543,2018 Pacific Northwest Regional Contest,2018-11-03,,,http://www.acmicpc-pacnw.org/results.htm,"http://www.acmicpc-pacnw.org/scoreboard/2018/index1.html, http://www.acmicpc-pacnw.org/scoreboard/2018/index2.html",,,,,Yes
,pacnw-2017,pacnw-2018,wf-2018,3265,2017 Pacific Northwest Regional Contest,2017-11-11,,,http://www.acmicpc-pacnw.org/results.htm,"http://www.acmicpc-pacnw.org/ProblemSet/2017/index1.html, http://www.acmicpc-pacnw.org/ProblemSet/2017/index2.html",,,,,Yes
,pacnw-2016,pacnw-2017,wf-2017,3213,2016 Pacific Northwest Regional Contest,2016-11-05,,,http://www.acmicpc-pacnw.org/results.htm,http://www.acmicpc-pacnw.org/scoreboard/2016/ACM%20Pacific%20Northwest%20Regional%20Programming%20Contest.html,,,,,Yes
,pacnw-2015,pacnw-2016,wf-2016,2836,2015 Pacific Northwest Regional Contest,2015-11-14,,,http://www.acmicpc-pacnw.org/results.htm,"http://www.acmicpc-pacnw.org/ProblemSet/2015/index1.html, http://www.acmicpc-pacnw.org/ProblemSet/2015/index2.html",,,,,Yes
,pacnw-2014,pacnw-2015,wf-2015,2419,2014 Pacific Northwest Regional Contest,2014-11-15,,,http://www.acmicpc-pacnw.org/results.htm,"http://www.acmicpc-pacnw.org/ProblemSet/2014/html.all/index1.html, http://www.acmicpc-pacnw.org/ProblemSet/2014/html.all/index2.html",,,,,Yes
,pacnw-2013,pacnw-2014,wf-2014,1984,2013 Pacific Northwest Regional Contest,2013-11-03,,,http://www.acmicpc-pacnw.org/results.htm,http://www.acmicpc-pacnw.org/ProblemSet/2013/index.html,,,,,Yes
,pacnw-2012,pacnw-2013,wf-2013,1393,2012 Pacific Northwest Regional Contest,2012-11-04,,,http://www.acmicpc-pacnw.org/results.htm,http://www.acmicpc-pacnw.org/Standings/2012/index.html,,,,,Yes
,pacnw-2011,pacnw-2012,wf-2012,871,2011 Pacific Northwest Regional Contest,2011-11-05,,,http://www.acmicpc-pacnw.org/results.htm,http://www.acmicpc-pacnw.org/Standings/2011_Pacific_Northwest_Regional_Contest.htm,,http://www.acmicpc-pacnw.org/Standings/pacnw2011finalstandings.html,,,Yes
,pacnw-2010,pacnw-2011,wf-2011,647,2010 Pacific Northwest Regional Contest,2010-11-13,,,http://www.acmicpc-pacnw.org/results.htm,,,http://www.acmicpc-pacnw.org/Standings/2010.htm,,,Yes
,pacnw-2009,pacnw-2010,wf-2010,558,2009 Pacific Northwest Contest,2009-11-07,,,http://www.acmicpc-pacnw.org/results.htm,,,http://www.acmicpc-pacnw.org/Standings/2009.htm,,,Yes
,pacnw-2008,pacnw-2009,wf-2009,31,2008 Pacific Northwest Contest,2008-11-15,,,http://www.acmicpc-pacnw.org/results.htm,"http://www.acmicpc-pacnw.org/Standings/2008.htm, http://www.acmicpc-pacnw.org/ProblemSet/2008/runs%20report.txt",,http://www.acmicpc-pacnw.org/Standings/2008.htm,,,Yes
,pacnw-2007,pacnw-2008,wf-2008,996,2007 ACM Pacific Northwest Programming Contest,2007-11-10,,,http://www.acmicpc-pacnw.org/results.htm,,,http://www.acmicpc-pacnw.org/Standings/2007.htm,,,Yes
,pacnw-2006,pacnw-2007,wf-2007,1162,2006 ACM Pacific Northwest Programming Contest,2006-11-11,,,http://www.acmicpc-pacnw.org/results.htm,,,http://www.acmicpc-pacnw.org/Standings/2006/results.htm,,,Yes
,pacnw-2005,pacnw-2006,wf-2006,1078,2005 ACM Pacific Northwest Programming Contest,2005-11-05,,,http://www.acmicpc-pacnw.org/results.htm,"http://www.acmicpc-pacnw.org/Standings/2005/Results.htm, http://www.acmicpc-pacnw.org/ContestStats/2005/pc2.report.complete.txt",,http://www.acmicpc-pacnw.org/Standings/2005/Results.htm,,,Yes
,pacnw-2004,pacnw-2005,wf-2005,1105,2004 ACM Pacific Northwest Programming Contest,2004-11-13,,,http://www.acmicpc-pacnw.org/results.htm,"http://www.acmicpc-pacnw.org/Standings/2004/Results.htm, http://www.acmicpc-pacnw.org/Standings/2004/pc2_report_comp.txt",,http://www.acmicpc-pacnw.org/Standings/2004/Results.htm,,,Yes
,pacnw-2003,pacnw-2004,wf-2004,971,2003 ACM Pacific Northwest Programming Contest,2003-11-15,,,http://www.acmicpc-pacnw.org/results.htm,"http://www.acmicpc-pacnw.org/Standings/2003/results2003.htm, http://www.acmicpc-pacnw.org/Standings/2003/teamstats.htm",,http://www.acmicpc-pacnw.org/Standings/2003/results2003.htm,,,Yes
,pacnw-2002,pacnw-2003,wf-2003,1273,2002 ACM Pacific Northwest Programming Contest,2002-11-09,,,http://www.acmicpc-pacnw.org/results.htm,,,http://www.acmicpc-pacnw.org/Standings/2002/standings.htm,,,Yes
,pacnw-2001,pacnw-2002,wf-2002,1237,2001 ACM Pacific Northwest Programming Contest,2001-11-10,,,http://www.acmicpc-pacnw.org/results.htm,,,,https://web.archive.org/web/20090102024700/http://icpc.baylor.edu/Past/icpc2002/regionals/ViewRegionalStandings.asp?ContestID=505,,Yes
,pacnw-2000,pacnw-2001,wf-2001,1079,2000 ACM Pacific Northwest Programming Contest,2000-11-11,,,http://www.acmicpc-pacnw.org/results.htm,,,http://www.acmicpc-pacnw.org/Standings/2000/Standing.htm,,,Yes
,pacnw-1999,pacnw-2000,wf-2000,1134,1999 ACM Pacific Northwest Programming Contest,1999-11-13,,,http://www.acmicpc-pacnw.org/results.htm,"http://www.acmicpc-pacnw.org/Standings/1998/98Results.htm, http://www.acmicpc-pacnw.org/Standings/1999/reports99.htm",,http://www.acmicpc-pacnw.org/Standings/1998/98Results.htm,,,Yes
,pacnw-1998,pacnw-1999,wf-1999,978,1998 ACM Pacific Northwest Programming Contest,1998-11-14,,,http://www.acmicpc-pacnw.org/results.htm,,,http://www.acmicpc-pacnw.org/Standings/1998/98Results.htm,,,Yes
,pacnw-1997,pacnw-1998,wf-1998,pre-cms,,,,,http://www.acmicpc-pacnw.org/results.htm,,,http://www.acmicpc-pacnw.org/Standings/1997/97Results.htm,,,Yes
,pacnw-1996,pacnw-1997,wf-1997,pre-cms,,,,,http://www.acmicpc-pacnw.org/results.htm,,,http://www.acmicpc-pacnw.org/Standings/1996/96results.htm,,,Yes
,pacnw-1995,pacnw-1996,wf-1996,pre-cms,,,,,http://www.acmicpc-pacnw.org/results.htm,,,http://www.acmicpc-pacnw.org/Standings/1995/95res.htm,,,Yes
,pacnw-1994,pacnw-1995,wf-1995,pre-cms,,,,,http://www.acmicpc-pacnw.org/results.htm,,,http://www.acmicpc-pacnw.org/Standings/1994/94res.htm,,,Yes
future,rmc-2026,-,nac-2027,9765,2026 ICPC North America Rocky Mountain Regional Contest,2026-10-31,,,,,,,,,
,rmc-2025,rmc-2026,nac-2026,9339,2025 ICPC North America Rocky Mountain Regional Contest,2025-11-08,,,,https://rmc.kattis.com/contests/rmc24/standings,,,,,Yes
,rmc-2024,rmc-2025,nac-2025,8929,2024 ICPC Rocky Mountain Regional Contest,2024-11-09,,,,,,,,https://icpc.global/regionals/finder/Rocky-Mountain-2025/standings,Yes
,rmc-2023,rmc-2024,nac-2024,7452,2023 ICPC Rocky Mountain Regional Contest,2023-11-04,,,,https://rmc23.kattis.com/contests/rmc23/standings,,,,,Yes
,rmc-2022,rmc-2023,nac-2023,5381,2022 ICPC Rocky Mountain Regional Contest,2023-02-25,,,,,,,,https://icpc.global/regionals/finder/Rocky-Mountain-2023/standings,Yes
,rmc-2021,rmc-2022,nac-2022,4680,2021 ICPC Rocky Mountain Regional Contest,2022-03-12,,,,https://rmc21.kattis.com/contests/rmc21/standings,,,,,Yes
,rmc-2020,rmc-2021,nac-2021,4343,2020 Rocky Mountain Regional Contest,2021-03-06,,,,https://rmc20.kattis.com/contests/rmc20/standings,,,,,Yes
,rmc-2019,rmc-2020,nac-2020,4075,2019 Rocky Mountain Regional Contest,2019-10-26,,,,https://rmc19.kattis.com/contests/rmc19/standings,,,,,Yes
,rmc-2018,rmc-2019,wf-2019,3547,2018 Rocky Mountain Regional Contest,2018-11-03,,,https://org.coloradomesa.edu/~wmacevoy/rmrc/2018/index.html,https://rmc18.kattis.com/contests/rmc18/standings,,,,,Yes
,rmc-2017,rmc-2018,wf-2018,3250,2017 Rocky Mountain Regional Contest,2017-11-11,,,https://org.coloradomesa.edu/~wmacevoy/rmrc/2017/index.html,https://rmc17.kattis.com/contests/rmc17/standings,,,,,Yes
,rmc-2016,rmc-2017,wf-2017,3204,2016 Rocky Mountain Regional Contest,2016-10-29,,,https://org.coloradomesa.edu/~wmacevoy/rmrc/2016/index.html,https://rmc16.kattis.com/contests/rmc16/standings,,,,,Yes
,rmc-2015,rmc-2016,wf-2016,2829,2015 Rocky Mountain Regional Contest,2015-11-14,,,https://org.coloradomesa.edu/~wmacevoy/rmrc/2015/index.html,https://rmc15.kattis.com/contests/rmc15/standings,,,,,Yes
,rmc-2014,rmc-2015,wf-2015,2436,2014 Rocky Mountain Regional Contest,2014-11-08,,,https://org.coloradomesa.edu/~wmacevoy/rmrc/2014/index.html,https://org.coloradomesa.edu/~wmacevoy/rmrc/2014/scoreboard.html,,,,,Yes
,rmc-2013,rmc-2014,wf-2014,1981,2013 Rocky Mountain Regional Contest,2013-10-26,,,https://org.coloradomesa.edu/~wmacevoy/rmrc/2013/index.html,https://org.coloradomesa.edu/~wmacevoy/rmrc/2013/scoreboard_byrank.html,,,,,Yes
,rmc-2012,rmc-2013,wf-2013,1396,2012 Rocky Mountain Regional Contest,2012-10-27,,,https://org.coloradomesa.edu/~wmacevoy/rmrc/2012/index.html,https://org.coloradomesa.edu/~wmacevoy/rmrc/2012/scoreboard_byrank.html,,,,,Yes
,rmc-2011,rmc-2012,wf-2012,878,2011 Rocky Mountain Regional Contest,2011-10-29,,,https://org.coloradomesa.edu/~wmacevoy/rmrc/2011/index.html,https://org.coloradomesa.edu/~wmacevoy/rmrc/2011/scoreboard_byrank.html,,,,,Yes
,rmc-2010,rmc-2011,wf-2011,646,2010 Rocky Mountain Regional Contest,2010-10-30,,,https://org.coloradomesa.edu/~wmacevoy/rmrc/2010/index.html,https://org.coloradomesa.edu/~wmacevoy/rmrc/2010/scoreboard_byrank.html,,,,,Yes
,rmc-2009,rmc-2010,wf-2010,561,2009 Rocky Mountain Regional Contest,2009-10-31,,,https://org.coloradomesa.edu/~wmacevoy/rmrc/2009/index.html,https://org.coloradomesa.edu/~wmacevoy/rmrc/2009/scoreboard_byrank.html,,,,,Yes
,rmc-2008,rmc-2009,wf-2009,33,2008 Rocky Mountain Regional Contest,2008-10-25,,,https://org.coloradomesa.edu/~wmacevoy/rmrc/2008/index.html,https://org.coloradomesa.edu/~wmacevoy/rmrc/2008/scoreboard_byrank.html,,,,,Yes
,rmc-2007,rmc-2008,wf-2008,1007,2007 ACM Rocky Mountain Programming Contest,2007-10-20,,,https://org.coloradomesa.edu/~wmacevoy/rmrc/2007/index.html,https://org.coloradomesa.edu/~wmacevoy/rmrc/2007/scoreboard_byrank.html,,,,,Yes
,rmc-2006,rmc-2007,wf-2007,1008,2006 ACM Rocky Mountain Programming Contest,2006-10-28,,,https://org.coloradomesa.edu/~wmacevoy/rmrc/2006/index.html,https://org.coloradomesa.edu/~wmacevoy/rmrc/2006/scoreboard_byrank.html,,,,,Yes
,rmc-2005,rmc-2006,wf-2006,1015,2005 ACM Rocky Mountain Programming Contest,2005-10-29,,,https://org.coloradomesa.edu/~wmacevoy/rmrc/2005/index.html,https://org.coloradomesa.edu/~wmacevoy/rmrc/2005/scoreboard_byrank.html,,,,,Yes
,rmc-2004,rmc-2005,wf-2005,1096,2004 ACM Rocky Mountain Programming Contest,2004-10-30,,,https://org.coloradomesa.edu/~wmacevoy/rmrc/2004/index.html,https://org.coloradomesa.edu/~wmacevoy/rmrc/2004/scoreboard_byrank.html,,,,,Yes
,rmc-2003,rmc-2004,wf-2004,1220,2003 ACM Rocky Mountain Programming Contest,2003-11-15,,,https://org.coloradomesa.edu/~wmacevoy/rmrc/2003/index.html,https://org.coloradomesa.edu/~wmacevoy/rmrc/2003/scoreboard_final.html,,,,,Yes
,rmc-2002,rmc-2003,wf-2003,1039,2002 ACM Rocky Mountain Programming Contest,2002-11-16,,,https://org.coloradomesa.edu/~wmacevoy/rmrc/2002/index.html,https://org.coloradomesa.edu/~wmacevoy/rmrc/2002/contest/scoreboard.html,,,,,Yes
,rmc-2001,rmc-2002,wf-2002,1082,2001 ACM Rocky Mountain Programming Contest,2001-11-17,,,https://org.coloradomesa.edu/~wmacevoy/rmrc/2001/index.html,https://org.coloradomesa.edu/~wmacevoy/rmrc/2001/scoreboard.html,,,,,Yes
,rmc-2000,rmc-2001,wf-2001,974,2000 ACM Rocky Mountain Programming Contest,2000-11-04,,,https://org.coloradomesa.edu/~wmacevoy/rmrc/2000/index.html,https://web.archive.org/web/20010320060306/http://www.cs.colorado.edu/users/kena/acmpc/results.html,,,,,Yes
,rmc-1999,rmc-2000,wf-2000,1285,1999 ACM Rocky Mountain Programming Contest,1999-11-20,,,https://web.archive.org/web/20000119052504/http://mesastate.edu/acm/pc/RM99Home.html,,,https://web.archive.org/web/20001212141300/http://faculty.fortlewis.edu/SZUECS_L/contest/acm99/FinalStandings.htm,,,Yes
,rmc-1998,rmc-1999,wf-1999,1107,1998 ACM Rocky Mountain Programming Contest,1998-11-14,,,,https://web.archive.org/web/20100710040129fw_/http://icpc.baylor.edu/past/icpc99/Regionals/RM98/Standings.htm,,,,,Yes
,rmc-1997,rmc-1998,wf-1998,pre-cms,,,,,,,,,,,
,rmc-1996,rmc-1997,wf-1997,pre-cms,,,,,,,,,,,
,rmc-1995,rmc-1996,wf-1996,pre-cms,,,,,,,,,,,
,rmc-1994,rmc-1995,wf-1995,pre-cms,,,,,,,,,,,
,rmc-1993,rmc-1994,wf-1994,pre-cms,,,,,,,,,,,
,rmc-1992,rmc-1993,wf-1993,pre-cms,,,,,,,,,,,
,rmc-1991,rmc-1992,wf-1992,pre-cms,,,,,,,,,,,
,rmc-1990,rmc-1991,wf-1991,pre-cms,,,,,,,,,,,
,rmc-1989,rmc-1990,wf-1990,pre-cms,,,,,,,,,,,
,alberta-2025,-,,n/a,Alberta Collegiate Programming Contest 2025,2025-10-18,,,,"https://acpc25.kattis.com/contests/i4bbbd/standings, https://acpc25.kattis.com/contests/k8s8ci/standings",,,,,Yes
,alberta-2024,alberta-2025,,n/a,,,,,,"https://acpc24.kattis.com/contests/acpc24d1/standings, https://acpc24.kattis.com/contests/acpc24d2/standings",,,,,Yes
,alberta-2023,alberta-2024,,7453,2023 ICPC Alberta Collegiate Programming Contest,,,,,"https://acpc23.kattis.com/contests/acpc23d1/standings, https://acpc23.kattis.com/contests/acpc23d2/standings",,,,,Yes
,alberta-2022,alberta-2023,,5383,2022 ICPC Alberta Collegiate Programming Contest,2022-11-26,,,,"https://acpc22d1.kattis.com/contests/acpc22d1/standings, https://acpc22d2.kattis.com/contests/acpc22d2/standings",,,,,Yes
,alberta-2021,alberta-2022,,4682,2021 ICPC Alberta Collegiate Programming Contest,2021-11-27,,,,"https://acpc21d1.kattis.com/contests/acpc21d1/standings, https://acpc21d2.kattis.com/contests/acpc21d2/standings",,,,,Yes
,alberta-2020,alberta-2021,,4344,2020 Alberta Collegiate Programming Contest,2020-11-14,,,,"https://acpc20d1.kattis.com/contests/acpc20d1/standings, https://acpc20d2.kattis.com/contests/acpc20d2/standings",,,,,Yes
,alberta-2019,alberta-2020,,4076,2019 Alberta Collegiate Programming Contest,2019-11-23,,,https://cpc.cpsc.ucalgary.ca/contests/acpc/2019/,,,,,,
,alberta-2018,alberta-2019,,3548,2018 Alberta Collegiate Programming Contest,2018-10-27,,,,"https://acpc18.kattis.com/contests/acpc18/standings/1772, https://acpc18.kattis.com/contests/acpc18/standings/1773",,,,,Yes
,alberta-2017,alberta-2018,,3251,2017 Alberta Collegiate Programming Contest,2017-10-21,,,,"https://acpc17.kattis.com/contests/acpc17/standings/953, https://acpc17.kattis.com/contests/acpc17/standings/952",,,,,Yes
,alberta-2016,alberta-2017,,3205,2016 Alberta Collegiate Programming Contest,2016-10-15,,,,"https://acpc16.kattis.com/contests/acpc16/standings/652, https://acpc16.kattis.com/contests/acpc16/standings/653",,,,,Yes
,alberta-2015,alberta-2016,,2831,2015 Alberta Collegiate Programming Contest,2015-10-17,,,,"https://web.archive.org/web/20210101004146/http://psc.cpsc.ucalgary.ca/acpc/2015/contest/div1/scores.php, https://web.archive.org/web/20210101004229/http://psc.cpsc.ucalgary.ca/acpc/2015/contest/div2/scores.php",,,,,Yes
,alberta-2014,alberta-2015,,2728,2014 Alberta Collegiate Programming Contest,2014-10-04,,,https://web.archive.org/web/20210102083527/http://psc.cpsc.ucalgary.ca/acpc/2014/contest/index.php,https://web.archive.org/web/20210101143347/http://psc.cpsc.ucalgary.ca/acpc/2014/contest/scores.php,,,,,Yes
,alberta-2013,alberta-2014,,1982,2013 ICPC Alberta Contest,2013-10-19,,,,https://web.archive.org/web/20210101143522/http://psc.cpsc.ucalgary.ca/acpc/2013/contest/scores.php,,,,,Yes
,alberta-2012,alberta-2013,,1397,2012 ICPC Alberta Contest,2012-10-13,,,,https://web.archive.org/web/20210101143701/http://psc.cpsc.ucalgary.ca/acpc/2012/contest/scores.php,,,,,Yes
,alberta-2011,alberta-2012,,946,2011 ICPC Alberta Contest,2011-10-15,,,,https://web.archive.org/web/20210101143747/http://psc.cpsc.ucalgary.ca/acpc/2011/contest/scores.php,,,,,Yes
,alberta-2010,alberta-2011,,n/a,,2010-10-16,,,,https://web.archive.org/web/20111228161818/http://webdocs.cs.ualberta.ca/~contest/ACPC2010/contest/scores.php,,,,,Yes
,alberta-2009,alberta-2010,,n/a,,2009-10-17,,,,https://web.archive.org/web/20101113165220/http://webdocs.cs.ualberta.ca/~contest/ACPC2009/contest/scores.php,,,,,Yes
,alberta-2008,alberta-2009,,n/a,,,,,,https://web.archive.org/web/20130624003545/http://webdocs.cs.ualberta.ca/~contest/ACPC2008/contest/scores.php,,,,,Yes
,alberta-2007,alberta-2008,,n/a,,2007-10-13,,,https://web.archive.org/web/20200220172541/http://webdocs.cs.ualberta.ca/~acpc/2007/,,,,,,
,alberta-2006,alberta-2007,,n/a,,2006-10-14,,,https://web.archive.org/web/20200220172536/http://webdocs.cs.ualberta.ca/~acpc/2006/,https://web.archive.org/web/20210516120658/http://webdocs.cs.ualberta.ca/~acpc/2006/jscores.html,,,,,Yes
,alberta-2005,alberta-2006,,n/a,Alberta Collegiate Programming Contest 2005,2005-10-01,,,,https://web.archive.org/web/20210516121627/http://webdocs.cs.ualberta.ca/~acpc/2005/ACPC05-Scoreboard.html,,,,,Yes
,alberta-2004,alberta-2005,,n/a,,2004-10-02,,,,https://web.archive.org/web/20210516110843/http://webdocs.cs.ualberta.ca/~acpc/2004/Standings.txt,,,,,Yes
,alberta-2003,alberta-2004,,n/a,,2003-10-18,,,,https://web.archive.org/web/20210516110534/http://webdocs.cs.ualberta.ca/~acpc/2003/Global-Standings.html,,,,,Yes
,lethbridge-2025,-,,n/a,,,,,https://www.cs.uleth.ca/~cheng/LCPC/2025/,https://www.cs.uleth.ca/~cheng/LCPC/2025/scoreboard/,,,,,Yes
,lethbridge-2024,lethbridge-2025,,n/a,,,,,,,,,,,
,lethbridge-2023,lethbridge-2024,,7454,2023 ICPC Lethbridge Collegiate Programming Contest,,,,,,,,,,
,lethbridge-2022,lethbridge-2023,,5382,2022 ICPC Lethbridge Collegiate Programming Contest,,,,,,,,,,
,lethbridge-2021,lethbridge-2022,,4681,2021 ICPC Lethbridge Collegiate Programming Contest,,,,,,,,,,
,lethbridge-2020,lethbridge-2021,,4345,2020 Lethbridge Collegiate Programming Contest,,,,,,,,,,
,lethbridge-2019,lethbridge-2020,,4077,2019 Lethbridge Collegiate Programming Contest,2019-10-05,,,https://www.cs.uleth.ca/~cheng/LCPC/2019/,,,,,,
,lethbridge-2018,lethbridge-2019,,3549,2018 Lethbridge Collegiate Programming Contest,2018-09-29,,,https://www.cs.uleth.ca/~cheng/LCPC/2018/,,,,,,
,lethbridge-2017,lethbridge-2018,,3252,2017 Lethbridge Collegiate Programming Contest,,,,https://www.cs.uleth.ca/~cheng/LCPC/2017/,,,,,,
,lethbridge-2016,lethbridge-2017,,3206,2016 Lethbridge Collegiate Programming Contest,2016-09-24,,,https://www.cs.uleth.ca/~cheng/LCPC/2016/,"https://www.cs.uleth.ca/~cheng/LCPC/2016/div1.html, https://www.cs.uleth.ca/~cheng/LCPC/2016/div2.html",,,,,Yes
,lethbridge-2015,lethbridge-2016,,2830,2015 Lethbridge Collegiate Programming Contest,2015-10-10,,,https://www.cs.uleth.ca/~cheng/LCPC/2015/,,,,,,
,lethbridge-2014,lethbridge-2015,,2729,2014 Lethbridge Collegiate Programming Contest,2014-10-18,,,https://www.cs.uleth.ca/~cheng/LCPC/2014/,,,,,,
,lethbridge-2013,lethbridge-2014,,2109,2013 Lethbridge Collegiate Programming Contest,2013-09-21,,,https://www.cs.uleth.ca/~cheng/LCPC/2013/,"https://www.cs.uleth.ca/~cheng/LCPC/2013/div1-official.html, https://www.cs.uleth.ca/~cheng/LCPC/2013/div2-official.html",,,,,Yes
future,scusa-2026,-,nac-2027,9769,2026 ICPC North America South Central Regional Contest,2026-11-07,,,,,,,,,
,scusa-2025,scusa-2026,nac-2026,9331,2025 ICPC North America South Central Regional Contest,2025-11-08,,,,"https://nasouth25.kattis.com/contests/nasouth25d1/standings/scusa/all, https://nasouth25.kattis.com/contests/nasouth25d2/standings/scusa/all",,,,,Yes
,scusa-2024,scusa-2025,nac-2025,8933,2024-2025 ICPC South Central USA Regional Contest,2024-11-16,,,,"https://nasouth24.kattis.com/contests/nasouth24d1/standings/scusa/all, https://nasouth24.kattis.com/contests/nasouth24d2/standings/scusa/all",,,,,Yes
,scusa-2023,scusa-2024,nac-2024,7462,2023 ICPC South Central USA Regional Contest,2024-02-24,,,,"https://nasouth23.kattis.com/contests/nasouth23d1/standings/5666, https://nasouth23.kattis.com/contests/nasouth23d2/standings/5672",,,,,Yes
,scusa-2022,scusa-2023,nac-2023,5386,2022 ICPC South Central USA Regional Contest,2023-02-25,,,,"https://nasouth22d1.kattis.com/contests/nasouth22d1/standings/4991, https://nasouth22d2.kattis.com/contests/nasouth22d2/standings/4955",,,,,Yes
,scusa-2021,scusa-2022,nac-2022,4685,2021 ICPC South Central USA Regional Contest,2022-03-05,,,,"https://scusa21d1.kattis.com/contests/scusa21d1/standings, https://scusa21d2.kattis.com/contests/scusa21d2/standings",,,,,Yes
,scusa-2020,scusa-2021,nac-2021,4336,2020 South Central USA Regional Contest,2021-03-06,,,,https://scusa20.kattis.com/contests/scusa20/standings,,,,,Yes
,scusa-2019,scusa-2020,nac-2020,4071,2019 South Central USA Regional Contest,2019-11-09,,,,https://scusa19.kattis.com/contests/scusa19/standings,,,,,Yes
,scusa-2018,scusa-2019,wf-2019,3559,2018 South Central USA Regional Contest,2018-11-10,,,,https://scusa18.kattis.com/contests/scusa18/standings,,,,,Yes
,scusa-2017,scusa-2018,wf-2018,3266,2017 South Central USA Regional Contest,2017-11-04,,,https://ld2017.scusa.lsu.edu/,http://ld2017.scusa.lsu.edu/scoreboard-regional/,,,,,Yes
,scusa-2016,scusa-2017,wf-2017,3210,2016 South Central USA Regional Contest,2016-10-29,,,http://ld2016.scusa.lsu.edu/,http://ld2016.scusa.lsu.edu/scoreboard-regional/,,,,,Yes
,scusa-2015,scusa-2016,wf-2016,2832,2015 South Central USA Regional Contest,2015-11-07,,,http://ld2015.scusa.lsu.edu/,http://ld2015.scusa.lsu.edu/scoreboard-regional/,,,,,Yes
,scusa-2014,scusa-2015,wf-2015,2446,2014 South Central USA Regional Contest,2014-10-04,,,http://ld2014.scusa.lsu.edu/,http://ld2014.scusa.lsu.edu/scoreboard-regional/,,,,,Yes
,scusa-2013,scusa-2014,wf-2014,1988,2013 South Central USA Regional Contest,2013-11-02,,,http://ld2013.scusa.lsu.edu/,http://ld2013.scusa.lsu.edu/scoreboard-regional/,,,,,Yes
,scusa-2012,scusa-2013,wf-2013,1384,2012 South Central USA Regional Contest,2012-10-20,,,http://ld2012.scusa.lsu.edu/,http://ld2012.scusa.lsu.edu/scoreboard-regional/,,,,,Yes
,scusa-2011,scusa-2012,wf-2012,876,2011 South Central USA Regional Contest,2011-10-29,,,http://ld2011.scusa.lsu.edu/,http://ld2011.scusa.lsu.edu/scoreboard-regional/,,,,,Yes
,scusa-2010,scusa-2011,wf-2011,657,2010 South Central USA Regional Contest,2010-10-30,,,http://ld2010.scusa.lsu.edu/,http://ld2010.scusa.lsu.edu/scoreboard-regional/,,,,,Yes
,scusa-2009,scusa-2010,wf-2010,562,2009 South Central USA Regional Programming Contest,2009-11-07,,,http://ld2009.scusa.lsu.edu/,http://ld2009.scusa.lsu.edu/scoreboard-regional/,,,,,Yes
,scusa-2008,scusa-2009,wf-2009,37,2008 South Central USA Regional Programming Contest,2008-10-18,,,http://acm2008.scusa.lsu.edu/,http://acm2008.scusa.lsu.edu/results/scoreboard/,,,,,Yes
,scusa-2007,scusa-2008,wf-2008,1175,2007 ACM South Central USA Programming Contest,2007-11-03,,,http://acm2007.scusa.lsu.edu/,http://acm2007.scusa.lsu.edu/scoreboard/,,,,,Yes
,scusa-2006,scusa-2007,wf-2007,1251,2006 ACM South Central USA Programming Contest,2006-11-04,,,http://acm2006.scusa.lsu.edu/,http://acm2006.scusa.lsu.edu/results/,,,,,Yes
,scusa-2005,scusa-2006,wf-2006,1051,2005 ACM South Central USA Programming Contest,2005-11-12,,,http://acm2005.scusa.lsu.edu/,http://acm2005.scusa.lsu.edu/results/,,,,,Yes
,scusa-2004,scusa-2005,wf-2005,1186,2004 ACM South Central USA Programming Contest,2004-11-06,,,http://acm2004.scusa.lsu.edu/,,,https://web.archive.org/web/20071012162908/http://icpc.baylor.edu/icpc/regionals/ViewRegionalStandings.asp?ContestID=690,,,Yes
,scusa-2003,scusa-2004,wf-2004,1086,2003 ACM South Central USA Programming Contest,2003-11-08,,,http://acm2003.scusa.lsu.edu/,,,http://acm2003.scusa.lsu.edu/results/finals-no-extras.html,,,Yes
,scusa-2002,scusa-2003,wf-2003,1001,2002 ACM South Central USA Programming Contest,2002-11-02,,,http://acm2002.scusa.lsu.edu/,http://acm2002.scusa.lsu.edu/results/summary.html,,http://acm2002.scusa.lsu.edu/results/finals.html,,,Yes
,scusa-2001,scusa-2002,wf-2002,1268,2001 ACM South Central USA Programming Contest,2001-11-03,,,http://acm2001.scusa.lsu.edu/,"http://acm2001.scusa.lsu.edu/reports/full.html, http://acm2001.scusa.lsu.edu/reports/sumtime.html",,http://acm2001.scusa.lsu.edu/reports/full.html,,,Yes
,scusa-2000,scusa-2001,wf-2001,1145,2000 ACM South Central USA Programming Contest,2000-11-11,,,http://acm2000.scusa.lsu.edu/,"http://acm2000.scusa.lsu.edu/full.html, http://acm2000.scusa.lsu.edu/sumtime.html",,http://acm2000.scusa.lsu.edu/full.html,,,Yes
,scusa-1999,scusa-2000,wf-2000,1213,1999 ACM South Central USA Programming Contest,1999-11-05,,,,,,https://web.archive.org/web/20020112023932/http://icpc.baylor.edu/past/icpc2000/regionals/SCUSA99/Standings.html,,,Yes
,scusa-1998,scusa-1999,wf-1999,1123,1998 ACM South Central USA Programming Contest,1998-11-07,,,https://web.archive.org/web/20100709212305fw_/http://icpc.baylor.edu/past/icpc99/Regionals/SCUSA98/default.htm,,,https://web.archive.org/web/20100710042525fw_/http://icpc.baylor.edu/past/icpc99/Regionals/SCUSA98/standings.htm,,,Yes
,scusa-1997,scusa-1998,wf-1998,pre-cms,,,,,,,,,,,
,scusa-1996,scusa-1997,wf-1997,pre-cms,,,,,,,,,,,
,scusa-1995,scusa-1996,wf-1996,pre-cms,,,,,,,,,,,
,scusa-1994,scusa-1995,wf-1995,pre-cms,,,,,,,,,,,
,scusa-1993,scusa-1994,wf-1994,pre-cms,,,,,,,,,,,
,scusa-1992,scusa-1993,wf-1993,pre-cms,,,,,,,,,,,
,scusa-1991,scusa-1992,wf-1992,pre-cms,16th Annual ACM South Central Regional Programming Contest,1991-11-09,,,,,,https://usenetarchives.com/view.php?id=comp.org.acm&mid=PDYwODdAdGFtc3VuLnRhbXUuZWR1Pg,,,Yes
,scusa-1990,scusa-1991,wf-1991,pre-cms,,,,,,,,,,,
,scusa-1989,scusa-1990,wf-1990,pre-cms,,,,,,,,,,,
,scusa-1988,scusa-1989,wf-1989,pre-cms,,,,,,,,,,,
,scusa-1987,scusa-1988,wf-1988,pre-cms,,,,,,,,,,,
future,seusa-2026,-,nac-2027,9767,2026 ICPC North America Southeast Regional Contest,,,,,,,,,,
,seusa-2025,seusa-2026,nac-2026,9328,2025 ICPC North America Southeast Regional Contest,2025-11-08,,,http://seusa.vanb.org/seusa2025/,"https://nasouth25.kattis.com/contests/nasouth25d1/standings/seusa/all, https://nasouth25.kattis.com/contests/nasouth25d2/standings/seusa/all",,,,,Yes
,seusa-2024,seusa-2025,nac-2025,8918,2024 ICPC Southeast USA Regional Contest,2024-11-16,,,http://seusa.vanb.org/seusa2024/,"https://nasouth24.kattis.com/contests/nasouth24d1/standings/seusa/all, https://nasouth24.kattis.com/contests/nasouth24d2/standings/seusa/all",,,,,Yes
,seusa-2023,seusa-2024,nac-2024,7450,2023 ICPC Southeast USA Regional Contest,2024-02-24,,,http://seusa.vanb.org/ser2023/,"https://nasouth23.kattis.com/contests/nasouth23d1/standings/5667, https://nasouth23.kattis.com/contests/nasouth23d2/standings/5673",,,,,Yes
,seusa-2022,seusa-2023,nac-2023,5377,2022 ICPC Southeast USA Regional Contest,2023-02-25,,,http://seusa.vanb.org/ser2022/,"https://nasouth22d1.kattis.com/contests/nasouth22d1/standings/4997, https://nasouth22d2.kattis.com/contests/nasouth22d2/standings/4959",,,,,Yes
,seusa-2021,seusa-2022,nac-2022,4692,2021 ICPC Southeast USA Regional Contest,2022-03-05,,,http://seusa.vanb.org/ser2021/,"https://seusa21-d1.kattis.com/contests/seusa21d1/standings, https://seusa21-d2.kattis.com/contests/seusa21d2/standings",,,,,Yes
,seusa-2020,seusa-2021,nac-2021,4346,2020 Southeast USA Regional Contest,2021-03-06,,,http://seusa.vanb.org/ser2020/,http://seusa.vanb.org/ser2020/seusa20_standings.html,,,,,Yes
,seusa-2019,seusa-2020,nac-2020,4064,2019 Southeast USA Regional Contest,2019-11-09,,,http://web.archive.org/web/20191116213512/https://ser.cs.fit.edu/ser2019/,"http://ser2019.cloudcontest.org/SER2019D1.html, http://ser2019.cloudcontest.org/SER2019D2.html",,,,,Yes
,seusa-2018,seusa-2019,wf-2019,3545,2018 Southeast USA Regional Contest,2018-11-03,,,http://web.archive.org/web/20190822112803/https://ser.cs.fit.edu/ser2018/,,,,,https://icpc.global/regionals/finder/Southeast-USA-2019/standings,Yes
,seusa-2017,seusa-2018,wf-2018,3263,2017 Southeast USA Regional Contest,2017-11-11,,,,"http://ser2017.cloudcontest.org/ser2017-d1.html, http://ser2017.cloudcontest.org/ser2017-d2.html",,,,,Yes
,seusa-2016,seusa-2017,wf-2017,3202,2016 Southeast USA Regional Contest,2016-11-05,,,https://web.archive.org/web/20191214051456/https://ser.cs.fit.edu/ser2016/,"http://ser2016.cloudcontest.org/SER2016D1.html, http://ser2016.cloudcontest.org/SER2016D2.html",,,,,Yes
,seusa-2015,seusa-2016,wf-2016,2827,2015 Southeast USA Regional Contest,2015-11-14,,,,,,,,https://icpc.global/regionals/finder/Southeast-USA-2016/standings,Yes
,seusa-2014,seusa-2015,wf-2015,2415,2014 Southeast USA Regional Contest,2014-11-15,,,https://web.archive.org/web/20160604045936/https://ser.cs.fit.edu/ser2014/,"https://web.archive.org/web/20150727064552/http://dj.cs.fit.edu/ser2014/d1/public/, https://web.archive.org/web/20150727051318/http://dj.cs.fit.edu/ser2014/d2/public/",,,,,Yes
,seusa-2013,seusa-2014,wf-2014,1972,2013 Southeast USA Regional Contest,2013-11-02,,,https://web.archive.org/web/20140313013831/http://ser.cs.fit.edu/ser2013/,https://web.archive.org/web/20140327052651/http://ser.cs.fit.edu/ser2013/ser2013_final_standings.pdf,,,,,Yes
,seusa-2012,seusa-2013,wf-2013,1388,2012 Southeast USA Regional Contest,2012-11-10,,,https://web.archive.org/web/20121217025515/http://cs.fit.edu/~ryan/icpc/ser2012/,https://web.archive.org/web/20140513234640/http://cs.fit.edu/~ryan/icpc/ser2012/ser2012_scoreboard.pdf,,,,,Yes
,seusa-2011,seusa-2012,wf-2012,874,2011 Southeast USA Regional Contest,2011-10-29,,,https://web.archive.org/web/20140928103302/http://ser.cs.fit.edu/ser2011/index.html,"https://web.archive.org/web/20120127173410/http://ser.cs.fit.edu/ser2011/ser2011_final_standings.pdf, https://web.archive.org/web/20120113100357/http://163.118.133.14/domjudge/public/",,,,,Yes
,seusa-2010,seusa-2011,wf-2011,654,2010 Southeast USA Regional Contest,2010-11-06,,,https://web.archive.org/web/20140928103256/http://ser.cs.fit.edu/ser2010/index.html,,,,,https://icpc.global/regionals/finder/Southeast-USA-2011/standings,Yes
,seusa-2009,seusa-2010,wf-2010,559,2009 Southeast USA Programming Contest,2009-11-07,,,https://web.archive.org/web/20140928103251/http://ser.cs.fit.edu/ser2009/index.html,https://web.archive.org/web/20120604023654/http://ser.cs.fit.edu/ser2009/standings.html,,,,,Yes
,seusa-2008,seusa-2009,wf-2009,41,2008 Southeast USA Programming Contest,2008-10-25,,,https://web.archive.org/web/20140928103245/http://ser.cs.fit.edu/ser2008/index.html,https://web.archive.org/web/20140621232556/http://ser.cs.fit.edu/ser2008/standings.html,,,,,Yes
,seusa-2007,seusa-2008,wf-2008,1298,2007 ACM Southeast USA Programming Contest,2007-10-13,,,https://web.archive.org/web/20071120193859/http://jharris2.mat.georgiasouthern.edu/Progcontest/contest.htm,,,https://web.archive.org/web/20080915032337/http://icpc.baylor.edu/icpc/regionals/ViewRegionalStandings.asp?ContestID=851,,,Yes
,seusa-2006,seusa-2007,wf-2007,1165,2006 ACM Southeast USA Programming Contest,2006-10-28,,,https://web.archive.org/web/20070217224355/http://jharris2.mat.georgiasouthern.edu/Progcontest/contest.htm,https://web.archive.org/web/20061118000031/http://jharris2.mat.georgiasouthern.edu:80/Progcontest/summary.html,,,,,Yes
,seusa-2005,seusa-2006,wf-2006,1275,2005 ACM Southeast USA Programming Contest,2005-10-15,,,https://web.archive.org/web/20060116024607/http://acm.fit.edu/icpc/ser2005/,,,https://web.archive.org/web/20071011223739/http://icpc.baylor.edu/icpc/regionals/ViewRegionalStandings.asp?ContestID=726,,,Yes
,seusa-2004,seusa-2005,wf-2005,1150,2004 ACM Southeast USA Programming Contest,2004-10-23,,,https://web.archive.org/web/20140928160905/http://ser.cs.fit.edu/ser2004/index.html,https://web.archive.org/web/20041212162856/http://acm.fit.edu:80/SER2004/standings.txt,,,,,Yes
,seusa-2003,seusa-2004,wf-2004,1093,2003 ACM Southeast USA Programming Contest,2003-10-25,,,,,,https://web.archive.org/web/20071012205933/http://icpc.baylor.edu/icpc/regionals/ViewRegionalStandings.asp?ContestID=650,,,Yes
,seusa-2002,seusa-2003,wf-2003,1089,2002 ACM Southeast USA Programming Contest,2002-10-12,,,https://web.archive.org/web/20021017124350/http://faculty.erau.edu/collinsj/,https://web.archive.org/web/20021026224930/http://faculty.erau.edu/collinsj/score.html,,,,,Yes
,seusa-2001,seusa-2002,wf-2002,1146,2001 ACM Southeast USA Programming Contest,2001-10-16,,,http://web.archive.org/web/20011211105216/http://turing.gcsu.edu/~gadkins/contest.html,http://web.archive.org/web/20011018155908/http://turing.gcsu.edu/~gadkins/final.htm,,,,,Yes
,seusa-2000,seusa-2001,wf-2001,1026,2000 ACM Southeast USA Programming Contest,2000-09-30,,,http://web.archive.org/web/20001020163800/http://turing.gcsu.edu/~gadkins/contest.html,http://web.archive.org/web/20010211004229/http://turing.gcsu.edu/~gadkins/overallStandings.html,,,,,Yes
,seusa-1999,seusa-2000,wf-2000,1127,1999 ACM Southeast USA Programming Contest,1999-10-30,,,,,,https://web.archive.org/web/20020112032511/http://icpc.baylor.edu/past/icpc2000/regionals/SEUSA99/Standings.html,,,Yes
,seusa-1998,seusa-1999,wf-1999,1201,1998 ACM Southeast USA Programming Contest,1998-10-24,,,https://web.archive.org/web/19990203192926/http://www.cise.ufl.edu/%7Eacm/SER98/,https://web.archive.org/web/20091106125308/http://www.cise.ufl.edu/~acm/SER98/problems/SCORE.OUT,,,,,Yes
,seusa-1996,seusa-1998,wf-1997,pre-cms,,,,,,,,,,,
,seusa-1995,seusa-1996,wf-1996,pre-cms,,,,,,,,,,,
,seusa-1994,seusa-1995,wf-1995,pre-cms,,,,,,https://usenetarchives.com/view.php?id=comp.org.acm&mid=PDNhcnFncCRrYjBAbW90aGVyLnVzZi5lZHU%2B,,,,,Yes
,seusa-1993,seusa-1994,wf-1994,pre-cms,1993 Southeast Regional,,,,,https://usenetarchives.com/view.php?id=comp.org.acm&mid=PDJidjg5cCQ3bjZAc3VudGFuLmVuZy51c2YuZWR1Pg,,,,,Yes
,seusa-1990,seusa-1993,wf-1991,pre-cms,,,,,,,,,,,
,seusa-1988,seusa-1990,wf-1989,pre-cms,,,,,,,,,,,
future,socal-2026,-,nac-2027,9770,2026 ICPC North America Southern California Regional Contest,,,,http://socalcontest.org/current/index.shtml,,,,,,
,socal-2025,socal-2026,nac-2026,9327,2025 ICPC North America Southern California Regional Contest,2025-11-15,,,http://socalcontest.org/current/index.shtml,,,,,,
,socal-2024,socal-2025,nac-2025,8920,2024 ICPC Southern California Regional Contest,2024-11-16,,,http://socalcontest.org/current/index.shtml,http://socalcontest.org/history/2024/SCICPC-2024-2025-PreliminaryResults.html,,,,,Yes
,socal-2023,socal-2024,nac-2024,7468,2023 ICPC Southern California Regional Contest,2023-10-28,,,http://socalcontest.org/current/index.shtml,http://socalcontest.org/history/2023/SCICPC-2023-2024-PreliminaryResults.html,,,,,Yes
,socal-2022,socal-2023,nac-2023,5379,2022 ICPC Southern California Regional Contest,2023-02-25,,,http://socalcontest.org/current/index.shtml,http://socalcontest.org/history/2022/SC2022-2023-PreliminaryResults.html,,,,,Yes
,socal-2021,socal-2022,nac-2022,4691,2021 ICPC Southern California Regional Contest,2022-02-26,,,http://socalcontest.org/current/index.shtml,http://socalcontest.org/history/2021/SC2021-2022-FinalResults.html,,,,,Yes
,socal-2020,socal-2021,nac-2021,4349,2020 Southern California Regional Contest,2021-02-27,,,http://socalcontest.org/current/index.shtml,http://socalcontest.org/history/2020/SC2020-2021-FinalResults.html,,,,,Yes
,socal-2019,socal-2020,nac-2020,4066,2019 Southern California Regional Contest,2019-11-09,,,http://socalcontest.org/current/index.shtml,http://socalcontest.org/history/2019/2019SoCalScoreboard.html,,,,,Yes
,socal-2018,socal-2019,wf-2019,3558,2018 Southern California Regional Contest,2018-11-10,,,http://socalcontest.org/current/index.shtml,http://socalcontest.org/history/2018/Scoreboard-2018.shtml,,,,,Yes
,socal-2017,socal-2018,wf-2018,3261,2017 Southern California Regional Contest,2017-11-11,,,http://socalcontest.org/current/index.shtml,http://socalcontest.org/history/2017/details-2017.shtml,,,,,Yes
,socal-2016,socal-2017,wf-2017,3192,2016 Southern California Regional Contest,2016-11-12,,,http://socalcontest.org/current/index.shtml,http://socalcontest.org/history/2016/details-2016.shtml,,,,,Yes
,socal-2015,socal-2016,wf-2016,2820,2015 Southern California Regional Contest,2015-11-14,,,http://socalcontest.org/current/index.shtml,http://socalcontest.org/history/2015/details-2015.shtml,,,,,Yes
,socal-2014,socal-2015,wf-2015,2433,2014 Southern California Regional Contest,2014-11-08,,,http://socalcontest.org/current/index.shtml,http://socalcontest.org/history/2014/details-2014.shtml,,,,,Yes
,socal-2013,socal-2014,wf-2014,1970,2013 Southern California Regional Contest,2013-11-09,,,http://socalcontest.org/current/index.shtml,http://socalcontest.org/history/2013/details-2013.shtml,,,,,Yes
,socal-2012,socal-2013,wf-2013,1375,2012 Southern California Regional Contest,2012-11-10,,,http://socalcontest.org/current/index.shtml,http://socalcontest.org/history/2012/details-2012.shtml,,,,,Yes
,socal-2011,socal-2012,wf-2012,881,2011 Southern California Regional Contest,2011-11-12,,,http://socalcontest.org/current/index.shtml,,,http://socalcontest.org/history/2011/results-2011.shtml,,,Yes
,socal-2010,socal-2011,wf-2011,656,2010 Southern California Regional Contest,2010-11-13,,,http://socalcontest.org/current/index.shtml,http://socalcontest.org/history/2010/details-2010.shtml,,,,,Yes
,socal-2009,socal-2010,wf-2010,563,2009 Southern California Contest,2009-11-07,,,http://socalcontest.org/current/index.shtml,http://socalcontest.org/history/2009/details-2009.shtml,,,,,Yes
,socal-2008,socal-2009,wf-2009,32,2008 Southern California Contest,2008-11-15,,,http://socalcontest.org/current/index.shtml,http://socalcontest.org/history/2008/details-2008.shtml,,http://www.socalcontest.org/history/2008/results-2008.shtml,,,Yes
,socal-2007,socal-2008,wf-2008,1203,2007 ACM Southern California Programming Contest,2007-11-10,,,http://socalcontest.org/current/index.shtml,http://socalcontest.org/history/2007/details-2007.shtml,,,,,Yes
,socal-2006,socal-2007,wf-2007,963,2006 ACM Southern California Programming Contest,2006-11-11,,,http://socalcontest.org/current/index.shtml,http://socalcontest.org/history/2006/details-2006.shtml,,,,,Yes
,socal-2005,socal-2006,wf-2006,1114,2005 ACM Southern California Programming Contest,2005-11-13,,,http://socalcontest.org/current/index.shtml,http://socalcontest.org/history/2005/details-2005.shtml,,http://socalcontest.org/history/2005/results-2005.shtml,,,Yes
,socal-2004,socal-2005,wf-2005,1049,2004 ACM Southern California Programming Contest,2004-11-13,,,http://socalcontest.org/current/index.shtml,http://socalcontest.org/history/2004/details-2004.shtml,,,,,Yes
,socal-2003,socal-2004,wf-2004,1045,2003 ACM Southern California Programming Contest,2003-11-15,,,http://socalcontest.org/current/index.shtml,http://socalcontest.org/history/2003/details-2003.shtml,,http://www.socalcontest.org/history/2003/results-2003.shtml,,,Yes
,socal-2002,socal-2003,wf-2003,1022,2002 ACM Southern California Programming Contest,2002-11-16,,,http://socalcontest.org/current/index.shtml,http://socalcontest.org/history/2002/details-2002.shtml,,http://socalcontest.org/history/2002/results-2002.shtml,,,Yes
,socal-2001,socal-2002,wf-2002,1053,2001 ACM Southern California Programming Contest,2001-11-10,,,http://socalcontest.org/current/index.shtml,http://socalcontest.org/history/2001/details-2001.shtml,,,,,Yes
,socal-2000,socal-2001,wf-2001,1052,2000 ACM Southern California Programming Contest,2000-11-11,,,http://socalcontest.org/current/index.shtml,http://socalcontest.org/history/2000/details-2000.shtml,,,,,Yes
,socal-1999,socal-2000,wf-2000,1179,1999 ACM Southern California Programming Contest,1999-11-13,,,http://socalcontest.org/current/index.shtml,,,http://socalcontest.org/history/1999/results-1999.shtml,,,Yes
,socal-1998,socal-1999,wf-1999,1080,1998 ACM Southern California Programming Contest,1998-11-14,,,http://socalcontest.org/current/index.shtml,"http://socalcontest.org/history/1998/results-1998.shtml, http://socalcontest.org/history/1998/details-1998.shtml",,http://socalcontest.org/history/1998/results-1998.shtml,,,Yes
,socal-1997,socal-1998,wf-1998,pre-cms,,,,,http://socalcontest.org/current/index.shtml,,,http://socalcontest.org/history/1997/results-1997.shtml,,,Yes
,socal-1996,socal-1997,wf-1997,pre-cms,,,,,http://socalcontest.org/current/index.shtml,,,http://socalcontest.org/history/1996/results-1996.shtml,,,Yes
,socal-1995,socal-1996,wf-1996,pre-cms,,,,,http://socalcontest.org/current/index.shtml,,,http://socalcontest.org/history/1995/results-1995.shtml,,,Yes
,socal-1994,socal-1995,wf-1995,pre-cms,,,,,,,,https://usenetarchives.com/view.php?id=comp.org.acm&mid=PEN6QTVGei5DR3VAdW5vY2FsLmNvbT4,,,Yes
,socal-1993,socal-1994,wf-1994,pre-cms,,,,,,,,,,,
,socal-1992,socal-1993,wf-1993,pre-cms,,,,,,,,,,,
,socal-1991,socal-1992,wf-1992,pre-cms,,,,,,,,,,,
,socal-1990,socal-1991,wf-1991,pre-cms,,,,,,,,,,,
,socal-1989,socal-1990,wf-1990,pre-cms,,,,,,,,,,,
,socal-1988,socal-1989,wf-1989,pre-cms,,,,,,,,,,,
,socal-1987,socal-1988,wf-1988,pre-cms,,,,,,,,,,,
,socal-1986,socal-1987,wf-1987,pre-cms,,,,,,,,,,,
,socal-1985,socal-1986,wf-1986,pre-cms,,,,,,,,,,,
,socal-1984,socal-1985,wf-1985,pre-cms,,,,,,,,,,,
,socal-1983,socal-1984,wf-1984,pre-cms,,,,,,,,,,,
,socal-1982,socal-1983,wf-1983,pre-cms,,,,,,,,,,,
,socal-1981,socal-1982,wf-1982,pre-cms,,,,,,,,,,,
,socal-1980,socal-1981,wf-1981,pre-cms,,,,,,,,,,,
,socal-1979,socal-1980,wf-1980,pre-cms,,,,,,,,,,,
future,lac-2027,-,wf-2027,9809,2027 ICPC Latin America Championship,,,,,,,,,,
,lac-2026,lac-2027,wf-2026,9400,2026 ICPC Latin America Championship,2026-03-08,,,,"https://scorelatam.naquadah.com.br/pda26/, https://codeforces.com/gym/106416/standings",,,,,Yes
,lac-2025,lac-2026,wf-2025,8940,2025 ICPC Latin America Championship,2025-03-17,,,,"https://scorelatam.naquadah.com.br/pda25/, https://codeforces.com/gym/105789/standings",,,,,Yes
,lac-2024,lac-2025,wf-2024,7940,2024 ICPC Latin America Championship,2024-03-19,,,,https://scorelatam.naquadah.com.br/pda24/,,,,,Yes
future,mexico-2026,-,lac-2027,9816,2026 ICPC Mexico Finals,,,,,,,,,,
,mexico-2025,mexico-2026,lac-2026,9409,2025 ICPC Mexico Finals,2025-11-07,,,,https://scorelatam.naquadah.com.br/latam-2025/,,,,https://icpc.global/regionals/finder/Mexico-2026/standings,Yes
,mexico-2024,mexico-2025,lac-2025,8953,2024 ICPC Mexico Finals,2024-11-09,,,,https://scorelatam.naquadah.com.br/latam-2024/,,,,https://icpc.global/regionals/finder/Mexico-2025/standings,Yes
,mexico-2023,mexico-2024,lac-2024,7543,2023 ICPC Mexico Finals,2023-10-21,,,,https://scorelatam.naquadah.com.br/latam-2023/,,,,https://icpc.global/regionals/finder/Mexico-2024/standings,Yes
,mexico-2022,mexico-2023,wf-2023,5531,2022 ICPC Mexico Finals,2023-03-17,,,,https://scorelatam.naquadah.com.br/latam-2022/,,,,https://icpc.global/regionals/finder/Mexico-2023/standings,Yes
,mexico-2021,mexico-2022,wf-2022,4704,2021 ICPC Mexico Finals,2022-04-02,,,,https://scorelatam.naquadah.com.br/latam-2021/,,,,https://icpc.global/regionals/finder/Mexico-2022/standings,Yes
,mexico-2020,mexico-2021,wf-2021,4479,2020 ICPC Mexico Finals,2021-07-10,,,,https://scorelatam.naquadah.com.br/latam-2020/,,,,https://icpc.global/regionals/finder/Mexico-2021/standings,Yes
,mexico-2019,mexico-2020,wf-2020,4241,2019 ICPC Mexico Finals,2019-11-09,,,,https://scorelatam.naquadah.com.br/latam-2019/,,,,https://icpc.global/regionals/finder/Mexico-2020/standings,Yes
future,central-america-2026,-,lac-2027,9810,2026 ICPC Central America Finals,,,,,,,,,,
,central-america-2025,central-america-2026,lac-2026,9407,2025 ICPC Central America Finals,2025-11-08,,,,https://scorelatam.naquadah.com.br/latam-2025/,,,,https://icpc.global/regionals/finder/Central-America-2026/standings,Yes
,central-america-2024,central-america-2025,lac-2025,8951,2024 ICPC Central America Finals,2024-11-09,,,,https://scorelatam.naquadah.com.br/latam-2024/,,,,https://icpc.global/regionals/finder/Central-America-2025/standings,Yes
,central-america-2023,central-america-2024,lac-2024,7541,2023 ICPC Central America Finals,,,,,https://scorelatam.naquadah.com.br/latam-2023/,,,,https://icpc.global/regionals/finder/Central-America-2024/standings,Yes
,central-america-2022,central-america-2023,wf-2023,5529,2022 ICPC Central America Finals,,,,,https://scorelatam.naquadah.com.br/latam-2022/,,,,https://icpc.global/regionals/finder/Central-America-2023/standings,Yes
,central-america-2021,central-america-2022,wf-2022,4709,2021 ICPC Central America Finals,,,,,https://scorelatam.naquadah.com.br/latam-2021/,,,,,Yes
,central-america-2020,central-america-2021,wf-2021,4477,2020 ICPC Central America Finals,,,,,https://scorelatam.naquadah.com.br/latam-2020/,,,,https://icpc.global/regionals/finder/Central-America-2021/standings,Yes
,central-america-2019,central-america-2020,wf-2020,4263,2019 ICPC Central America Finals,,,,,https://scorelatam.naquadah.com.br/latam-2019/,,,,https://icpc.global/regionals/finder/Central-America-2020/standings,Yes
,central-america-2018,"central-america-2019, mexico-2019",wf-2019,3622,2018 ICPC Mexico and Central America Finals,2018-11-09,,,,,,,,https://icpc.global/regionals/finder/Mexico-Central-America-2019/standings,Yes
,central-america-2017,central-america-2018,wf-2018,3449,2017 ACM-ICPC Mexico and Central America Finals,2017-11-11,,,,https://web.archive.org/web/20171114080854/https://www.bombonera.org/score2017f2/score,,,,https://icpc.global/regionals/finder/Mexico-Central-America-2018/standings,Yes
,central-america-2016,central-america-2017,wf-2017,3016,2016 ACM-ICPC Mexico and Central America Finals,2016-11-12,,,,https://web.archive.org/web/20170318010028/http://www.bombonera.org/scoreboard2016/,,,,https://icpc.global/regionals/finder/Mexico-Central-America-2017/standings,Yes
,central-america-2015,central-america-2016,wf-2016,2805,2015 ACM-ICPC  Mexico and Central America Finals,2015-11-13,,,,,,,,https://icpc.global/regionals/finder/Mexico-Central-America-2016/standings,Yes
,central-america-2014,central-america-2015,wf-2015,2482,2014 ACM-ICPC  Mexico and Central America Finals,2014-11-07,,,,https://web.archive.org/web/20150507120712/http://score.bombonera.org/latam2014/,,,,https://icpc.global/regionals/finder/Mexico-Central-America-2015/standings,Yes
,central-america-2013,central-america-2014,wf-2014,1818,2013 Mexico & Central America Regional Contest,2013-11-09,,,,,,,,https://icpc.global/regionals/finder/Mexico-Central-America-2014/standings,Yes
,central-america-2012,central-america-2013,wf-2013,1436,2012 Mexico & Central America Regional Contest,2012-11-10,,,,,,,,https://icpc.global/regionals/finder/Mexico-Central-America-2013/standings,Yes
,central-america-2011,central-america-2012,wf-2012,814,2011 Mexico & Central America Regional Contest,2011-11-05,,,,https://web.archive.org/web/20120118013314/http://cidi.uaq.mx/acm/images/index.html,,,,https://icpc.global/regionals/finder/Mexico-Central-America-2012/standings,Yes
,central-america-2010,central-america-2011,wf-2011,586,2010 Mexico & Central America Regional Contest,2010-10-23,,,,,,,,https://icpc.global/regionals/finder/Mexico-Central-America-2011/standings,Yes
,central-america-2009,central-america-2010,wf-2010,515,2009 Mexico & Central America Contest,2009-10-24,,,,,,https://web.archive.org/web/20151113081504/http://cidi.uaq.mx/acm/results_09.html,,https://icpc.global/regionals/finder/Mexico-Central-America-2010/standings,Yes
,central-america-2008,central-america-2009,wf-2009,28,2008 Mexico & Central America Contest,2008-11-02,,,,,,,,,
,central-america-2007,central-america-2008,wf-2008,958,2007 ACM Mexico and Central America Programming Contest,2007-11-04,,,,,,https://web.archive.org/web/20080915032412/http://icpc.baylor.edu/icpc/regionals/ViewRegionalStandings.asp?ContestID=860,,,Yes
,central-america-2006,central-america-2007,wf-2007,1109,2006 ACM Mexico and Central America Programming Contest,2006-11-05,,,,,,https://web.archive.org/web/20071011185732/http://icpc.baylor.edu/icpc/regionals/ViewRegionalStandings.asp?ContestID=779,,,Yes
,central-america-2005,central-america-2006,wf-2006,1184,2005 ACM Mexico and Central America Programming Contest,2005-10-30,,,,,,https://web.archive.org/web/20071011212843/http://icpc.baylor.edu/icpc/regionals/ViewRegionalStandings.asp?ContestID=737,,,Yes
,central-america-2004,central-america-2005,wf-2005,1110,2004 ACM Mexico and Central America Programming Contest,2004-11-07,,,,,,https://web.archive.org/web/20080506121206/http://icpc.baylor.edu/icpc/regionals/ViewRegionalStandings.asp?ContestID=703,,,Yes
,central-america-2003,central-america-2004,wf-2004,1021,2003 ACM Mexico and Central America Programming Contest,2003-11-09,,,,,,https://web.archive.org/web/20071012210031/http://icpc.baylor.edu/icpc/regionals/ViewRegionalStandings.asp?ContestID=661,,,Yes
,central-america-2002,central-america-2003,wf-2003,1152,2002 ACM Mexico and Central America Programming Contest,2002-11-10,,,https://web.archive.org/web/20060901153455/http://icpc.baylor.edu/past/icpc2003/regionals/Reports/orion.qro.itesm.mx/_acm/index.html,,,https://web.archive.org/web/20060901153448/http://icpc.baylor.edu/past/icpc2003/regionals/Reports/orion.qro.itesm.mx/acm/2002/standings.htm,https://web.archive.org/web/20080506123655/http://icpc.baylor.edu/past/icpc2003/regionals/Reports/icpc.baylor.edu/icpc/regionals/ViewRegionalStandings52d5.html?ContestID=588,,Yes
,central-america-2001,central-america-2002,wf-2002,1188,2001 ACM Mexico and Central America Programming Contest,2001-10-07,,,,,,,https://web.archive.org/web/20090102025433/http://icpc.baylor.edu/Past/icpc2002/regionals/ViewRegionalStandings.asp?ContestID=521,,Yes
,central-america-2000,central-america-2001,wf-2001,1195,2000 ACM Central America Programming Contest,2000-10-08,,,,,,,https://web.archive.org/web/20060901131708/http://icpc.baylor.edu/past/icpc2001/regionals/ViewRegionalStandings.asp?ContestID=456,,Yes
,central-america-1999,central-america-2000,wf-2000,1196,1999 ACM Central America Programming Contest,1999-11-14,,,,,,https://web.archive.org/web/20020111163812/http://icpc.baylor.edu/past/icpc2000/regionals/CAmerica99/Standings.html,,,Yes
,central-america-1998,central-america-1999,wf-1999,964,1998 ACM Central America Programming Contest,1998-10-24,,,,,,https://web.archive.org/web/20100709230413fw_/http://icpc.baylor.edu/past/icpc99/Regionals/CAmerica98/Standings.htm,,,Yes
,central-america-1997,central-america-1998,wf-1998,pre-cms,,,,,,,,,,,
future,caribbean-2026,-,lac-2027,9827,2026 ICPC Caribbean Finals,,,,,,,,,,
,caribbean-2025,caribbean-2026,lac-2026,9401,2025 ICPC Caribbean Finals,2025-11-08,,,,https://scorelatam.naquadah.com.br/latam-2025/,,,,,Yes
,caribbean-2024,caribbean-2025,lac-2025,8949,2024 ICPC Caribbean Finals,2024-11-09,,,,https://scorelatam.naquadah.com.br/latam-2024/,,,,,Yes
,caribbean-2023,caribbean-2024,lac-2024,7555,2023 ICPC Caribbean Finals,2023-10-21,,,,https://scorelatam.naquadah.com.br/latam-2023/,,,,,Yes
,caribbean-2022,caribbean-2023,wf-2023,5534,2022 ICPC Caribbean Finals,2023-03-18,,,,https://scorelatam.naquadah.com.br/latam-2022/,,,,,Yes
,caribbean-2021,caribbean-2022,wf-2022,4698,2021 ICPC Caribbean Finals,2022-04-02,,,,https://scorelatam.naquadah.com.br/latam-2021/,,,,,Yes
,caribbean-2020,caribbean-2021,wf-2021,4468,2020 ICPC Caribbean Finals,2021-07-10,,,,https://scorelatam.naquadah.com.br/latam-2020/,,,,,Yes
,caribbean-2019,caribbean-2020,wf-2020,4244,2019 ICPC Caribbean Finals,2019-11-09,,,,https://scorelatam.naquadah.com.br/latam-2019/,,,,,Yes
,caribbean-2018,caribbean-2019,wf-2019,3619,2018 ICPC Caribbean Finals,2018-11-10,,,,https://web.archive.org/web/20181112085616/http://score.bombonera.org/score2018f2/score/,,,,https://icpc.global/regionals/finder/CaribFinals-2019/standings,Yes
,caribbean-2017,caribbean-2018,wf-2018,3460,2017 ACM-ICPC Caribbean Finals,2017-11-11,,,,,,,,https://icpc.global/regionals/finder/CF-2018/standings,Yes
,caribbean-2016,caribbean-2017,wf-2017,3020,2016 ACM-ICPC Caribbean Finals,2016-11-12,,,,,,,,https://icpc.global/regionals/finder/CF-2017/standings,Yes
,caribbean-2015,caribbean-2016,wf-2016,2802,2015 ACM-ICPC Caribbean Finals,2015-11-14,,,,,,,,https://icpc.global/regionals/finder/CF-2016/standings,Yes
,caribbean-2014,caribbean-2015,wf-2015,2533,2014 ACM-ICPC Caribbean Finals,2014-11-08,,,https://finalcaribe.wordpress.com/,,,,,https://icpc.global/regionals/finder/CF-2015/standings,Yes
,caribbean-2013,caribbean-2014,wf-2014,1864,2013 ACM-ICPC Caribbean Finals,2013-11-09,,,,,,,,https://icpc.global/regionals/finder/CF-2014/standings,Yes
,caribbean-2012,caribbean-2013,wf-2013,1433,2012 Caribbean Finals of the ACM-ICPC,2012-11-10,,,,,,,,https://icpc.global/regionals/finder/Caribbean-Finals-2013/standings,Yes
,caribbean-2011,caribbean-2012,wf-2012,890,2011 Caribbean Finals of the ACM-ICPC,2011-11-05,,,,,,https://finalcaribe.wordpress.com/final-carib/resultados-2011/,,https://icpc.global/regionals/finder/Caribbean-Finals-2012/standings,Yes
,caribbean-2010,caribbean-2011,wf-2011,676,2010 Caribbean Finals of the ACM-ICPC,2010-10-23,,,,,,https://finalcaribe.wordpress.com/final-carib/resultados-2010/,,https://icpc.global/regionals/finder/Caribbean-Finals-2011/standings,Yes
,caribbean-2009,caribbean-2010,,n/a,,,,,,,,https://finalcaribe.wordpress.com/final-carib/resultados-2009/,,,Yes
,cuba-2010,-,caribbean-2010,677,2010 Cuban Finals of the ACM-ICPC,2010-10-02,,,,,,,,,
future,south-america-north-2026,-,lac-2027,9812,2026 ICPC South America North Finals,,,,,,,,,,
,south-america-north-2025,south-america-north-2026,lac-2026,9411,2025 ICPC South America North Finals,2025-11-08,,,,https://scorelatam.naquadah.com.br/latam-2025/,,,,,Yes
,south-america-north-2024,south-america-north-2025,lac-2025,8941,2024 ICPC South America-North Finals,2024-11-09,,,,https://scorelatam.naquadah.com.br/latam-2024/,,,,,Yes
,south-america-north-2023,south-america-north-2024,lac-2024,7547,2023 ICPC South America-North Finals,,,,,https://scorelatam.naquadah.com.br/latam-2023/,,,,,Yes
,south-america-north-2022,south-america-north-2023,wf-2023,5519,2022 ICPC South America-North Finals,,,,,https://scorelatam.naquadah.com.br/latam-2022/,,,,,Yes
,south-america-north-2021,south-america-north-2022,wf-2022,4700,2021 ICPC South America-North Finals,2022-04-02,,,,https://scorelatam.naquadah.com.br/latam-2021/,,,,,Yes
,south-america-north-2020,south-america-north-2021,wf-2021,4473,2020 ICPC South America-North Finals,,,,,https://scorelatam.naquadah.com.br/latam-2020/,,,,,Yes
,south-america-north-2019,south-america-north-2020,wf-2020,4247,2019 ICPC South America-North Finals,2019-11-09,,,,https://scorelatam.naquadah.com.br/latam-2019/,,,,,Yes
,south-america-north-2018,south-america-north-2019,wf-2019,3626,2018 ICPC South America-North Finals,2018-11-10,,,,,,,,https://icpc.global/regionals/finder/South-America-North-2019/standings,Yes
,south-america-north-2017,south-america-north-2018,wf-2018,3451,2017 ACM-ICPC South America-North Finals,2017-11-11,,,,,,,,https://icpc.global/regionals/finder/South-America-North-2018/standings,Yes
,south-america-north-2016,south-america-north-2017,wf-2017,3012,2016 ACM-ICPC South America-North Finals,2016-11-12,,,,,,,,https://icpc.global/regionals/finder/South-America-North-2017/standings,Yes
,south-america-north-2015,south-america-north-2016,wf-2016,2811,2015 ACM-ICPC South America-North Finals,2015-11-14,,,,,,,,https://icpc.global/regionals/finder/South-America-North-2016/standings,Yes
,south-america-north-2014,south-america-north-2015,wf-2015,2450,2014 ACM-ICPC South America-North Finals,2014-11-08,,,,,,,,https://icpc.global/regionals/finder/South-America-North-2015/standings,Yes
,south-america-north-2013,south-america-north-2014,wf-2014,1867,2013 South America-North Regional Contest,2013-11-09,,,,,,,,https://icpc.global/regionals/finder/South-America-North-2014/standings,Yes
,south-america-north-2012,south-america-north-2013,wf-2013,1401,2012 South America-North Regional Contest,2012-10-11,,,,,,,,https://icpc.global/regionals/finder/South-America-North-2013/standings,Yes
,south-america-north-2011,south-america-north-2012,wf-2012,838,2011 South America/North Regional Contest,2011-06-17,,,,https://web.archive.org/web/20120719150543/http://www.acm-icpc.com.ve/resultados/,,,,https://icpc.global/regionals/finder/South-America-North-2012/standings,Yes
,south-america-north-2010,south-america-north-2011,wf-2011,589,2010 South America/North Regional Contest,2010-10-23,,,,https://web.archive.org/web/20140706022232/http://acis.org.co/index.php?id=1559,,,,https://icpc.global/regionals/finder/South-America-North-2011/standings,Yes
,south-america-north-2009,south-america-north-2010,wf-2010,519,2009 South America/North,2009-10-24,,,,https://web.archive.org/web/20140706012832/http://acis.org.co/index.php?id=1406,,,,https://icpc.global/regionals/finder/South-America-North-2010/standings,Yes
,south-america-north-2008,south-america-north-2009,wf-2009,29,2008 South America/North,2008-11-30,,,,,,,,,
,south-america-south-2026,-,lac-2027,9819,2026 ICPC South America South Finals,,,,,,,,,,
,south-america-south-2025,south-america-south-2026,lac-2026,9403,2025 ICPC South America South Finals,2025-11-08,,,,https://scorelatam.naquadah.com.br/latam-2025/,,,,,Yes
,south-america-south-2024,south-america-south-2025,lac-2025,8945,2024 ICPC South America/South Finals,2024-11-09,,,,https://scorelatam.naquadah.com.br/latam-2024/,,,,,Yes
,south-america-south-2023,south-america-south-2024,lac-2024,7551,2023 ICPC South America/South Finals,2023-10-21,,,,https://scorelatam.naquadah.com.br/latam-2023/,,,,,Yes
,south-america-south-2022,south-america-south-2023,wf-2023,5523,2022 ICPC South America/South Finals,2023-03-17,,,,https://scorelatam.naquadah.com.br/latam-2022/,,,,,Yes
,south-america-south-2021,south-america-south-2022,wf-2022,4711,2021 ICPC South America/South Finals,2023-03-17,,,,https://scorelatam.naquadah.com.br/latam-2021/,,,,,Yes
,south-america-south-2020,south-america-south-2021,wf-2021,4464,2020 ICPC South America/South Finals,2021-07-10,,,,https://scorelatam.naquadah.com.br/latam-2020/,,,,,Yes
,south-america-south-2019,south-america-south-2020,wf-2020,4251,2019 ICPC South America/South Finals,2019-11-09,,,,https://scorelatam.naquadah.com.br/latam-2019/,,,,,Yes
,south-america-south-2018,south-america-south-2019,wf-2019,3630,2018 ICPC South America/South Finals,2018-11-09,,,,,,,,https://icpc.global/regionals/finder/SouthAmerica-South-2019/standings,Yes
,south-america-south-2017,south-america-south-2018,wf-2018,3455,2017 ACM-ICPC South America/South Finals,2017-11-11,,,,,,,,https://icpc.global/regionals/finder/SouthAmerica-South-2018/standings,Yes
,south-america-south-2016,south-america-south-2017,wf-2017,3009,2016 ACM-ICPC South America/South Finals,2016-11-12,,,,,,,,https://icpc.global/regionals/finder/SouthAmerica-South-2017/standings,Yes
,south-america-south-2015,south-america-south-2016,wf-2016,2816,2015 ACM-ICPC South America/South Finals,2015-11-14,,,,,,,,https://icpc.global/regionals/finder/SouthAmerica-South-2016/standings,Yes
,south-america-south-2014,south-america-south-2015,wf-2015,2530,2014 ACM-ICPC South America/South Finals,2014-11-08,,,,,,,,https://icpc.global/regionals/finder/SouthAmerica-South-2015/standings,Yes
,south-america-south-2013,south-america-south-2014,wf-2014,1813,2013 South America/South Regional Contest,2013-11-09,,,,,,,,https://icpc.global/regionals/finder/SouthAmerica-South-2014/standings,Yes
,south-america-south-2012,south-america-south-2013,wf-2013,1482,2012 South America/South Regional Contest,2012-11-10,,,,,,,,https://icpc.global/regionals/finder/South-America-South-2013/standings,Yes
,south-america-south-2011,south-america-south-2012,wf-2012,836,2011 South America/South Regional Contest,2011-11-05,,,,https://www-2.dc.uba.ar/icpc/contest2011/Bmg6DElcjB/index-merged-final.html,,,,https://icpc.global/regionals/finder/South-America-South-2012/standings,Yes
,south-america-south-2010,south-america-south-2011,wf-2011,584,2010 South America/South Regional Contest,2010-10-23,,,,https://www-2.dc.uba.ar/icpc/contest2010/,,,,https://icpc.global/regionals/finder/South-America-South-2011/standings,Yes
,south-america-south-2009,south-america-south-2010,wf-2010,518,2009 South America/South,2009-10-24,,,,,,,,https://icpc.global/regionals/finder/South-America-South-2010/standings,Yes
,south-america-south-2008,south-america-south-2009,wf-2009,56,2008 South America/South,2008-11-15,,,,,,,,,
future,brazil-2026,-,lac-2027,9824,2026 ICPC South America Brazil Finals,,,,,,,,,,
,brazil-2025,brazil-2026,lac-2026,9414,2025 ICPC South America Brazil Finals,2025-11-08,,,,https://scorelatam.naquadah.com.br/latam-2025/,,,,,Yes
,brazil-2024,brazil-2025,lac-2025,8957,2024 ICPC South America/Brazil Finals,2024-11-09,,,,https://scorelatam.naquadah.com.br/latam-2024/,,,,,Yes
,brazil-2023,brazil-2024,lac-2024,7539,2023 ICPC South America/Brazil Finals,2023-10-19,,,,https://scorelatam.naquadah.com.br/latam-2023/,,,,,Yes
,brazil-2022,brazil-2023,wf-2023,5527,2022 ICPC South America/Brazil Finals,2023-03-16,,,,https://scorelatam.naquadah.com.br/latam-2022/,,,,,Yes
,brazil-2021,brazil-2022,wf-2022,4707,2021 ICPC South America/Brazil Finals,2022-04-01,,,,https://scorelatam.naquadah.com.br/latam-2021/,,,,,Yes
,brazil-2020,brazil-2021,wf-2021,4471,2020 ICPC South America/Brazil Finals,2021-07-08,,,,https://scorelatam.naquadah.com.br/latam-2020/,,,,,Yes
,brazil-2019,brazil-2020,wf-2020,4255,2019 ICPC South America/Brazil Finals,2019-11-07,,,,https://scorelatam.naquadah.com.br/latam-2019/,,,,,Yes
,brazil-2018,brazil-2019,wf-2019,3624,2018 ICPC South America/Brazil Finals,2018-11-09,,,,,,,,https://icpc.global/regionals/finder/South-America-Brazil-2019/standings,Yes
,brazil-2017,brazil-2018,wf-2018,3458,2017 ACM-ICPC South America/Brazil Finals,,,,,https://maratona.sbc.org.br/hist/2016/resultados/reports/detailed-scoreboard.htm,,,,https://icpc.global/regionals/finder/South-America-Brazil-2018/standings,Yes
,brazil-2016,brazil-2017,wf-2017,3018,2016 ACM-ICPC South America/Brazil Finals,2016-11-11,,,,https://maratona.sbc.org.br/hist/2016/resultados/reports/detailed-scoreboard.htm,,,,https://icpc.global/regionals/finder/South-America-Brazil-2017/standings,Yes
,brazil-2015,brazil-2016,wf-2016,2809,2015 ACM-ICPC South America/Brazil Finals,2015-11-13,,,,https://maratona.sbc.org.br/hist/2015/resultados/reports/final_scoreboard.html,,,,https://icpc.global/regionals/finder/South-America-Brazil-2016/standings,Yes
,brazil-2014,brazil-2015,wf-2015,2536,2014 ACM-ICPC South America/Brazil Finals,2014-11-07,,,,,,,,https://icpc.global/regionals/finder/South-America-Brazil-2015/standings,Yes
,brazil-2013,brazil-2014,wf-2014,1816,2013 South America/Brazil Regional Contest,2013-11-10,,,,https://maratona.sbc.org.br/hist/2013/resultados13/data/finalboard.html,,,,https://icpc.global/regionals/finder/South-America-Brazil-2014/standings,Yes
,brazil-2012,brazil-2013,wf-2013,1485,2012 South America/Brazil Regional Contest,2012-11-10,,,,https://maratona.sbc.org.br/hist/2012/resultados12/score.html,,,,https://icpc.global/regionals/finder/South-America-Brazil-2013/standings,Yes
,brazil-2011,brazil-2012,wf-2012,812,2011 South America/Brazil Regional Contest,2011-11-04,,,,,,,,https://icpc.global/regionals/finder/South-America-Brazil-2012/standings,Yes
,brazil-2010,brazil-2011,wf-2011,593,2010 South America/Brazil Regional Contest,2010-10-23,,,,https://web.archive.org/web/20101116161024/http://maratona.ime.usp.br/resultados10/score.pdf,,,,https://icpc.global/regionals/finder/South-America-Brazil-2011/standings,Yes
,brazil-2009,brazil-2010,wf-2010,516,2009 South America/Brazil,2009-10-23,,,https://maratona.sbc.org.br/hist/2009/index.html,https://maratona.sbc.org.br/hist/2009/placar.pdf,,,,https://icpc.global/regionals/finder/South-America-Brazil-2010/standings,Yes
,brazil-2008,brazil-2009,wf-2009,57,2008 South America/Brazil,2008-11-15,,,https://maratona.sbc.org.br/hist/2008/index.html,https://maratona.sbc.org.br/hist/2008/score.php.html,,,,,Yes
,brazil-2007,brazil-2008,wf-2008,1257,2007 ACM-ICPC South America Contest within Brazil,2007-11-10,,,,https://web.archive.org/web/20080314134646/http://www.ic.unicamp.br/~acmcntst/Welcome_files/boardsfinales/Brasil.html,,https://web.archive.org/web/20080915032443/http://icpc.baylor.edu/icpc/regionals/ViewRegionalStandings.asp?ContestID=867,,,Yes
,brazil-2006,brazil-2007,wf-2007,1124,2006 ACM-ICPC South America Contest within Brazil,2006-11-12,,,,,,https://web.archive.org/web/20080502051002/http://icpc.baylor.edu/icpc/regionals/ViewRegionalStandings.asp?ContestID=786,,,Yes
,brazil-2005,brazil-2006,wf-2006,975,2005 ACM-ICPC South America Contest within Brazil,2005-11-12,,,,,,https://web.archive.org/web/20071011202429/http://icpc.baylor.edu/icpc/regionals/ViewRegionalStandings.asp?ContestID=744,,,Yes
,brazil-2004,brazil-2005,wf-2005,1227,2004 ACM-ICPC South America Contest within Brazil,2004-11-13,,,,,,https://web.archive.org/web/20071012163131/http://icpc.baylor.edu/icpc/regionals/ViewRegionalStandings.asp?ContestID=712,,,Yes
,south-america-2007,"south-america-south-2008, south-america-north-2008",wf-2008,1057,2007 ACM-ICPC South America Contest outside Brazil,2007-11-10,,,https://web.archive.org/web/20080807043720/http://www.ic.unicamp.br/~acmcntst/,,,https://web.archive.org/web/20080915032418/http://icpc.baylor.edu/icpc/regionals/ViewRegionalStandings.asp?ContestID=861,,,Yes
,south-america-2006,south-america-2007,wf-2007,1212,2006 ACM-ICPC South America Contest outside Brazil,2006-11-12,,,https://web.archive.org/web/20061229212018/http://www.ic.unicamp.br/%7Eacmcntst/,,,https://web.archive.org/web/20071011223835/http://icpc.baylor.edu/icpc/regionals/ViewRegionalStandings.asp?ContestID=780,,,Yes
,south-america-2005,south-america-2006,wf-2006,1245,2005 ACM-ICPC South America Contest outside Brazil,2005-11-12,,,https://web.archive.org/web/20060103080621/http://www.ic.unicamp.br/~acmcntst/,,,https://web.archive.org/web/20071011212848/http://icpc.baylor.edu/icpc/regionals/ViewRegionalStandings.asp?ContestID=738,,,Yes
,south-america-2004,south-america-2005,wf-2005,968,2004 ACM-ICPC South America Contest outside Brazil,2004-11-14,,,https://web.archive.org/web/20041215170129/http://www.dcc.unicamp.br/~acmcntst/,,,https://web.archive.org/web/20071012163022/http://icpc.baylor.edu/icpc/regionals/ViewRegionalStandings.asp?ContestID=704,,,Yes
,south-america-2003,"south-america-2004, brazil-2004",wf-2004,1182,2003 ACM South America Programming Contest,2003-11-09,,,https://web.archive.org/web/20040101141958/http://www.dcc.unicamp.br/~acmcntst/,,,https://web.archive.org/web/20071012210040/http://icpc.baylor.edu/icpc/regionals/ViewRegionalStandings.asp?ContestID=662,,,Yes
,south-america-2002,south-america-2003,wf-2003,981,2002 ACM South America Programming Contest,2002-11-09,,,https://web.archive.org/web/20021130042749/http://www.dcc.unicamp.br/~acmcntst/,,,https://web.archive.org/web/20030517144856if_/http://www.dcc.unicamp.br/acmcntst/results.html,https://web.archive.org/web/20090307020407/http://icpc.baylor.edu/past/icpc2003/Regionals/Reports/icpc.baylor.edu/icpc/regionals/ViewRegionalStandingsf455.html?ContestID=589,,Yes
,south-america-2001,south-america-2002,wf-2002,1099,2001 ACM South America Programming Contest,2001-11-10,,,,,,https://web.archive.org/web/20021214114603/http://www.dcc.unicamp.br/~acmcntst/results.html,https://web.archive.org/web/20090102024716/http://icpc.baylor.edu/Past/icpc2002/regionals/ViewRegionalStandings.asp?ContestID=522,,Yes
,south-america-2000,south-america-2001,wf-2001,987,2000 ACM South America Programming Contest,2000-11-18,,,,,,,https://web.archive.org/web/20060901130923/http://icpc.baylor.edu/past/icpc2001/regionals/ViewRegionalStandings.asp?ContestID=457,,Yes
,south-america-1999,south-america-2000,wf-2000,984,1999 ACM South America Programming Contest,1999-11-13,,,https://web.archive.org/web/20000831061115/http://www.dcc.unicamp.br/~acmcntst/,,,https://web.archive.org/web/20091230035040/http://icpc.baylor.edu/past/icpc2000/regionals/SAmer99/Standings.html,,,Yes
,south-america-1998,south-america-1999,wf-1999,997,1998 ACM South America Programming Contest,1998-11-15,,,https://www.ime.usp.br/~cef/acm/,,,https://web.archive.org/web/20100709230849fw_/http://icpc.baylor.edu/past/icpc99/Regionals/SAmer98/Standings.htm,,,Yes
,south-america-1997,south-america-1998,wf-1998,pre-cms,,,,,,,,,,,
future,nerc-2026,-,wf-2027,9779,2026 ICPC Northern Eurasia Finals,,,,,,,,,,
,nerc-2025,nerc-2026,wf-2026,9152,2025 ICPC Northern Eurasia Finals,2025-12-15,,,,https://nerc.itmo.ru/archive/2025/standings.html,,,,,Yes
,nerc-2024,nerc-2025,wf-2025,8884,2024 ICPC Northern Eurasia Finals,2024-12-15,,,,https://nerc.itmo.ru/archive/2024/standings.html,,,,,Yes
,nerc-2023,nerc-2024,wf-2024,7724,2023 ICPC Northern Eurasia Finals,2023-12-13,,,,https://nerc.itmo.ru/archive/2023/standings.html,,,,,Yes
,nerc-2022,nerc-2023,wf-2023,5574,2022 ICPC Northern Eurasia Finals,2022-12-07,,,,https://nerc.itmo.ru/archive/2022/standings.html,,,,,Yes
,nerc-2021,nerc-2022,wf-2022,4933,2021 ICPC Northern Eurasia Finals,2022-04-12,,,,https://nerc.itmo.ru/archive/2021/standings.html,,,,,Yes
,nerc-2020,nerc-2021,wf-2021,4551,2020 Northern Eurasia Finals Online,2020-12-13,,,,https://nerc.itmo.ru/archive/2020/standings.html,,,,,Yes
,nerc-2019,nerc-2020,wf-2020,4185,2019 Northern Eurasia Finals,2019-12-01,,,,https://nerc.itmo.ru/archive/2019/standings.html,,,,,Yes
,nerc-2018,nerc-2019,wf-2019,3672,2018 Northern Eurasia Contests,2018-12-02,,,,https://nerc.itmo.ru/archive/2018/standings.html,,,,,Yes
,nerc-2017,nerc-2018,wf-2018,3283,2017 Northern Eurasia Contests,2017-12-03,,,,https://nerc.itmo.ru/archive/2017/standings.html,,,,,Yes
,neerc-2016,neerc-2017,wf-2017,3139,2016 Northeastern Europe Regional Contest,2016-12-04,,,,https://nerc.itmo.ru/archive/2016/standings.html,,,,,Yes
,neerc-2015,neerc-2016,wf-2016,2752,2015 Northeastern Europe Regional Contest,2015-12-06,,,,https://nerc.itmo.ru/archive/2015/standings.html,,,,,Yes
,neerc-2014,neerc-2015,wf-2015,2672,2014 Northeastern Europe Regional Contest,2014-12-07,,,,https://nerc.itmo.ru/archive/2014/standings.html,,,,,Yes
,neerc-2013,neerc-2014,wf-2014,2025,2013 Northeastern Europe Regional Contest,2013-11-30,,,,https://nerc.itmo.ru/archive/2013/standings.html,,,,,Yes
,neerc-2012,neerc-2013,wf-2013,1301,2012 Northeastern Europe Regional Contest,2012-12-01,,,,https://nerc.itmo.ru/archive/2012/standings.html,,,,,Yes
,neerc-2011,neerc-2012,wf-2012,752,2011 Northeastern Europe Regional Contest,2011-11-26,,,,https://nerc.itmo.ru/archive/2011/standings.html,,,,,Yes
,neerc-2010,neerc-2011,wf-2011,617,2010 Northeastern Europe Regional Contest,2010-11-23,,,,https://nerc.itmo.ru/archive/2010/standings.html,,,,,Yes
,neerc-2009,neerc-2010,wf-2010,523,2009 Northeastern Europe Contest,2009-11-11,,,,https://nerc.itmo.ru/archive/2009/standings.html,,,,,Yes
,neerc-2008,neerc-2009,wf-2009,24,2008 Northeastern Europe Contest,2008-11-26,,,,https://nerc.itmo.ru/archive/2008/standings.html,,,,,Yes
,neerc-2007,neerc-2008,wf-2008,1180,2007 ACM Northeastern Europe Programming Contest,2007-11-28,,,,https://nerc.itmo.ru/archive/2007/standings.html,,,,,Yes
,neerc-2006,neerc-2007,wf-2007,1289,2006 ACM Northeastern Europe Programming Contest,2006-11-29,,,,https://nerc.itmo.ru/archive/2006/standings.html,,,,,Yes
,neerc-2005,neerc-2006,wf-2006,1166,2005 ACM Northeastern Europe Programming Contest,2005-11-30,,,,https://nerc.itmo.ru/archive/2005/standings.html,,,,,Yes
,neerc-2004,neerc-2005,wf-2005,967,2004 ACM Northeastern Europe Programming Contest,2004-12-01,,,,https://nerc.itmo.ru/archive/2004/standings.html,,,,,Yes
,neerc-2003,neerc-2004,wf-2004,1172,2003 ACM Northeastern Europe Programming Contest,2003-11-26,,,,https://nerc.itmo.ru/archive/2003/standings.html,,,,,Yes
,neerc-2002,neerc-2003,wf-2003,1224,2002 ACM Northeastern Europe Programming Contest,2002-11-27,,,,https://nerc.itmo.ru/archive/2002/standings.html,,,,,Yes
,neerc-2001,neerc-2002,wf-2002,1065,2001 ACM Northeastern Europe Programming Contest,,,,,https://nerc.itmo.ru/archive/2001/standings.html,,,,,Yes
,neerc-2000,neerc-2001,wf-2001,1246,2000 ACM Northeastern Europe Programming Contest,2000-12-07,,,,,,https://nerc.itmo.ru/archive/2000/standings.html,,,Yes
,neerc-1999,neerc-2000,wf-2000,1010,1999 ACM Northeastern Europe Programming Contest,1999-11-24,,,,,,https://nerc.itmo.ru/archive/1999/standings.html,,,Yes
,neerc-1998,neerc-1999,wf-1999,1077,1998 ACM Northeastern Europe Programming Contest,1998-12-02,,,,,,https://nerc.itmo.ru/archive/1998/standings.html,,,Yes
,neerc-1997,neerc-1998,wf-1998,pre-cms,,,,,,,,https://nerc.itmo.ru/archive/1997/standings.html,,,Yes
,neerc-1996,neerc-1997,wf-1997,pre-cms,,,,,,,,https://nerc.itmo.ru/archive/1996/standings.html,,,Yes
future,urals-2026,-,nerc-2026,9800,2026 ICPC Ural Regional Contest,,,,,,,,,,
,urals-2025,urals-2026,nerc-2025,9174,2025 ICPC Ural Regional Contest,2025-11-15,,,,https://nerc.itmo.ru/archive/2025/ural/standings.html,,,,,Yes
,urals-2024,urals-2025,nerc-2024,8902,2024 ICPC Ural Regional Contest,2024-11-16,,,,https://nerc.itmo.ru/archive/2024/ural/standings.html,,,,,Yes
,urals-2023,urals-2024,nerc-2023,7727,2023 ICPC Ural Regional Contest,2023-11-05,,,,https://nerc.itmo.ru/archive/2023/ural/standings.html,,,,,Yes
,urals-2022,urals-2023,nerc-2022,5582,2022 ICPC Ural Regional Contest,2022-10-29,,,,https://nerc.itmo.ru/archive/2022/ural/standings.html,,,,,Yes
,urals-2021,urals-2022,nerc-2021,4957,2021 ICPC Ural Regional Contest,2021-12-11,,,,https://nerc.itmo.ru/archive/2021/ural/standings.html,,,,,Yes
,urals-2020,urals-2021,nerc-2020,4555,2020 Ural Regional Contest,2020-11-14,,,,https://nerc.itmo.ru/archive/2020/ural/standings.html,,,,,Yes
,urals-2019,urals-2020,nerc-2019,4199,2019 Ural Regional Contest,2019-10-26,,,,https://nerc.itmo.ru/archive/2019/ural/standings.html,,,,,Yes
,urals-2018,urals-2019,nerc-2018,3687,2018 Urals Regional Contest,2018-10-27,,,,https://nerc.itmo.ru/archive/2018/ural/standings.html,,,,,Yes
,urals-2017,urals-2018,neerc-2017,3291,2017 Urals Subregional Contest,2017-11-04,,,,https://nerc.itmo.ru/archive/2017/ural/standings.html,,,,,Yes
,urals-2016,urals-2017,neerc-2016,3141,2016 Eastern Subregional Contest,2016-10-22,,,,https://nerc.itmo.ru/archive/2016/ural/standings.html,,,,,Yes
,urals-2015,urals-2016,neerc-2015,2757,2015 Eastern Subregional Contest,2015-10-24,,,,https://nerc.itmo.ru/archive/2015/ural/standings.html,,,,,Yes
,urals-2014,urals-2015,neerc-2014,2678,2014 Eastern Subregional Contest,2014-10-11,,,,https://nerc.itmo.ru/archive/2014/ural/standings.html,,,,,Yes
,urals-2013,urals-2014,neerc-2013,2033,2013 Eastern Subregional Contest,2013-10-26,,,,https://nerc.itmo.ru/archive/2013/ural/standings.html,,,,,Yes
,urals-2012,urals-2013,neerc-2012,1307,2012 Eastern Subregional Contest,2012-10-19,,,,https://nerc.itmo.ru/archive/2012/ural/standings.html,,,,,Yes
,urals-2011,urals-2012,neerc-2011,757,2011 Eastern Subregional Contest,2011-10-28,,,,https://nerc.itmo.ru/archive/2011/ural/standings.html,,,,,Yes
,urals-2010,urals-2011,neerc-2010,622,2010 Eastern Subregional Contest,2010-10-30,,,,,,https://nerc.itmo.ru/archive/2010/ural/standings.html,,,Yes
,urals-2009,urals-2010,neerc-2009,527,2009 Eastern Subregional Contest,2009-10-10,,,,,,https://nerc.itmo.ru/archive/2009/ural/standings.html,,,Yes
,urals-2008,urals-2009,neerc-2008,66,2008 Eastern Subregional Contest,2008-11-02,,,,,,https://nerc.itmo.ru/archive/2008/ural/standings.html,,,Yes
,urals-2007,urals-2008,neerc-2007,n/a,2007 Eastern Subregional Contest,,,,,,,https://nerc.itmo.ru/archive/2007/ural/standings.html,,,Yes
,urals-2006,urals-2007,neerc-2006,n/a,2006 Eastern Subregional Contest,,,,,,,https://nerc.itmo.ru/archive/2006/ural/standings.html,,,Yes
,urals-2005,urals-2006,neerc-2005,n/a,2005 Eastern Subregional Contest,,,,,,,https://nerc.itmo.ru/archive/2005/ural/standings.html,,,Yes
,urals-2004,urals-2005,neerc-2004,n/a,2004 Eastern Subregional Contest,,,,,,,https://nerc.itmo.ru/archive/2004/ural/standings.html,,,Yes
,urals-2003,urals-2004,neerc-2003,n/a,2003 Eastern Subregional Contest,,,,,,,"http://neerc.ifmo.ru/past/2003/eastern/standings-day1.html, https://web.archive.org/web/20101121025658/http://neerc.ifmo.ru/past/2003/eastern/standings-day2.html",,,Yes
,urals-2002,urals-2003,neerc-2002,n/a,2002 Eastern Subregional Contest,,,,,,,,,,
,urals-2001,urals-2002,neerc-2001,n/a,2001 Eastern Subregional Contest,,,,,,,,,,
,urals-2000,urals-2001,neerc-2000,n/a,2000 Eastern Subregional Contest,,,,,,,,,,
,urals-1999,urals-2000,neerc-1999,n/a,1999 Eastern Subregional Contest,,,,,,,,,,
,urals-1998,urals-1999,neerc-1998,n/a,1998 Eastern Subregional Contest,,,,,,,,,,
future,georgia-2026,-,nerc-2026,9790,2026 ICPC Georgia Regional Contest,,,,,,,,,,
,georgia-2025,georgia-2026,nerc-2025,9153,2025 ICPC Georgia Regional Contest,2025-11-15,,,,https://nerc.itmo.ru/archive/2025/georgia/standings.html,,,,,Yes
,georgia-2024,georgia-2025,nerc-2024,8890,2024 ICPC Georgia Regional Contest,2024-11-17,,,,,,,,https://icpc.global/regionals/finder/Georgia-Regional-2025/standings,Yes
,georgia-2023,georgia-2024,nerc-2023,7729,2023 ICPC Georgia Regional Contest,2023-11-26,,,,,,,,https://icpc.global/regionals/finder/Georgia-Regional-2024/standings,Yes
,georgia-2022,georgia-2023,nerc-2022,5593,2022 ICPC Georgia Regional Contest,2022-11-20,,,,https://nerc.itmo.ru/archive/2022/georgia/standings.html,,,,,Yes
,georgia-2021,georgia-2022,nerc-2021,4949,2021 ICPC Georgia Regional Contest,2021-12-26,,,,https://nerc.itmo.ru/archive/2021/georgia/standings.html,,,,,Yes
,georgia-2020,georgia-2021,nerc-2020,4570,2020 Georgia Regional Contest,2020-11-29,,,,https://nerc.itmo.ru/archive/2020/georgia/standings.html,,,,,Yes
,georgia-2019,georgia-2020,nerc-2019,4195,2019 Georgia Regional Contest,2019-11-10,,,,https://nerc.itmo.ru/archive/2019/georgia/standings.html,,,,,Yes
,georgia-2018,georgia-2019,nerc-2018,3682,2018 Georgia Subregional Contest,2018-10-27,,,,https://nerc.itmo.ru/archive/2018/georgia/standings.html,,,,,Yes
,georgia-2017,georgia-2018,neerc-2017,3285,2017 Georgia Subregional Contest,2017-11-04,,,,https://nerc.itmo.ru/archive/2017/georgia/standings.html,,,,,Yes
,georgia-2016,georgia-2017,neerc-2016,3154,2016 Georgia Subregional Contest,2016-11-13,,,,https://nerc.itmo.ru/archive/2016/georgia/standings.html,,,,,Yes
,georgia-2015,georgia-2016,neerc-2015,2767,2015 Georgia Subregional Contest,2015-11-08,,,,https://nerc.itmo.ru/archive/2015/georgia/standings.html,,,,,Yes
,georgia-2014,georgia-2015,neerc-2014,2676,2014 Georgia Subregional Contest,2014-11-08,,,,https://nerc.itmo.ru/archive/2014/georgia/standings.html,,,,,Yes
,georgia-2013,georgia-2014,neerc-2013,2038,2013 Georgia Subregional Contest,2013-10-26,,,,https://nerc.itmo.ru/archive/2013/georgia/standings.html,,,,,Yes
,georgia-2012,georgia-2013,neerc-2012,1305,2012 Georgia Subregional Contest,2012-11-03,,,,https://nerc.itmo.ru/archive/2012/georgia/standings.html,,,,,Yes
,georgia-2011,georgia-2012,neerc-2011,756,2011 Georgia Subregional Contest,2011-10-29,,,,https://nerc.itmo.ru/archive/2011/georgia/standings.html,,,,,Yes
,georgia-2010,georgia-2011,neerc-2010,624,2010 Georgia Subregional Contest,2010-10-30,,,,https://nerc.itmo.ru/archive/2010/georgia/standings.html,,,,,Yes
,georgia-2009,georgia-2010,neerc-2009,530,2009 Georgia Subregional Contest,2009-10-17,,,,https://nerc.itmo.ru/archive/2009/georgia/standings.html,,,,,Yes
,georgia-2008,georgia-2009,neerc-2008,76,2008 Georgia Subregional Contest,2008-11-01,,,,https://nerc.itmo.ru/archive/2008/georgia/standings.html,,,,,Yes
,georgia-2007,georgia-2008,neerc-2007,n/a,2007 Georgia Subregional Contest,,,,,https://nerc.itmo.ru/archive/2007/georgia/standings.html,,,,,Yes
,georgia-2006,georgia-2007,neerc-2006,n/a,2006 Georgia Subregional Contest,,,,,https://nerc.itmo.ru/archive/2006/georgia/standings.html,,,,,Yes
,georgia-2005,georgia-2006,neerc-2005,n/a,2005 Georgia Subregional Contest,,,,,https://nerc.itmo.ru/archive/2005/georgia/standings.html,,,,,Yes
,georgia-2004,georgia-2005,neerc-2004,n/a,2004 Georgia Subregional Contest,,,,,,,https://nerc.itmo.ru/archive/2004/georgia/standings.html,,,Yes
future,east-siberia-2026,-,nerc-2026,9797,2026 ICPC East Siberian Regional Contest,,,,,,,,,,
,east-siberia-2025,east-siberia-2026,nerc-2025,9181,2025 ICPC East Siberian Regional Contest,2025-11-15,,,,,,,,https://icpc.global/regionals/finder/East-Siberian-Regional-2026/standings,Yes
,east-siberia-2024,east-siberia-2025,nerc-2024,8908,2024 ICPC East Siberian Regional Contest,2024-11-17,,,,https://contest.yandex.ru/contest/71026/standings/,,,,,Yes
,east-siberia-2023,east-siberia-2024,nerc-2023,7746,2023 ICPC East Siberian Regional Contest,2023-11-18,,,,https://contest.yandex.ru/contest/52945/standings,,,,https://icpc.global/regionals/finder/East-Siberian-Regional-2024/standings,Yes
,east-siberia-2022,east-siberia-2023,nerc-2022,5588,2022 ICPC East Siberian Regional Contest,2022-11-20,,,,https://contest.yandex.ru/contest/43400/standings,,,,https://icpc.global/regionals/finder/East-Siberian-Regional-2023/standings,Yes
,east-siberia-2021,east-siberia-2022,nerc-2021,4950,2021 ICPC East Siberian Regional Contest,2021-11-21,,,,https://contest.yandex.ru/contest/31850/standings,,,,https://icpc.global/regionals/finder/East-Siberian-Regional-2022/standings,Yes
,east-siberia-2020,east-siberia-2021,nerc-2020,4565,2020 East Siberian Regional Contest,2020-11-07,,,,https://contest.yandex.ru/contest/20851/standings,,,,https://icpc.global/regionals/finder/East-Siberian-Regional-2021/standings,Yes
,east-siberia-2019,east-siberia-2020,nerc-2019,4192,2019 East Siberian Regional Contest,2019-10-06,,,,"https://nerc.itmo.ru/archive/2019/east-siberian/standings.html, https://web.archive.org/web/20191215214933/https://contest.yandex.ru/contest/14276/standings, https://contest.yandex.ru/contest/14276/standings",,,,,Yes
,east-siberia-2018,east-siberia-2019,nerc-2018,3684,2018 East Siberian Subregional Contest,2018-10-22,,,,https://contest.yandex.ru/contest/9267/standings,,,,,Yes
,east-siberia-2017,east-siberia-2018,neerc-2017,3295,2017 East Siberian Subregional Contest,2017-10-22,,,,https://nerc.itmo.ru/archive/2017/east-siberian/standings.html,,,,,Yes
,east-siberia-2016,east-siberia-2017,neerc-2016,3150,2016 East Siberian Subregional Contest,2016-10-31,,,,https://nerc.itmo.ru/archive/2016/east-siberian/standings.html,,,,,Yes
,east-siberia-2015,east-siberia-2016,neerc-2015,2764,2015 East Siberian Subregional Contest,2015-10-25,,,,https://nerc.itmo.ru/archive/2015/east-siberian/standings.html,,,,,Yes
,east-siberia-2014,east-siberia-2015,neerc-2014,2685,2014 East Siberian Subregional Contest,2014-10-26,,,,https://nerc.itmo.ru/archive/2014/east-siberian/standings.html,,,,,Yes
,east-siberia-2013,east-siberia-2014,neerc-2013,2039,2013 East Siberian Subregional Contest,2013-11-10,,,,https://nerc.itmo.ru/archive/2013/east-siberian/standings.html,,,,,Yes
,east-siberia-2012,east-siberia-2013,neerc-2012,1304,2012 East Siberian Subregional Contest,2012-10-28,,,,https://nerc.itmo.ru/archive/2012/east-siberian/standings.html,,,,,Yes
,east-siberia-2011,east-siberia-2012,neerc-2011,762,2011 East Siberian Subregional Contest,2011-10-23,,,,https://ikit.sfu-kras.ru/sites/default/files/page_files/acm_programmming_contest_2011_east-siberian_quarterfinals.pdf,,https://nerc.itmo.ru/archive/2011/east-siberian/standings.html,,,Yes
,east-siberia-2010,east-siberia-2011,neerc-2010,630,2010 East Siberian Subregional Contest,,,,,,,https://nerc.itmo.ru/archive/2010/east-siberian/standings.html,,,Yes
,east-siberia-2009,east-siberia-2010,neerc-2009,536,2009 East Siberian Subregional Contest,2009-10-22,,,,https://nerc.itmo.ru/archive/2009/east-siberian/standings.html,,,,,Yes
,east-siberia-2008,east-siberia-2009,neerc-2008,71,2008 East Siberian Subregional Contest,2008-10-26,,,,,,https://nerc.itmo.ru/archive/2008/east-siberian/standings.html,,,Yes
,east-siberia-2007,east-siberia-2008,neerc-2007,n/a,2007 East Siberian Subregional Contest,,,,,,,https://nerc.itmo.ru/archive/2007/east-siberian/standings.html,,,Yes
,east-siberia-2006,east-siberia-2007,neerc-2006,n/a,2006 East Siberian Subregional Contest,,,,,,,https://nerc.itmo.ru/archive/2006/east-siberian/standings.html,,,Yes
,east-siberia-2005,east-siberia-2006,neerc-2005,n/a,2005 East Siberian Subregional Contest,,,,,,,https://nerc.itmo.ru/archive/2005/east-siberian/standings.html,,,Yes
,east-siberia-2004,east-siberia-2005,neerc-2004,n/a,2004 East Siberian Subregional Contest,,,,,,,https://nerc.itmo.ru/archive/2004/east-siberian/standings.html,,,Yes
,east-siberia-2003,east-siberia-2004,neerc-2003,n/a,2003 East Siberian Subregional Contest,,,,,,,https://nerc.itmo.ru/archive/2003/east-siberian/standings.html,,,Yes
,east-siberia-2002,east-siberia-2003,neerc-2002,n/a,2002 East Siberian Subregional Contest,,,,,,,https://web.archive.org/web/20020124225143/http://neerc.ifmo.ru/Subregions/east-siberian.html,,,Yes
,east-siberia-2001,east-siberia-2002,neerc-2001,n/a,2001 East Siberian Subregional Contest,,,,https://ikit.sfu-kras.ru/olimp/acm/2001,,,https://ikit.sfu-kras.ru/sites/default/files/page_files/rezultaty_chetvert_finala_mezhdunarodnoy_olimpiady_po_programmirovaniyu.pdf,,,Yes
,east-siberia-2000,east-siberia-2001,neerc-2000,n/a,2000 East Siberian Subregional Contest,,,,https://ikit.sfu-kras.ru/olimp/acm/2000,,,,https://ikit.sfu-kras.ru/olimp/acm/2000,,Yes
future,central-russia-2026,-,nerc-2026,9802,2026 ICPC Central Russia Regional Contest,,,,,,,,,,
,central-russia-2025,central-russia-2026,nerc-2025,9167,2025 ICPC Central Russia Regional Contest,2025-11-09,,,,,,,,https://icpc.global/regionals/finder/Central-Regional-2026/standings,Yes
,central-russia-2024,central-russia-2025,nerc-2024,8891,2024 ICPC Central Russia Regional Contest,2024-10-27,,,,https://codeforces.com/spectator/ranklist/737b53909b01480aea41ebadc9d99935,,,,,Yes
,central-russia-2023,central-russia-2024,nerc-2023,7732,2023 ICPC Central Russia Regional Contest,2023-10-29,,,,,,,,https://icpc.global/regionals/finder/Central-Regional-2026/standings,Yes
,central-russia-2022,central-russia-2023,nerc-2022,5586,2022 ICPC Central Russia Regional Contest,2022-10-23,,,,,,,,https://icpc.global/regionals/finder/Central-Regional-2023/standings,Yes
,central-russia-2021,central-russia-2022,nerc-2021,4953,2021 ICPC Central Russia Regional Contest,2021-11-20,,,,,,,,https://icpc.global/regionals/finder/Central-Regional-2022/standings,Yes
,central-russia-2020,central-russia-2021,nerc-2020,4557,2020 Central Russia Regional Contest,2020-11-07,,,,,,,,https://icpc.global/regionals/finder/Central-Regional-2021/standings,Yes
,central-russia-2019,central-russia-2020,nerc-2019,4201,2019 Central Russia Regional Contest,2019-10-27,,,,https://nerc.itmo.ru/archive/2019/central/standings.html,,,,,Yes
,central-russia-2018,central-russia-2019,nerc-2018,3683,2018 Central Subregional Contest,2018-10-28,,,,,,,,https://icpc.global/regionals/finder/Central-Subregional-2019/standings,Yes
,central-russia-2017,central-russia-2018,neerc-2017,3286,2017 Central Subregional Contest,2017-10-19,,,,https://nerc.itmo.ru/archive/2017/central/standings.html,,,,,Yes
,central-russia-2016,central-russia-2017,neerc-2016,3144,2016 Central Subregional Contest,2016-10-20,,,,https://nerc.itmo.ru/archive/2016/central/standings.html,,,,,Yes
,central-russia-2015,central-russia-2016,neerc-2015,2758,2015 Central Subregional Contest,2015-10-15,,,,https://nerc.itmo.ru/archive/2015/central/standings.html,,,,,Yes
,central-russia-2014,central-russia-2015,neerc-2014,2677,2014 Central Subregional Contest,2014-10-16,,,,https://nerc.itmo.ru/archive/2014/central/standings.html,,,,,Yes
,central-russia-2013,central-russia-2014,neerc-2013,2026,2013 Central Subregional Contest,2013-10-17,,,,https://nerc.itmo.ru/archive/2013/central/standings.html,,,,,Yes
,central-russia-2012,central-russia-2013,neerc-2012,1302,2012 Central Subregional Contest,2012-10-18,,,,https://nerc.itmo.ru/archive/2012/central/standings.html,,,,,Yes
,central-russia-2011,central-russia-2012,neerc-2011,763,2011 Central Subregional Contest,2011-10-12,,,,https://nerc.itmo.ru/archive/2011/central/standings.html,,,,,Yes
,central-russia-2010,central-russia-2011,neerc-2010,626,2010 Central Subregional Contest,2010-10-14,,,,,,https://nerc.itmo.ru/archive/2010/central/standings.html,,,Yes
,central-russia-2009,central-russia-2010,neerc-2009,534,2009 Central Subregional Contest,2009-10-15,,,,,,https://nerc.itmo.ru/archive/2009/central/standings.html,,,Yes
,central-russia-2008,central-russia-2009,neerc-2008,67,2008 Central Subregional Contest,2008-10-16,,,,,,https://nerc.itmo.ru/archive/2008/central/standings.html,,,Yes
,central-russia-2007,central-russia-2008,neerc-2007,n/a,2007 Central Subregional Contest,,,,,,,https://nerc.itmo.ru/archive/2007/central/standings.html,,,Yes
,central-russia-2006,central-russia-2007,neerc-2006,n/a,2006 Central Subregional Contest,,,,,,,https://nerc.itmo.ru/archive/2006/central/standings.html,,,Yes
,central-russia-2005,central-russia-2006,neerc-2005,n/a,2005 Central Subregional Contest,,,,,,,https://nerc.itmo.ru/archive/2005/central/standings.html,,,Yes
,central-russia-2004,central-russia-2005,neerc-2004,n/a,2004 Central Subregional Contest,,,,,,,https://nerc.itmo.ru/archive/2004/central/standings.html,,,Yes
,central-russia-2003,central-russia-2004,neerc-2003,n/a,2003 Central Subregional Contest,,,,,,,https://nerc.itmo.ru/archive/2003/central/standings.html,,,Yes
,central-russia-2002,central-russia-2003,neerc-2002,n/a,2002 Central Subregional Contest,,,,,,,,,,
,central-russia-2001,central-russia-2002,neerc-2001,n/a,2001 Central Subregional Contest,,,,,,,,,,
,central-russia-2000,central-russia-2001,neerc-2000,n/a,2000 Central Subregional Contest,,,,,,,,,,
,central-russia-1999,central-russia-2000,neerc-1999,n/a,1999 Central Subregional Contest,,,,,,,,,,
,central-russia-1998,central-russia-1999,neerc-1998,n/a,1998 Central Subregional Contest,,,,,,,,,,
future,west-neerc-2026,-,nerc-2026,9794,2026 ICPC Belarus Regional Contest,,,,,,,,,,
,west-neerc-2025,west-neerc-2026,nerc-2025,9163,2025 ICPC Belarus Regional Contest,2025-11-16,,,,https://acm.bsu.by/contests/282/standings/,,,,,Yes
,west-neerc-2024,west-neerc-2025,nerc-2024,8897,2024 ICPC Belarus Regional Contest,2024-11-16,,,,https://acm.bsu.by/contests/254/standings/,,,,,Yes
,west-neerc-2023,west-neerc-2024,nerc-2023,7730,2023 ICPC Belarus Regional Contest,2023-11-04,,,,https://acm.bsu.by/contests/225/standings/,,,,https://icpc.global/regionals/finder/Belarus-Regional-2024/standings,Yes
,west-neerc-2022,west-neerc-2023,nerc-2022,5595,2022 ICPC Belarus Regional Contest,2022-10-29,,,,https://acm.bsu.by/contests/198/standings/,,,,https://icpc.global/regionals/finder/Belarus-Regional-2023/standings,Yes
,west-neerc-2021,west-neerc-2022,nerc-2021,4943,2021 ICPC Belarus and Baltics Regional Contest,2021-11-14,,,,https://acm.bsu.by/contests/168/standings/,,,,https://icpc.global/regionals/finder/Belarus-and-Baltics-Regional-2022/standings,Yes
,west-neerc-2020,west-neerc-2021,nerc-2020,4573,2020 Belarus and Baltics Regional Contest,2020-11-14,,,,https://acm.bsu.by/contests/139/standings/,,,,https://icpc.global/regionals/finder/Belarus-and-Baltics-Regional-2021/standings,Yes
,west-neerc-2019,west-neerc-2020,nerc-2019,4196,2019 Belarus and Baltics Regional Contest,2019-10-25,,,,"https://nerc.itmo.ru/archive/2019/western/standings.html, https://acm.bsu.by/contests/88/standings/",,,,,Yes
,west-neerc-2018,west-neerc-2019,nerc-2018,3678,2018 Western Subregional Contest,2018-11-01,,,,https://acm.bsu.by/contests/69/standings/,,,,https://icpc.global/regionals/finder/Western-Subregional-2019/standings,Yes
,west-neerc-2017,west-neerc-2018,neerc-2017,3294,2017 Western Subregional Contest,2017-11-03,,,,"https://nerc.itmo.ru/archive/2017/western/standings.html, https://acm.bsu.by/contests/45/standings/",,,,,Yes
,west-neerc-2016,west-neerc-2017,neerc-2016,3147,2016 Western Subregional Contest,2016-11-02,,,,"https://nerc.itmo.ru/archive/2016/western/standings.html, https://acm.bsu.by/contests/17/standings/",,,,,Yes
,west-neerc-2015,west-neerc-2016,neerc-2015,2754,2015 Western Subregional Contest,2015-11-03,,,,https://nerc.itmo.ru/archive/2015/western/standings.html,,,,,Yes
,west-neerc-2014,west-neerc-2015,neerc-2014,2674,2014 Western Subregional Contest,2014-11-06,,,,https://nerc.itmo.ru/archive/2014/western/standings.html,,,,,Yes
,west-neerc-2013,west-neerc-2014,neerc-2013,2040,2013 Western Subregional Contest,2013-10-23,,,,https://nerc.itmo.ru/archive/2013/western/standings.html,,,,,Yes
,west-neerc-2012,west-neerc-2013,neerc-2012,1309,2012 Western Subregional Contest,2012-10-24,,,,https://nerc.itmo.ru/archive/2012/western/standings.html,,,,,Yes
,west-neerc-2011,west-neerc-2012,neerc-2011,767,2011 Western Subregional Contest,2011-10-27,,,,https://nerc.itmo.ru/archive/2011/western/standings.html,,,,,Yes
,west-neerc-2010,west-neerc-2011,neerc-2010,632,2010 Western Subregional Contest,2010-10-27,,,,,,https://nerc.itmo.ru/archive/2010/western/standings.html,,,Yes
,west-neerc-2009,west-neerc-2010,neerc-2009,538,2009 Western Subregional Contest,2009-10-14,,,,https://codeforces.com/gym/101411/standings,,https://nerc.itmo.ru/archive/2009/western/standings.html,,,Yes
,west-neerc-2008,west-neerc-2009,neerc-2008,68,2008 Western Subregional Contest,2008-10-24,,,,https://acm.bsu.by/contests/5/standings/,,https://nerc.itmo.ru/archive/2008/western/standings.html,,,Yes
,west-neerc-2007,west-neerc-2008,neerc-2007,n/a,2007 Western Subregional Contest,,,,,,,https://nerc.itmo.ru/archive/2007/western/standings.html,,,Yes
,west-neerc-2006,west-neerc-2007,neerc-2006,n/a,2006 Western Subregional Contest,,,,,https://acm.bsu.by/contests/56/standings/,,https://nerc.itmo.ru/archive/2006/western/standings.html,,,Yes
,west-neerc-2005,west-neerc-2006,neerc-2005,n/a,2005 Western Subregional Contest,,,,,https://acm.bsu.by/contests/55/standings/,,https://nerc.itmo.ru/archive/2005/western/standings.html,,,Yes
,west-neerc-2004,west-neerc-2005,neerc-2004,n/a,2004 Western Subregional Contest,,,,,https://acm.bsu.by/contests/54/standings/,,https://nerc.itmo.ru/archive/2004/western/standings.html,,,Yes
,west-neerc-2003,west-neerc-2004,neerc-2003,n/a,2003 Western Subregional Contest,,,,,,,https://nerc.itmo.ru/archive/2003/western/standings.html,,,Yes
,west-neerc-2002,west-neerc-2003,neerc-2002,n/a,2002 Western Subregional Contest,,,,,,,,,,
,west-neerc-2001,west-neerc-2002,neerc-2001,n/a,2001 Western Subregional Contest,,,,,,,,,,
,west-neerc-2000,west-neerc-2001,neerc-2000,n/a,2000 Western Subregional Contest,,,,,,,,,,
,west-neerc-1999,west-neerc-2000,neerc-1999,n/a,1999 Western Subregional Contest,,,,,,,,,,
,west-neerc-1998,west-neerc-1999,neerc-1998,n/a,1998 Western Subregional Contest,,,,,,,,,,
future,kazakhstan-2026,-,nerc-2026,9798,2026 ICPC Kazakhstan Regional Contest,,,,,,,,,,
,kazakhstan-2025,kazakhstan-2026,nerc-2025,9178,2025 ICPC Kazakhstan Regional Contest,2025-11-15,,,,https://nerc.itmo.ru/archive/2025/kazakhstan/standings.html,,,,,Yes
,kazakhstan-2024,kazakhstan-2025,nerc-2024,8885,2024 ICPC Kazakhstan Regional Contest,2024-11-16,,,,https://nerc.itmo.ru/archive/2024/kazakhstan/standings.html,,,,,Yes
,kazakhstan-2023,kazakhstan-2024,nerc-2023,7749,2023 ICPC Kazakhstan Regional Contest,2023-11-05,,,,https://nerc.itmo.ru/archive/2023/kazakhstan/standings.html,,,,,Yes
,kazakhstan-2022,kazakhstan-2023,nerc-2022,5594,2022 ICPC Kazakhstan Regional Contest,2022-10-01,,,,https://nerc.itmo.ru/archive/2022/kazakhstan/standings.html,,,,,Yes
,kazakhstan-2021,kazakhstan-2022,nerc-2021,4947,2021 ICPC Kazakhstan Regional Contest,2021-12-11,,,,https://nerc.itmo.ru/archive/2021/kazakhstan/standings.html,,,,,Yes
,kazakhstan-2020,kazakhstan-2021,nerc-2020,4554,2020 Kazakhstan Regional Contest,2020-11-14,,,,https://nerc.itmo.ru/archive/2020/kazakhstan/standings.html,,,,,Yes
,kazakhstan-2019,kazakhstan-2020,nerc-2019,4209,2019 Kazakhstan Regional Contest,2019-10-26,,,,https://nerc.itmo.ru/archive/2019/kazakhstan/standings.html,,,,,Yes
,kazakhstan-2018,kazakhstan-2019,nerc-2018,3681,2018 Kazakhstan Subregional Contest,2018-10-27,,,,https://nerc.itmo.ru/archive/2018/kazakhstan/standings.html,,,,,Yes
,kazakhstan-2017,kazakhstan-2018,neerc-2017,3289,2017 Kazakhstan Subregional Contest,2017-11-04,,,,https://nerc.itmo.ru/archive/2017/kazakhstan/standings.html,,,,,Yes
,kazakhstan-2016,kazakhstan-2017,neerc-2016,3151,2016 Kazakhstan Subregional Contest,2016-10-22,,,,https://nerc.itmo.ru/archive/2016/kazakhstan/standings.html,,,,,Yes
,kazakhstan-2015,kazakhstan-2016,neerc-2015,2766,2015 Kazakhstan Subregional Contest,2015-10-24,,,,https://nerc.itmo.ru/archive/2015/kazakhstan/standings.html,,,,,Yes
,kazakhstan-2014,kazakhstan-2015,neerc-2014,2675,2014 Kazakhstan Subregional Contest,2014-11-08,,,,https://nerc.itmo.ru/archive/2014/kazakhstan/standings.html,,,,,Yes
,kazakhstan-2013,kazakhstan-2014,neerc-2013,2034,2013 Kazakhstan Subregional Contest,2013-10-26,,,,https://nerc.itmo.ru/archive/2013/kazakhstan/standings.html,,,,,Yes
,kazakhstan-2012,kazakhstan-2013,neerc-2012,1303,2012 Kazakhstan Subregional Contest,2012-11-03,,,,https://nerc.itmo.ru/archive/2012/kazakhstan/standings.html,,,,,Yes
,kazakhstan-2011,kazakhstan-2012,neerc-2011,760,2011 Kazakhstan Subregional Contest,2011-10-29,,,,https://nerc.itmo.ru/archive/2011/kazakhstan/standings.html,,,,,Yes
,kazakhstan-2010,kazakhstan-2011,neerc-2010,618,2010 Kazakhstan Subregional Contest,2010-10-30,,,,https://nerc.itmo.ru/archive/2010/kazakhstan/standings.html,,,,,Yes
,kazakhstan-2009,kazakhstan-2010,neerc-2009,524,2009 Kazakhstan Subregional Contest,2009-10-17,,,,https://nerc.itmo.ru/archive/2009/kazakhstan/standings.html,,,,,Yes
,kazakhstan-2008,kazakhstan-2009,neerc-2008,74,2008 Kazakhstan Subregional Contest,2008-11-01,,,,https://nerc.itmo.ru/archive/2008/kazakhstan/standings.html,,,,,Yes
,kazakhstan-2007,kazakhstan-2008,neerc-2007,n/a,2007 Kazakhstan Subregional Contest,,,,,https://nerc.itmo.ru/archive/2007/kazakhstan/standings.html,,,,,Yes
,kazakhstan-2006,kazakhstan-2007,neerc-2006,n/a,2006 Kazakhstan Subregional Contest,,,,,https://nerc.itmo.ru/archive/2006/kazakhstan/standings.html,,,,,Yes
,kazakhstan-2005,kazakhstan-2006,neerc-2005,n/a,2005 Kazakhstan Subregional Contest,,,,,https://nerc.itmo.ru/archive/2005/kazakhstan/standings.html,,,,,Yes
,kazakhstan-2004,kazakhstan-2005,neerc-2004,n/a,2004 Kazakhstan Subregional Contest,,,,,https://nerc.itmo.ru/archive/2004/kazakhstan/standings.html,,,,,Yes
,kazakhstan-2003,kazakhstan-2004,neerc-2003,n/a,2003 Kazakhstan Subregional Contest,,,,,,,https://nerc.itmo.ru/archive/2003/kazakhstan/standings.html,,,Yes
future,azerbaijan-2026,-,nerc-2026,9791,2026 ICPC Azerbaijan Regional Contest,,,,,,,,,,
,azerbaijan-2025,azerbaijan-2026,nerc-2025,9165,2025 ICPC Azerbaijan Regional Contest,2025-11-15,,,,https://nerc.itmo.ru/archive/2025/azerbaijan/standings.html,,,,,Yes
,azerbaijan-2024,azerbaijan-2025,nerc-2024,8886,2024 ICPC Azerbaijan Regional Contest,2024-10-27,,,,https://nerc.itmo.ru/archive/2024/azerbaijan/standings.html,,,,,Yes
,azerbaijan-2023,azerbaijan-2024,nerc-2023,7742,2023 ICPC Azerbaijan Regional Contest,2023-11-05,,,,https://nerc.itmo.ru/archive/2023/azerbaijan/standings.html,,,,,Yes
,azerbaijan-2022,azerbaijan-2023,nerc-2022,5581,2022 ICPC Azerbaijan Regional Contest,2022-11-20,,,,https://nerc.itmo.ru/archive/2022/azerbaijan/standings.html,,,,,Yes
,azerbaijan-2021,azerbaijan-2022,nerc-2021,4948,2021 ICPC Azerbaijan Regional Contest,2021-12-11,,,,https://nerc.itmo.ru/archive/2021/azerbaijan/standings.html,,,,,Yes
,azerbaijan-2020,azerbaijan-2021,nerc-2020,4561,2020 Azerbaijan Regional Contest,2020-11-29,,,,https://nerc.itmo.ru/archive/2020/azerbaijan/standings.html,,,,,Yes
,azerbaijan-2019,azerbaijan-2020,nerc-2019,4190,2019 Azerbaijan Regional Contest,2019-11-10,,,,"https://nerc.itmo.ru/archive/2019/azerbaijan/standings.html, http://opentrains.mipt.ru/~ejudge/showres.cgi?data=res625",,,,,Yes
,azerbaijan-2018,azerbaijan-2019,nerc-2018,3680,2018 Azerbaijan Subregional Contest,2018-10-27,,,,https://nerc.itmo.ru/archive/2018/azerbaijan/standings.html,,,,,Yes
,azerbaijan-2017,azerbaijan-2018,neerc-2017,3288,2017 Azerbaijan Subregional Contest,2017-11-04,,,,https://nerc.itmo.ru/archive/2017/azerbaijan/standings.html,,,,,Yes
,azerbaijan-2016,azerbaijan-2017,neerc-2016,3140,2016 Azerbaijan Subregional Contest,2016-10-22,,,,https://nerc.itmo.ru/archive/2016/azerbaijan/standings.html,,,,,Yes
,azerbaijan-2015,azerbaijan-2016,neerc-2015,2760,2015 Azerbaijan Subregional Contest,2015-10-24,,,,https://nerc.itmo.ru/archive/2015/azerbaijan/standings.html,,,,,Yes
,azerbaijan-2014,azerbaijan-2015,neerc-2014,2682,2014 Azerbaijan Subregional Contest,2014-11-09,,,,https://nerc.itmo.ru/archive/2014/azerbaijan/standings.html,,,,,Yes
,azerbaijan-2013,azerbaijan-2014,neerc-2013,2028,2013 Azerbaijan Subregional Contest,2013-11-03,,,,,,https://nerc.itmo.ru/archive/2013/azerbaijan/standings.html,,,Yes
,azerbaijan-2012,azerbaijan-2013,neerc-2012,1308,2012 Azerbaijan Subregional Contest,2012-11-15,,,,,,https://nerc.itmo.ru/archive/2012/azerbaijan/standings.html,,,Yes
,azerbaijan-2011,azerbaijan-2012,neerc-2011,764,2011 Azerbaijan Subregional Contest,2011-11-05,,,,https://neerc.ifmo.ru/past/2011/azerbaijan/standings-with-time.html,,https://nerc.itmo.ru/archive/2011/azerbaijan/standings.html,,,Yes
,azerbaijan-2010,azerbaijan-2011,neerc-2010,627,2010 Azerbaijan Subregional Contest,,,,,,,,,,
,azerbaijan-2009,azerbaijan-2010,neerc-2009,532,2009 Azerbaijan Subregional Contest,2009-10-25,,,,,,https://nerc.itmo.ru/archive/2009/azerbaijan/standings.html,,,Yes
,azerbaijan-2008,azerbaijan-2009,neerc-2008,78,2008 Azerbaijan Subregional Contest,2008-11-09,,,,,,https://nerc.itmo.ru/archive/2008/azerbaijan/standings.html,,,Yes
,azerbaijan-2007,azerbaijan-2008,neerc-2007,n/a,2007 Azerbaijan Subregional Contest,,,,,,,,,,
,azerbaijan-2006,azerbaijan-2007,neerc-2006,n/a,2006 Azerbaijan Subregional Contest,,,,,,,,,,
,azerbaijan-2005,azerbaijan-2006,neerc-2005,n/a,2005 Azerbaijan Subregional Contest,,,,,,,https://nerc.itmo.ru/archive/2005/azerbaijan/standings.html,,,Yes
future,far-east-russia-2026,-,nerc-2026,9785,2026 ICPC Far Eastern Russia Regional Contest,,,,,,,,,,
,far-east-russia-2025,far-east-russia-2026,nerc-2025,9176,2025 ICPC Far Eastern Russia Regional Contest,2025-11-23,,,,https://imcs.dvfu.ru/cats/rank_table_content?cache=1;cid=6466158;clist=6466158;hide_ooc=1;hide_virtual=1;sid=,,,,https://icpc.global/regionals/finder/Far-Eastern-Regional-2026/standings,Yes
,far-east-russia-2024,far-east-russia-2025,nerc-2024,8906,2024 ICPC Far Eastern Russia Regional Contest,2024-11-24,,,,,,,,https://icpc.global/regionals/finder/Far-Eastern-Regional-2025/standings,Yes
,far-east-russia-2023,far-east-russia-2024,nerc-2023,7725,2023 ICPC Far Eastern Russia Regional Contest,2023-11-26,,,,,,,,https://icpc.global/regionals/finder/Far-Eastern-Regional-2024/standings,Yes
,far-east-russia-2022,far-east-russia-2023,nerc-2022,5600,2022 ICPC Far Eastern Russia Regional Contest,2022-11-20,,,,,,,,https://icpc.global/regionals/finder/Far-Eastern-Regional-2023/standings,Yes
,far-east-russia-2021,far-east-russia-2022,nerc-2021,4934,2021 ICPC Far Eastern Russia Regional Contest,2021-11-28,,,,https://imcs.dvfu.ru/cats/rank_table_content?cache=1;cid=5481581;clist=5481581;hide_ooc=1;hide_virtual=1;sid=,,,,https://icpc.global/regionals/finder/Far-Eastern-Regional-2022/standings,Yes
,far-east-russia-2020,far-east-russia-2021,nerc-2020,4559,2020 Far Eastern Russia Regional Contest,2020-11-15,,,,https://imcs.dvfu.ru/cats/rank_table_content?cache=1;cid=4998079;clist=4998079;hide_ooc=1;hide_virtual=1;sid=,,,,https://icpc.global/regionals/finder/Far-Eastern-Regional-2021/standings,Yes
,far-east-russia-2019,far-east-russia-2020,nerc-2019,4197,2019 Far Eastern Russia Regional Contest,2019-11-10,,,,"https://nerc.itmo.ru/archive/2019/far-eastern/standings.html, https://imcs.dvfu.ru/cats/rank_table_content?cache=1;cid=2626943;clist=2626943;hide_ooc=1;hide_virtual=1;sid=",,,,https://icpc.global/regionals/finder/Far-Eastern-Regional-2020/standings,Yes
,far-east-russia-2018,far-east-russia-2019,nerc-2018,3675,2018 Far Eastern Subregional Contest,2018-11-04,,,,https://imcs.dvfu.ru/cats/rank_table_content?cache=1;cid=1821567;clist=1821567;hide_ooc=1;hide_virtual=1;sid=,,,,,Yes
,far-east-russia-2017,far-east-russia-2018,neerc-2017,3293,2017 Far Eastern Subregional Contest,2017-11-04,,,,"https://nerc.itmo.ru/archive/2017/far-eastern/standings.html, https://imcs.dvfu.ru/cats/rank_table_content?cache=1;cid=1206924;clist=1206924;hide_ooc=1;hide_virtual=1;sid=",,,,,Yes
,far-east-russia-2016,far-east-russia-2017,neerc-2016,3152,2016 Far Eastern Subregional Contest,2016-11-13,,,,"https://nerc.itmo.ru/archive/2016/far-eastern/standings.html, https://imcs.dvfu.ru/cats/rank_table_content?cache=1;cid=1089459;clist=1089459;hide_ooc=1;hide_virtual=1;sid=",,,,,Yes
,far-east-russia-2015,far-east-russia-2016,neerc-2015,2755,2015 Far Eastern Subregional Contest,2015-11-14,,,,"https://nerc.itmo.ru/archive/2015/far-eastern/standings.html, https://imcs.dvfu.ru/cats/rank_table_content?cache=1;cid=1013317;clist=1013317;hide_ooc=1;hide_virtual=1;sid=",,,,,Yes
,far-east-russia-2014,far-east-russia-2015,neerc-2014,2686,2014 Far Eastern Subregional Contest,2014-11-06,,,,"https://nerc.itmo.ru/archive/2014/far-eastern/standings.html, https://imcs.dvfu.ru/cats/rank_table_content?cache=1;cid=958810;clist=958810;hide_ooc=1;hide_virtual=1;sid=",,,,,Yes
,far-east-russia-2013,far-east-russia-2014,neerc-2013,2027,2013 Far Eastern Subregional Contest,2013-11-03,,,,"https://nerc.itmo.ru/archive/2013/far-eastern/standings.html, https://imcs.dvfu.ru/cats/rank_table_content?cache=1;cid=904847;clist=904847;hide_ooc=1;hide_virtual=1;sid=",,,,,Yes
,far-east-russia-2012,far-east-russia-2013,neerc-2012,1313,2012 Far Eastern Subregional Contest,2012-11-03,,,,https://imcs.dvfu.ru/cats/rank_table_content?cache=1;cid=869774;clist=869774;hide_ooc=1;hide_virtual=1;sid=,,https://nerc.itmo.ru/archive/2012/far-eastern/standings.html,,,Yes
,far-east-russia-2011,far-east-russia-2012,neerc-2011,754,2011 Far Eastern Subregional Contest,2011-10-29,,,,"https://nerc.itmo.ru/archive/2011/far-eastern/standings.html, https://imcs.dvfu.ru/cats/rank_table_content?cache=1;cid=806900;clist=806900;hide_ooc=1;hide_virtual=1;sid=",,,,,Yes
,far-east-russia-2010,far-east-russia-2011,neerc-2010,619,2010 Far Eastern Subregional Contest,2010-10-31,,,,https://imcs.dvfu.ru/cats/rank_table_content?cache=1;cid=758557;clist=758557;hide_ooc=1;hide_virtual=1;sid=,,https://nerc.itmo.ru/archive/2010/far-eastern/standings.html,,,Yes
,far-east-russia-2009,far-east-russia-2010,neerc-2009,526,2009 Far Eastern Subregional Contest,2009-10-25,,,,https://imcs.dvfu.ru/cats/rank_table_content?cache=1;cid=706495;clist=706495;hide_ooc=1;hide_virtual=1;sid=,,https://nerc.itmo.ru/archive/2009/far-eastern/standings.html,,,Yes
,far-east-russia-2008,far-east-russia-2009,neerc-2008,72,2008 Far Eastern Subregional Contest,2008-11-01,,,,https://imcs.dvfu.ru/cats/rank_table_content?cache=1;cid=651996;clist=651996;hide_ooc=1;hide_virtual=1;sid=,,https://nerc.itmo.ru/archive/2008/far-eastern/standings.html,,,Yes
,far-east-russia-2007,far-east-russia-2008,neerc-2007,n/a,2007 Far Eastern Subregional Contest,,,,,https://imcs.dvfu.ru/cats/rank_table_content?cache=1;cid=608547;clist=608547;hide_ooc=1;hide_virtual=1;sid=,,https://nerc.itmo.ru/archive/2007/far-eastern/standings.html,,,Yes
,far-east-russia-2006,far-east-russia-2007,neerc-2006,n/a,2006 Far Eastern Subregional Contest,,,,,https://imcs.dvfu.ru/cats/rank_table_content?cache=1;cid=565452;clist=565452;hide_ooc=1;hide_virtual=1;sid=,,https://nerc.itmo.ru/archive/2006/far-eastern/standings.html,,,Yes
,far-east-russia-2005,far-east-russia-2006,neerc-2005,n/a,2005 Far Eastern Subregional Contest,,,,,https://imcs.dvfu.ru/cats/rank_table_content?cache=1;cid=537878;clist=537878;hide_ooc=1;hide_virtual=1;sid=,,https://nerc.itmo.ru/archive/2005/far-eastern/standings.html,,,Yes
,far-east-russia-2004,far-east-russia-2005,neerc-2004,n/a,2004 Far Eastern Subregional Contest,,,,,https://imcs.dvfu.ru/cats/rank_table_content?cache=1;cid=509770;clist=509770;hide_ooc=1;hide_virtual=1;sid=,,https://nerc.itmo.ru/archive/2004/far-eastern/standings.html,,,Yes
,far-east-russia-2003,far-east-russia-2004,neerc-2003,n/a,2003 Far Eastern Subregional Contest,,,,,https://imcs.dvfu.ru/cats/rank_table_content?cache=1;cid=3991;clist=3991;hide_ooc=1;hide_virtual=1;sid=,,https://nerc.itmo.ru/archive/2003/far-eastern/standings.html,,,Yes
,far-east-russia-2002,far-east-russia-2003,neerc-2002,n/a,2002 Far Eastern Subregional Contest,,,,,,,,,,
,far-east-russia-2001,far-east-russia-2002,neerc-2001,n/a,2001 Far Eastern Subregional Contest,,,,,,,,,,
,far-east-russia-2000,far-east-russia-2001,neerc-2000,n/a,2000 Far Eastern Subregional Contest,,,,,,,,,,
,far-east-russia-1999,far-east-russia-2000,neerc-1999,n/a,1999 Far Eastern Subregional Contest,,,,,,,,,,
,far-east-russia-1998,far-east-russia-1999,neerc-1998,n/a,1998 Far Eastern Subregional Contest,,,,,,,,,,
future,west-siberia-2026,-,nerc-2026,9789,2026 ICPC West Siberian Regional Contest,,,,,,,,,,
,west-siberia-2025,west-siberia-2026,nerc-2025,9154,2025 ICPC West Siberian Regional Contest,2025-11-22,,,,https://olymp.nstu.ru/contests/standing/3064?official=true,,,,https://icpc.global/regionals/finder/West-Siberian-Regional-2026/standings,Yes
,west-siberia-2024,west-siberia-2025,nerc-2024,8911,2024 ICPC West Siberian Regional Contest,2024-11-25,,,,https://olymp.nstu.ru/contests/standing/3061?official=true,,,,https://icpc.global/regionals/finder/West-Siberian-Regional-2025/standings,Yes
,west-siberia-2023,west-siberia-2024,nerc-2023,7752,2023 ICPC West Siberian Regional Contest,2023-11-30,,,,https://olymp.nstu.ru/contests/standing/1060?official=true,,,,https://icpc.global/regionals/finder/West-Siberian-Regional-2024/standings,Yes
,west-siberia-2022,west-siberia-2023,nerc-2022,5580,2022 ICPC West Siberian Regional Contest,2022-11-20,,,,https://olymp.nstu.ru/contests/standing/58?official=true,,,,https://icpc.global/regionals/finder/West-Siberian-Regional-2023/standings,Yes
,west-siberia-2021,west-siberia-2022,nerc-2021,4959,2021 ICPC West Siberian Regional Contest,2021-11-29,,,,https://olymp.nstu.ru/contests/standing/55?official=true,,,,https://icpc.global/regionals/finder/West-Siberian-Regional-2022/standings,Yes
,west-siberia-2020,west-siberia-2021,nerc-2020,4552,2020 West Siberian Regional Contest,2020-11-25,,,,https://olymp.nstu.ru/contests/standing/52?official=true,,,,https://icpc.global/regionals/finder/West-Siberian-Regional-2021/standings,Yes
,west-siberia-2019,west-siberia-2020,nerc-2019,4189,2019 West Siberian Regional Contest,2019-11-17,,,,"https://nerc.itmo.ru/archive/2019/west-siberian/standings.html, https://olymp.nstu.ru/contests/standing/51?official=true",,,,,Yes
,west-siberia-2018,west-siberia-2019,nerc-2018,3691,2018 West Siberian Subregional Contest,2018-11-13,,,,https://olymp.nstu.ru/contests/standing/48?official=true,,,,https://icpc.global/regionals/finder/West-Siberian-Subregional-2019/standings,Yes
,west-siberia-2017,west-siberia-2018,neerc-2017,3296,2017 West Siberian Subregional Contest,2017-10-28,,,,"https://nerc.itmo.ru/archive/2017/west-siberian/standings.html, https://olymp.nstu.ru/contests/standing/45?official=true",,,,,Yes
,west-siberia-2016,west-siberia-2017,neerc-2016,3156,2016 West Siberian Subregional Contest,2016-10-31,,,,"https://nerc.itmo.ru/archive/2016/west-siberian/standings.html, https://olymp.nstu.ru/contests/standing/42?official=true",,,,,Yes
,west-siberia-2015,west-siberia-2016,neerc-2015,2763,2015 West Siberian Subregional Contest,2015-10-31,,,,"https://nerc.itmo.ru/archive/2015/west-siberian/standings.html, https://olymp.nstu.ru/contests/standing/39?official=true",,,,,Yes
,west-siberia-2014,west-siberia-2015,neerc-2014,2687,2014 West Siberian Subregional Contest,2014-11-08,,,,"https://nerc.itmo.ru/archive/2014/west-siberian/standings.html, https://olymp.nstu.ru/contests/standing/34?official=true",,,,,Yes
,west-siberia-2013,west-siberia-2014,neerc-2013,2036,2013 West Siberian Subregional Contest,2013-10-26,,,,"https://nerc.itmo.ru/archive/2013/west-siberian/standings.html, https://olymp.nstu.ru/contests/standing/27?official=true",,,,,Yes
,west-siberia-2012,west-siberia-2013,neerc-2012,1306,2012 West Siberian Subregional Contest,2012-11-03,,,,"https://nerc.itmo.ru/archive/2012/west-siberian/standings.html, https://olymp.nstu.ru/contests/standing/24",,,,,Yes
,west-siberia-2011,west-siberia-2012,neerc-2011,766,2011 West Siberian Subregional Contest,2011-10-29,,,,"https://nerc.itmo.ru/archive/2011/west-siberian/standings.html, https://olymp.nstu.ru/contests/standing/19?official=true",,,,,Yes
,west-siberia-2010,west-siberia-2011,neerc-2010,629,2010 West Siberian Subregional Contest,,,,,"https://nerc.itmo.ru/archive/2010/west-siberian/standings.html, https://olymp.nstu.ru/contests/standing/15?official=true",,,,,Yes
,west-siberia-2009,west-siberia-2010,neerc-2009,535,2009 West Siberian Subregional Contest,2009-10-18,,,,https://olymp.nstu.ru/contests/standing/8,,https://nerc.itmo.ru/archive/2009/west-siberian/standings.html,,,Yes
,west-siberia-2008,west-siberia-2009,neerc-2008,70,2008 West Siberian Subregional Contest,2008-11-01,,,,https://olymp.nstu.ru/contests/standing/7,,https://nerc.itmo.ru/archive/2008/west-siberian/standings.html,,,Yes
,west-siberia-2007,west-siberia-2008,neerc-2007,n/a,2007 West Siberian Subregional Contest,,,,,,,https://nerc.itmo.ru/archive/2007/west-siberian/standings.html,,,Yes
,west-siberia-2006,west-siberia-2007,neerc-2006,n/a,2006 West Siberian Subregional Contest,,,,,https://olymp.nstu.ru/contests/standing/5,,https://nerc.itmo.ru/archive/2006/west-siberian/standings.html,,,Yes
,west-siberia-2005,west-siberia-2006,neerc-2005,n/a,2005 West Siberian Subregional Contest,,,,,https://olymp.nstu.ru/contests/standing/6,,https://nerc.itmo.ru/archive/2005/west-siberian/standings.html,,,Yes
,west-siberia-2004,west-siberia-2005,neerc-2004,n/a,2004 West Siberian Subregional Contest,,,,,,,https://nerc.itmo.ru/archive/2004/west-siberian/standings.html,,,Yes
,west-siberia-2003,west-siberia-2004,neerc-2003,n/a,2003 West Siberian Subregional Contest,,,,,,,https://nerc.itmo.ru/archive/2003/west-siberian/standings.html,,,Yes
,west-siberia-2002,west-siberia-2003,neerc-2002,n/a,2002 West Siberian Subregional Contest,,,,,,,,,,
,west-siberia-2001,west-siberia-2002,neerc-2001,n/a,2001 West Siberian Subregional Contest,,,,,,,,,,
,west-siberia-2000,west-siberia-2001,neerc-2000,n/a,2000 West Siberian Subregional Contest,,,,,,,,,,
,west-siberia-1999,west-siberia-2000,neerc-1999,n/a,1999 West Siberian Subregional Contest,,,,,,,,,,
future,uzbekistan-2026,-,nerc-2026,9782,2026 ICPC Uzbekistan Regional Contest,,,,,,,,,,
,uzbekistan-2025,uzbekistan-2026,nerc-2025,9161,2025 ICPC Uzbekistan Regional Contest,2025-11-02,,,,https://contest.yandex.ru/contest/84297/standings,,,,,Yes
,uzbekistan-2024,uzbekistan-2025,nerc-2024,8894,2024 ICPC Uzbekistan Regional Contest,2024-11-17,,,,,,,,,
,uzbekistan-2023,uzbekistan-2024,nerc-2023,7750,2023 ICPC Uzbekistan Regional Contest,2023-10-22,,,,,,,,,
,uzbekistan-2022,uzbekistan-2023,nerc-2022,5598,2022 ICPC Uzbekistan Regional Contest,2022-11-27,,,,https://nerc.itmo.ru/archive/2022/uzbekistan/standings.html,,,,,Yes
,uzbekistan-2021,uzbekistan-2022,nerc-2021,4938,2021 ICPC Uzbekistan Regional Contest,2021-12-19,,,,https://nerc.itmo.ru/archive/2021/uzbekistan/standings.html,,,,,Yes
,uzbekistan-2020,uzbekistan-2021,nerc-2020,4575,2020 Uzbekistan Regional Contest,2020-11-29,,,,https://nerc.itmo.ru/archive/2020/uzbekistan/standings.html,,,,,Yes
,uzbekistan-2019,uzbekistan-2020,nerc-2019,4194,2019 Uzbekistan Regional Contest,2019-11-10,,,,https://nerc.itmo.ru/archive/2019/uzbekistan/standings.html,,,,,Yes
,uzbekistan-2018,uzbekistan-2019,nerc-2018,3679,2018 Uzbekistan Subregional Contest,2018-11-11,,,,"https://nerc.itmo.ru/archive/2018/uzbekistan/standings.html, http://opentrains.mipt.ru/~ejudge/uzbekistan2018finals.html",,,,,Yes
,uzbekistan-2017,uzbekistan-2018,neerc-2017,3300,2017 Uzbekistan Subregional Contest,,,,,https://nerc.itmo.ru/archive/2017/uzbekistan/standings.html,,,,,Yes
,uzbekistan-2016,uzbekistan-2017,neerc-2016,3153,2016 Uzbekistan Subregional Contest,2016-11-13,,,,https://nerc.itmo.ru/archive/2016/uzbekistan/standings.html,,,,,Yes
,uzbekistan-2015,uzbekistan-2016,neerc-2015,2759,2015 Uzbekistan Subregional Contest,2015-10-24,,,,https://nerc.itmo.ru/archive/2015/uzbekistan/standings.html,,,,,Yes
,uzbekistan-2014,uzbekistan-2015,neerc-2014,2680,2014 Uzbekistan Subregional Contest,2014-11-08,,,,https://nerc.itmo.ru/archive/2014/uzbekistan/standings.html,,,,,Yes
,uzbekistan-2013,uzbekistan-2014,neerc-2013,2037,2013 Uzbekistan Subregional Contest,2013-10-26,,,,https://nerc.itmo.ru/archive/2013/uzbekistan/standings.html,,,,,Yes
,uzbekistan-2012,uzbekistan-2013,neerc-2012,1310,2012 Uzbekistan Subregional Contest,2012-11-03,,,,https://nerc.itmo.ru/archive/2012/uzbekistan/standings.html,,,,,Yes
,uzbekistan-2011,uzbekistan-2012,neerc-2011,753,2011 Uzbekistan Subregional Contest,2011-10-29,,,,https://nerc.itmo.ru/archive/2011/uzbekistan/standings.html,,,,,Yes
,uzbekistan-2010,uzbekistan-2011,neerc-2010,620,2010 Uzbekistan Subregional Contest,2010-10-30,,,,https://nerc.itmo.ru/archive/2010/uzbekistan/standings.html,,,,,Yes
,uzbekistan-2009,uzbekistan-2010,neerc-2009,525,2009 Uzbekistan Subregional Contest,2009-10-17,,,,https://nerc.itmo.ru/archive/2009/uzbekistan/standings.html,,,,,Yes
,uzbekistan-2008,uzbekistan-2009,neerc-2008,73,2008 Uzbekistan Subregional Contest,2008-11-01,,,,https://nerc.itmo.ru/archive/2008/uzbekistan/standings.html,,,,,Yes
,uzbekistan-2007,uzbekistan-2008,neerc-2007,n/a,2007 Uzbekistan Subregional Contest,,,,,https://nerc.itmo.ru/archive/2007/uzbekistan/standings.html,,,,,Yes
,uzbekistan-2006,uzbekistan-2007,neerc-2006,n/a,2006 Uzbekistan Subregional Contest,,,,,https://nerc.itmo.ru/archive/2006/uzbekistan/standings.html,,,,,Yes
,uzbekistan-2005,uzbekistan-2006,neerc-2005,n/a,2005 Uzbekistan Subregional Contest,,,,,https://nerc.itmo.ru/archive/2005/uzbekistan/standings.html,,,,,Yes
,uzbekistan-2004,uzbekistan-2005,neerc-2004,n/a,2004 Uzbekistan Subregional Contest,,,,,,,https://nerc.itmo.ru/archive/2004/uzbekistan/standings.html,,,Yes
,uzbekistan-2003,uzbekistan-2004,neerc-2003,n/a,2003 Uzbekistan Subregional Contest,2003-11-02,,,,,,"https://nerc.itmo.ru/archive/2003/uzbekistan/standings.html, https://web.archive.org/web/20040803172257fw_/http://neerc.ifmo.ru/online/Information/results.jsp?id=365",,,Yes
,uzbekistan-2002,uzbekistan-2003,neerc-2002,n/a,2002 Uzbekistan Subregional Contest,,,,,,,,,,
future,moscow-2026,-,nerc-2026,9780,2026 ICPC Moscow Regional Contest,,,,,,,,,,
,moscow-2025,moscow-2026,nerc-2025,9170,2025 ICPC Moscow Regional Contest,2025-11-23,,,,https://contest.yandex.ru/contest/85469/standings,,,,https://icpc.global/regionals/finder/MRC-2026/standings,Yes
,moscow-2024,moscow-2025,nerc-2024,8899,2024 ICPC Moscow Regional Contest,2024-11-17,,,,https://opentrains.opencup.org/~ejudge/mrc2024/res,,,,https://icpc.global/regionals/finder/MRC-2025/standings,Yes
,moscow-2023,moscow-2024,nerc-2023,7735,2023 ICPC Moscow Regional Contest,2023-11-26,,,,,,,,https://icpc.global/regionals/finder/MRC-2024/standings,Yes
,moscow-2022,moscow-2023,nerc-2022,5575,2022 ICPC Moscow Regional Contest,2022-11-20,,,,https://ioi-russia.vdi.mipt.ru/~ejudge/mrc2022colored,,,,https://icpc.global/regionals/finder/MRC-2023/standings,Yes
,moscow-2021,moscow-2022,nerc-2021,4941,2021 ICPC Moscow Regional Contest,2021-12-19,,,,,,,,https://icpc.global/regionals/finder/MRC-2022/standings,Yes
,moscow-2020,moscow-2021,nerc-2020,4568,2020 Moscow Regional Contest,2020-11-15,,,,,,,,https://icpc.global/regionals/finder/Moscow-Regional-2021/standings,Yes
,moscow-2019,moscow-2020,nerc-2019,4204,2019 Moscow Regional Contest,2019-10-26,,,,https://nerc.itmo.ru/archive/2019/moscow/standings.html,,,,,Yes
,moscow-2018,moscow-2019,nerc-2018,3689,2018 Moscow Subregional Contest,2018-10-20,,,https://web.archive.org/web/20190911040025/http://icpc.msu.ru/index.cgi,http://opentrains.mipt.ru/~ejudge/resmsk2018,,,,https://icpc.global/regionals/finder/Moscow-Subregional-2019/standings,Yes
,moscow-2017,moscow-2018,neerc-2017,3299,2017 Moscow Subregional Contest,2017-10-22,,,https://web.archive.org/web/20171027003846/http://icpc.msu.ru/,"https://nerc.itmo.ru/archive/2017/moscow/standings.html, https://web.archive.org/web/20180917044603/http://icpc.msu.ru/index.cgi?data=2017/moscow/results&menu=index&head=index&qf=moscow&class=moscow2017&text=NEERC&year=2017&bayregion=moscow",,,,,Yes
,moscow-2016,moscow-2017,neerc-2016,3143,2016 Moscow Subregional Contest,2016-10-16,,,,https://nerc.itmo.ru/archive/2016/moscow/standings.html,,,,,Yes
,moscow-2015,moscow-2016,neerc-2015,2761,2015 Moscow Subregional Contest,2015-10-18,,,,https://nerc.itmo.ru/archive/2015/moscow/standings.html,,,,,Yes
,moscow-2014,moscow-2015,neerc-2014,2684,2014 Moscow Subregional Contest,2014-10-26,,,,https://nerc.itmo.ru/archive/2014/moscow/standings.html,,,,,Yes
,moscow-2013,moscow-2014,neerc-2013,2035,2013 Moscow Subregional Contest,2013-10-20,,,,https://nerc.itmo.ru/archive/2013/moscow/standings.html,,,,,Yes
,moscow-2012,moscow-2013,neerc-2012,1311,2012 Moscow Subregional Contest,2012-10-21,,,,https://nerc.itmo.ru/archive/2012/moscow/standings.html,,,,,Yes
,moscow-2011,moscow-2012,neerc-2011,761,2011 Moscow Subregional Contest,2011-10-23,,,,https://nerc.itmo.ru/archive/2011/moscow/standings.html,,,,,Yes
,moscow-2010,moscow-2011,neerc-2010,625,2010 Moscow Subregional Contest,2010-10-24,,,,,,https://nerc.itmo.ru/archive/2010/moscow/standings.html,,,Yes
,moscow-2009,moscow-2010,neerc-2009,531,2009 Moscow Subregional Contest,2009-10-18,,,,,,https://nerc.itmo.ru/archive/2009/moscow/standings.html,,,Yes
,moscow-2008,moscow-2009,neerc-2008,69,2008 Moscow Subregional Contest,2008-10-26,,,,,,https://nerc.itmo.ru/archive/2008/moscow/standings.html,,,Yes
,moscow-2007,moscow-2008,neerc-2007,n/a,2007 Moscow Subregional Contest,,,,,,,https://nerc.itmo.ru/archive/2007/moscow/standings.html,,,Yes
,moscow-2006,moscow-2007,neerc-2006,n/a,2006 Moscow Subregional Contest,,,,,,,https://nerc.itmo.ru/archive/2006/moscow/standings.html,,,Yes
,moscow-2005,moscow-2006,neerc-2005,n/a,2005 Moscow Subregional Contest,,,,,,,https://nerc.itmo.ru/archive/2005/moscow/standings.html,,,Yes
,moscow-2004,moscow-2005,neerc-2004,n/a,2004 Moscow Subregional Contest,,,,,,,https://nerc.itmo.ru/archive/2004/moscow/standings.html,,,Yes
,moscow-2003,moscow-2004,neerc-2003,n/a,2003 Moscow Subregional Contest,,,,,,,https://nerc.itmo.ru/archive/2003/moscow/standings.html,,,Yes
future,south-russia-2026,-,nerc-2026,9806,2026 ICPC Southern and Volga Russia Regional Contest,,,,,,,,,,
,south-russia-2025,south-russia-2026,nerc-2025,9156,2025 ICPC Southern and Volga Russia Regional Contest,2025-10-28,,,https://contest.sgu.ru/,https://codeforces.com/gym/106144/standings,,,,https://icpc.global/regionals/finder/Southern-and-Volga-Russia-Regional-2026/standings,Yes
,south-russia-2024,south-russia-2025,nerc-2024,8912,2024 ICPC Southern and Volga Russia Regional Contest,2024-11-12,,,,https://contest.sgu.ru/monitor/1,,,,https://icpc.global/regionals/finder/Southern-and-Volga-Russia-Regional-2025/standings,Yes
,south-russia-2023,south-russia-2024,nerc-2023,7744,2023 ICPC Southern and Volga Russia Regional Contest,2023-11-01,,,,,,,,https://icpc.global/regionals/finder/Southern-and-Volga-Russia-Regional-2024/standings,Yes
,south-russia-2022,south-russia-2023,nerc-2022,5591,2022 ICPC Southern and Volga Russia Regional Contest,2022-11-22,,,,,,,,https://icpc.global/regionals/finder/Southern-and-Volga-Russia-Regional-2023/standings,Yes
,south-russia-2021,south-russia-2022,nerc-2021,4939,2021 ICPC Southern and Volga Russia Regional Contest,2021-11-21,,,,,,,,https://icpc.global/regionals/finder/Southern-and-Volga-Russia-Regional-2022/standings,Yes
,south-russia-2020,south-russia-2021,nerc-2020,4571,2020 Southern and Volga Russia Regional Contest,,,,,,,,,,
,south-russia-2019,south-russia-2020,nerc-2019,4186,2019 Southern and Volga Russia Regional Contest,2019-10-15,,,,https://nerc.itmo.ru/archive/2019/southern/standings.html,,,,,Yes
,south-russia-2018,south-russia-2019,nerc-2018,3693,2018 Southern Subregional Contest,2018-10-16,,,,,,,,,
,south-russia-2017,south-russia-2018,neerc-2017,3298,2017 Southern Subregional Contest,2017-10-18,,,,https://nerc.itmo.ru/archive/2017/southern/standings.html,,,,,Yes
,south-russia-2016,south-russia-2017,neerc-2016,3146,2016 Southern Subregional Contest,2016-10-19,,,,https://nerc.itmo.ru/archive/2016/southern/standings.html,,,,,Yes
,south-russia-2015,south-russia-2016,neerc-2015,2756,2015 Southern Subregional Contest,2015-10-14,,,,https://nerc.itmo.ru/archive/2015/southern/standings.html,,,,,Yes
,south-russia-2014,south-russia-2015,neerc-2014,2673,2014 Southern Subregional Contest,2014-10-22,,,,https://nerc.itmo.ru/archive/2014/southern/standings.html,,,,,Yes
,south-russia-2013,south-russia-2014,neerc-2013,2032,2013 Southern Subregional Contest,2013-10-18,,,,https://nerc.itmo.ru/archive/2013/southern/standings.html,,,,,Yes
,south-russia-2012,south-russia-2013,neerc-2012,1314,2012 Southern Subregional Contest,2012-10-19,,,,https://nerc.itmo.ru/archive/2012/southern/standings.html,,,,,Yes
,south-russia-2011,south-russia-2012,neerc-2011,759,2011 Southern Subregional Contest,2011-10-19,,,,https://nerc.itmo.ru/archive/2011/southern/standings.html,,,,,Yes
,south-russia-2010,south-russia-2011,neerc-2010,628,2010 Southern Subregional Contest,2010-10-22,,,,,,https://nerc.itmo.ru/archive/2010/southern/standings.html,,,Yes
,south-russia-2009,south-russia-2010,neerc-2009,533,2009 Southern Subregional Contest,2009-10-09,,,,https://codeforces.com/gym/101252/standings,,https://nerc.itmo.ru/archive/2009/southern/standings.html,,,Yes
,south-russia-2008,south-russia-2009,neerc-2008,88,2008 Southern Subregional Contest,2008-10-17,,,,https://codeforces.com/gym/101504/standings,,https://nerc.itmo.ru/archive/2008/southern/standings.html,,,Yes
,south-russia-2007,south-russia-2008,neerc-2007,n/a,2007 Southern Subregional Contest,,,,,,,https://nerc.itmo.ru/archive/2007/southern/standings.html,,,Yes
,south-russia-2006,south-russia-2007,neerc-2006,n/a,2006 Southern Subregional Contest,,,,,,,https://nerc.itmo.ru/archive/2006/southern/standings.html,,,Yes
,south-russia-2005,south-russia-2006,neerc-2005,n/a,2005 Southern Subregional Contest,,,,,,,https://nerc.itmo.ru/archive/2005/southern/standings.html,,,Yes
,south-russia-2004,south-russia-2005,neerc-2004,n/a,2004 Southern Subregional Contest,,,,,,,https://nerc.itmo.ru/archive/2004/southern/standings.html,,,Yes
,south-russia-2003,south-russia-2004,neerc-2003,n/a,2003 Southern Subregional Contest,,,,,,,https://nerc.itmo.ru/archive/2003/southern/standings.html,,,Yes
,south-russia-2002,south-russia-2003,neerc-2002,n/a,2002 Southern Subregional Contest,,,,,,,,,,
,south-russia-2001,south-russia-2002,neerc-2001,n/a,2001 Southern Subregional Contest,,,,,,,,,,
,south-russia-2000,south-russia-2001,neerc-2000,n/a,2000 Southern Subregional Contest,,,,,,,,,,
,south-russia-1999,south-russia-2000,neerc-1999,n/a,1999 Southern Subregional Contest,,,,,,,,,,
,south-russia-1998,south-russia-1999,neerc-1998,n/a,1998 Southern Subregional Contest,,,,,,,,,,
future,armenia-2026,-,nerc-2026,9788,2026 ICPC Armenia Regional Contest,,,,,,,,,,
,armenia-2025,armenia-2026,nerc-2025,9155,2025 ICPC Armenia Regional Contest,2025-11-15,,,,https://nerc.itmo.ru/archive/2025/armenia/standings.html,,,,,Yes
,armenia-2024,armenia-2025,nerc-2024,8893,2024 ICPC Armenia Regional Contest,2024-11-16,,,,https://nerc.itmo.ru/archive/2024/armenia/standings.html,,,,,Yes
,armenia-2023,armenia-2024,nerc-2023,7734,2023 ICPC Armenia Regional Contest,2023-11-04,,,,https://nerc.itmo.ru/archive/2023/armenia/standings.html,,,,,Yes
,armenia-2022,armenia-2023,nerc-2022,5597,2022 ICPC Armenia Regional Contest,2022-10-29,,,,https://nerc.itmo.ru/archive/2022/armenia/standings.html,,,,,Yes
,armenia-2021,armenia-2022,nerc-2021,4956,2021 ICPC Armenia Regional Contest,2021-12-11,,,,https://nerc.itmo.ru/archive/2021/armenia/standings.html,,,,,Yes
,armenia-2020,armenia-2021,nerc-2020,4553,2020 Armenia Regional Contest,2020-11-14,,,,https://nerc.itmo.ru/archive/2020/armenia/standings.html,,,,,Yes
,armenia-2019,armenia-2020,nerc-2019,4188,2019 Armenia Regional Contest,2019-10-26,,,,https://nerc.itmo.ru/archive/2019/armenia/standings.html,,,,,Yes
,armenia-2018,armenia-2019,nerc-2018,3692,2018 Armenia Subregional Contest,2018-10-26,,,,https://nerc.itmo.ru/archive/2018/armenia/standings.html,,,,,Yes
,armenia-2017,armenia-2018,neerc-2017,3297,2017 Armenia Subregional Contest,2017-11-04,,,,https://nerc.itmo.ru/archive/2017/armenia/standings.html,,,,,Yes
,armenia-2016,armenia-2017,neerc-2016,3145,2016 Armenia Subregional Contest,2016-10-22,,,,https://nerc.itmo.ru/archive/2016/armenia/standings.html,,,,,Yes
,armenia-2015,armenia-2016,neerc-2015,2765,2015 Armenia Subregional Contest,2015-10-24,,,,https://nerc.itmo.ru/archive/2015/armenia/standings.html,,,,,Yes
,armenia-2014,armenia-2015,neerc-2014,2683,2014 Armenia Subregional Contest,2014-11-08,,,,https://nerc.itmo.ru/archive/2014/armenia/standings.html,,,,,Yes
,armenia-2013,armenia-2014,neerc-2013,2030,2013 Armenia Subregional Contest,2013-10-26,,,,https://nerc.itmo.ru/archive/2013/armenia/standings.html,,,,,Yes
,armenia-2012,armenia-2013,neerc-2012,1315,2012 Armenia Subregional Contest,2012-11-03,,,,https://nerc.itmo.ru/archive/2012/armenia/standings.html,,,,,Yes
,armenia-2011,armenia-2012,neerc-2011,755,2011 Armenia Subregional Contest,2011-10-29,,,,,,https://nerc.itmo.ru/archive/2011/armenia/standings.html,,,Yes
,armenia-2010,armenia-2011,neerc-2010,621,2010 Armenia Subregional Contest,2010-10-30,,,,,,https://nerc.itmo.ru/archive/2010/armenia/standings.html,,,Yes
,armenia-2009,armenia-2010,neerc-2009,528,2009 Armenia Subregional Contest,2009-10-17,,,,,,https://nerc.itmo.ru/archive/2009/armenia/standings.html,,,Yes
,armenia-2008,armenia-2009,neerc-2008,75,2008 Armenia Subregional Contest,2008-11-01,,,,,,https://nerc.itmo.ru/archive/2008/armenia/standings.html,,,Yes
,armenia-2007,armenia-2008,neerc-2007,n/a,2007 Armenia Subregional Contest,,,,,,,https://nerc.itmo.ru/archive/2007/armenia/standings.html,,,Yes
,armenia-2006,armenia-2007,neerc-2006,n/a,2006 Armenia Subregional Contest,,,,,,,https://nerc.itmo.ru/archive/2006/armenia/standings.html,,,Yes
,armenia-2005,armenia-2006,neerc-2005,n/a,2005 Armenia Subregional Contest,,,,,,,https://nerc.itmo.ru/archive/2005/armenia/standings.html,,,Yes
,armenia-2004,armenia-2005,neerc-2004,n/a,2004 Armenia Subregional Contest,,,,,,,https://nerc.itmo.ru/archive/2004/armenia/standings.html,,,Yes
future,north-russia-2026,-,nerc-2026,9783,2026 ICPC Northwestern Russia Regional Contest,,,,,,,,,,
,north-russia-2025,north-russia-2026,nerc-2025,9158,2025 ICPC Northwestern Russia Regional Contest,2025-11-15,,,,"https://nerc.itmo.ru/archive/2025/northern/standings.html, https://codeforces.com/gym/106193/standings",,,,,Yes
,north-russia-2024,north-russia-2025,nerc-2024,8888,2024 ICPC Northwestern Russia Regional Contest,2024-11-16,,,,https://nerc.itmo.ru/archive/2024/northern/standings.html,,,,,Yes
,north-russia-2023,north-russia-2024,nerc-2023,7740,2023 ICPC Northwestern Russia Regional Contest,2023-11-05,,,,https://nerc.itmo.ru/archive/2023/northern/standings.html,,,,,Yes
,north-russia-2022,north-russia-2023,nerc-2022,5584,2022 ICPC Northwestern Russia Regional Contest,2022-10-29,,,,https://nerc.itmo.ru/archive/2022/northern/standings.html,,,,,Yes
,north-russia-2021,north-russia-2022,nerc-2021,4945,2021 ICPC Northwestern Russia Regional Contest,2021-12-11,,,,https://nerc.itmo.ru/archive/2021/northern/standings.html,,,,,Yes
,north-russia-2020,north-russia-2021,nerc-2020,4576,2020 Northwestern Russia Regional Contest,2020-11-14,,,,https://nerc.itmo.ru/archive/2020/northern/standings.html,,,,,Yes
,north-russia-2019,north-russia-2020,nerc-2019,4206,2019 Northwestern Russia Regional Contest,2019-10-26,,,,https://nerc.itmo.ru/archive/2019/northern/standings.html,,,,,Yes
,north-russia-2018,north-russia-2019,nerc-2018,3677,2018 Northern Subregional Contest,2018-10-27,,,,https://nerc.itmo.ru/archive/2018/northern/standings.html,,,,,Yes
,north-russia-2017,north-russia-2018,neerc-2017,3284,2017 Northern Subregional Contest,2017-11-04,,,,https://nerc.itmo.ru/archive/2017/northern/standings.html,,,,,Yes
,north-russia-2016,north-russia-2017,neerc-2016,3149,2016 Northern Subregional Contest,2016-10-22,,,,https://nerc.itmo.ru/archive/2016/northern/standings.html,,,,,Yes
,north-russia-2015,north-russia-2016,neerc-2015,2768,2015 Northern Subregional Contest,2015-10-24,,,,https://nerc.itmo.ru/archive/2015/northern/standings.html,,,,,Yes
,north-russia-2014,north-russia-2015,neerc-2014,2681,2014 Northern Subregional Contest,2014-11-08,,,,https://nerc.itmo.ru/archive/2014/northern/standings.html,,,,,Yes
,north-russia-2013,north-russia-2014,neerc-2013,2031,2013 Northern Subregional Contest,2013-10-26,,,,https://nerc.itmo.ru/archive/2013/northern/standings.html,,,,,Yes
,north-russia-2012,north-russia-2013,neerc-2012,1316,2012 Northern Subregional Contest,2012-11-03,,,,https://nerc.itmo.ru/archive/2012/northern/standings.html,,,,,Yes
,north-russia-2011,north-russia-2012,neerc-2011,765,2011 Northern Subregional Contest,2011-10-29,,,,https://nerc.itmo.ru/archive/2011/northern/standings.html,,,,,Yes
,north-russia-2010,north-russia-2011,neerc-2010,631,2010 Northern Subregional Contest,2010-10-30,,,,https://nerc.itmo.ru/archive/2010/northern/standings.html,,,,,Yes
,north-russia-2009,north-russia-2010,neerc-2009,537,2009 Northern Subregional Contest,2009-10-17,,,,https://nerc.itmo.ru/archive/2009/northern/standings.html,,,,,Yes
,north-russia-2008,north-russia-2009,neerc-2008,63,2008 Northern Subregional Contest,2008-11-01,,,,https://nerc.itmo.ru/archive/2008/northern/standings.html,,,,,Yes
,north-russia-2007,north-russia-2008,neerc-2007,n/a,2007 Northern Subregional Contest,,,,,https://nerc.itmo.ru/archive/2007/northern/standings.html,,,,,Yes
,north-russia-2006,north-russia-2007,neerc-2006,n/a,2006 Northern Subregional Contest,,,,,https://nerc.itmo.ru/archive/2006/northern/standings.html,,,,,Yes
,north-russia-2005,north-russia-2006,neerc-2005,n/a,2005 Northern Subregional Contest,,,,,https://nerc.itmo.ru/archive/2005/northern/standings.html,,,,,Yes
,north-russia-2004,north-russia-2005,neerc-2004,n/a,2004 Northern Subregional Contest,,,,,https://nerc.itmo.ru/archive/2004/northern/standings.html,,,,,Yes
,north-russia-2003,north-russia-2004,neerc-2003,n/a,2003 Northern Subregional Contest,,,,,https://nerc.itmo.ru/archive/2003/northern/standings.html,,,,,Yes
,north-russia-2002,north-russia-2003,neerc-2002,n/a,2002 Northern Subregional Contest,2002-11-03,,,,,,,,,
,north-russia-2001,north-russia-2002,neerc-2001,n/a,2001 Northern Subregional Contest,,,,,,,,,,
,north-russia-2000,north-russia-2001,neerc-2000,n/a,2000 Northern Subregional Contest,,,,,,,,,,
,north-russia-1999,north-russia-2000,neerc-1999,n/a,1999 Northern Subregional Contest,,,,,,,,,,
,north-russia-1998,north-russia-1999,neerc-1998,n/a,1998 Northern Subregional Contest,,,,,,,,,,
future,kyrgyzstan-2026,-,nerc-2026,9804,2026 ICPC Kyrgyzstan Regional Contest,,,,,,,,,,
,kyrgyzstan-2025,kyrgyzstan-2026,nerc-2025,9172,2025 ICPC Kyrgyzstan Regional Contest,2025-11-01,,,,"https://olymp.krsu.kg/conteststandings/16406, https://codeforces.com/gym/106169/standings",,,,,Yes
,kyrgyzstan-2024,kyrgyzstan-2025,nerc-2024,8904,2024 ICPC Kyrgyzstan Regional Contest,2024-11-03,,,,https://olymp.krsu.kg/conteststandings/16214,,,,,Yes
,kyrgyzstan-2023,kyrgyzstan-2024,nerc-2023,7738,2023 ICPC Kyrgyzstan Regional Contest,2023-10-29,,,,https://olymp.krsu.kg/conteststandings/15968,,,,https://icpc.global/regionals/finder/Kyrgyzstan-Regional-2024/standings,Yes
,kyrgyzstan-2022,kyrgyzstan-2023,nerc-2022,5578,2022 ICPC Kyrgyzstan Regional Contest,2022-10-30,,,,https://olymp.krsu.kg/conteststandings/788,,,,https://icpc.global/regionals/finder/Kyrgyzstan-Regional-2023/standings,Yes
,kyrgyzstan-2021,kyrgyzstan-2022,nerc-2021,4936,2021 ICPC Kyrgyzstan Regional Contest,2021-11-13,,,,https://olymp.krsu.kg/conteststandings/522,,,,https://icpc.global/regionals/finder/Kyrgyzstan-Regional-2022/standings,Yes
,kyrgyzstan-2020,kyrgyzstan-2021,nerc-2020,4562,2020 Kyrgyzstan Regional Contest,2020-11-14,,,,https://olymp.krsu.kg/conteststandings/313,,,,,Yes
,kyrgyzstan-2019,kyrgyzstan-2020,nerc-2019,4207,2019 Kyrgyzstan Regional Contest,2019-11-03,,,,"https://nerc.itmo.ru/archive/2019/kyrgyzstan/standings.html, https://olymp.krsu.kg/conteststandings/245",,,,,Yes
,kyrgyzstan-2018,kyrgyzstan-2019,nerc-2018,3673,2018 Kyrgyzstan Subregional Contest,2018-11-04,,,,https://olymp.krsu.kg/conteststandings/177,,,,,Yes
,kyrgyzstan-2017,kyrgyzstan-2018,neerc-2017,3287,2017 Kyrgyzstan Subregional Contest,2017-10-29,,,,"https://nerc.itmo.ru/archive/2017/kyrgyzstan/standings.html, https://olymp.krsu.kg/conteststandings/135",,,,,Yes
,kyrgyzstan-2016,kyrgyzstan-2017,neerc-2016,3155,2016 Kyrgyzstan Subregional Contest,2016-11-06,,,,"https://nerc.itmo.ru/archive/2016/kyrgyzstan/standings.html, https://olymp.krsu.kg/conteststandings/118",,,,,Yes
,kyrgyzstan-2015,kyrgyzstan-2016,neerc-2015,2762,2015 Kyrgyzstan Subregional Contest,2015-11-01,,,,"https://nerc.itmo.ru/archive/2015/kyrgyzstan/standings.html, https://olymp.krsu.kg/conteststandings/99",,,,,Yes
,kyrgyzstan-2014,kyrgyzstan-2015,neerc-2014,2679,2014 Kyrgyzstan Subregional Contest,2014-10-26,,,,"https://nerc.itmo.ru/archive/2014/kyrgyzstan/standings.html, https://olymp.krsu.kg/conteststandings/78",,,,,Yes
,kyrgyzstan-2013,kyrgyzstan-2014,neerc-2013,2029,2013 Kyrgyzstan Subregional Contest,2013-10-26,,,,"https://nerc.itmo.ru/archive/2013/kyrgyzstan/standings.html, https://olymp.krsu.kg/conteststandings/67",,,,,Yes
,kyrgyzstan-2012,kyrgyzstan-2013,neerc-2012,1312,2012 Kyrgyzstan Subregional Contest,2012-11-03,,,,https://olymp.krsu.kg/conteststandings/62,,https://nerc.itmo.ru/archive/2012/kyrgyzstan/standings.html,,,Yes
,kyrgyzstan-2011,kyrgyzstan-2012,neerc-2011,758,2011 Kyrgyzstan Subregional Contest,2011-11-05,,,,"https://nerc.itmo.ru/archive/2011/kyrgyzstan/standings.html, https://olymp.krsu.kg/conteststandings/58",,,,,Yes
,kyrgyzstan-2010,kyrgyzstan-2011,neerc-2010,623,2010 Kyrgyzstan Subregional Contest,2010-10-30,,,,https://olymp.krsu.kg/conteststandings/52,,,,,Yes
,kyrgyzstan-2009,kyrgyzstan-2010,neerc-2009,529,2009 Kyrgyzstan Subregional Contest,2009-10-17,,,,https://olymp.krsu.kg/conteststandings/46,,https://nerc.itmo.ru/archive/2009/kyrgyzstan/standings.html,,,Yes
,kyrgyzstan-2008,kyrgyzstan-2009,neerc-2008,77,2008 Kyrgyzstan Subregional Contest,2008-10-25,,,,https://olymp.krsu.kg/conteststandings/39,,https://nerc.itmo.ru/archive/2008/kyrgyzstan/standings.html,,,Yes
,kyrgyzstan-2007,kyrgyzstan-2008,neerc-2007,n/a,2007 Kyrgyzstan Subregional Contest,2007-10-27,,,,https://olymp.krsu.kg/conteststandings/30,,https://nerc.itmo.ru/archive/2007/kyrgyzstan/standings.html,,,Yes
,kyrgyzstan-2006,kyrgyzstan-2007,neerc-2006,n/a,2006 Kyrgyzstan Subregional Contest,2006-11-04,,,,https://olymp.krsu.kg/conteststandings/26,,https://nerc.itmo.ru/archive/2006/kyrgyzstan/standings.html,,,Yes
,kyrgyzstan-2005,kyrgyzstan-2006,neerc-2005,n/a,2005 Kyrgyzstan Subregional Contest,2005-10-22,,,,https://olymp.krsu.kg/conteststandings/9,,https://nerc.itmo.ru/archive/2005/kyrgyzstan/standings.html,,,Yes
,kyrgyzstan-2004,kyrgyzstan-2005,neerc-2004,n/a,2004 Kyrgyzstan Subregional Contest,,,,,,,https://nerc.itmo.ru/archive/2004/kyrgyzstan/standings.html,,,Yes
future,taurida-2026,-,nerc-2026,9793,2026 ICPC Taurida Regional Contest,,,,,,,,,,
,taurida-2025,taurida-2026,nerc-2025,9160,2025 ICPC Taurida Regional Contest,2025-11-15,,,,https://nerc.itmo.ru/archive/2025/taurida/standings.html,,,,,Yes
,taurida-2024,taurida-2025,nerc-2024,8901,2024 ICPC Taurida Regional Contest,2024-11-16,,,,https://nerc.itmo.ru/archive/2024/taurida/standings.html,,,,,Yes
,taurida-2023,taurida-2024,nerc-2023,7737,2023 ICPC Taurida Regional Contest,2023-11-05,,,,https://nerc.itmo.ru/archive/2023/taurida/standings.html,,,,,Yes
,taurida-2022,taurida-2023,nerc-2022,5577,2022 ICPC Taurida Regional Contest,2022-10-29,,,,https://nerc.itmo.ru/archive/2022/taurida/standings.html,,,,,Yes
,taurida-2021,taurida-2022,nerc-2021,4955,2021 ICPC Taurida Regional Contest,2021-12-11,,,,https://nerc.itmo.ru/archive/2021/taurida/standings.html,,,,,Yes
,taurida-2020,taurida-2021,nerc-2020,4564,2020 Taurida Regional Contest,2020-11-14,,,,https://nerc.itmo.ru/archive/2020/taurida/standings.html,,,,,Yes
,taurida-2019,taurida-2020,nerc-2019,4203,2019 Taurida Regional Contest,2019-10-26,,,,https://nerc.itmo.ru/archive/2019/taurida/standings.html,,,,,Yes
,taurida-2018,taurida-2019,nerc-2018,3674,2018 Taurida Subregional Contest,2018-10-27,,,,https://nerc.itmo.ru/archive/2018/taurida/standings.html,,,,,Yes
,taurida-2017,taurida-2018,neerc-2017,3290,2017 Taurida Subregional Contest,2017-11-04,,,,https://nerc.itmo.ru/archive/2017/taurida/standings.html,,,,,Yes
,taurida-2016,taurida-2017,neerc-2016,3148,2016 Taurida Subregional Contest,2016-10-22,,,,https://nerc.itmo.ru/archive/2016/taurida/standings.html,,,,,Yes
,taurida-2015,taurida-2016,neerc-2015,2753,2015 Taurida Subregional Contest,2015-10-24,,,,https://nerc.itmo.ru/archive/2015/taurida/standings.html,,,,,Yes
,taurida-2014,taurida-2015,neerc-2014,2725,2014 Taurida Subregional Contest,2014-11-08,,,,https://nerc.itmo.ru/archive/2014/taurida/standings.html,,,,,Yes
future,acpc-2026,-,wf-2027,9693,2026 ICPC Africa & Arab Collegiate Programming Championship,,,,,,,,,,
,acpc-2025,acpc-2026,wf-2026,9267,2025 ICPC Africa & Arab Collegiate Programming Championship,2025-12-16,,,,,,,,https://icpc.global/regionals/finder/ACPC-2026/standings,Yes
,acpc-2024,acpc-2025,wf-2025,8775,2024 ICPC Africa & Arab Collegiate Programming Championship,2024-12-08,,,https://acpc.global/acpc2024/,,https://web.archive.org/web/20241208162705/https://scoreboard.acpc.global/acpc2024/all.html,,,https://icpc.global/regionals/finder/ACPC-2025/standings,Yes
,acpc-2023,acpc-2024,wf-2024,7610,2023 ICPC Africa & Arab Collegiate Programming Championship,2024-03-06,,,,,https://web.archive.org/web/20240419211851/https://scoreboard.acpc.global/acpc2023/ACPC.html,,,https://icpc.global/regionals/finder/ACPC-2024/standings,Yes
,acpc-2022,acpc-2023,wf-2023,5435,2022 ICPC Africa & Arab Collegiate Programming Championship,2022-12-04,,,,,,,,https://icpc.global/regionals/finder/ACPC-2023/standings,Yes
,acpc-2021,acpc-2022,wf-2022,4753,2021 ICPC Africa & Arab Collegiate Programming Championship,2021-12-05,,,,,,,,https://icpc.global/regionals/finder/ACPC-2022/standings,Yes
,acpc-2020,acpc-2021,wf-2021,4396,2020 Africa & Arab Collegiate Programming Championship,2021-03-23,,,,,,,,https://icpc.global/regionals/finder/ACPC-2021/standings,Yes
,acpc-2019,acpc-2020,wf-2020,3987,2019 Africa & Arab Collegiate Programming Championship,2019-12-03,,,,,,,,https://icpc.global/regionals/finder/ACPC-2020/standings,Yes
,acpc-2018,acpc-2019,wf-2019,3572,2018 Arab & Africa Collegiate Programming Contest,2018-11-13,,,,,,,,https://icpc.global/regionals/finder/ACPC-2019/standings,Yes
,acpc-2017,acpc-2018,wf-2018,3334,2017 Arab Collegiate Programming Contest,2017-11-28,,,,,,,,https://icpc.global/regionals/finder/ACPC-2018/standings,Yes
,acpc-2016,acpc-2017,wf-2017,3163,2016 Arab Collegiate Programming Contest,2016-11-13,,,,,,,,https://icpc.global/regionals/finder/ACPC-2017/standings,Yes
,acpc-2015,acpc-2016,wf-2016,2843,2015 Arab Collegiate Programming Contest,2015-11-24,,,,,,,,https://icpc.global/regionals/finder/ACPC-2016/standings,Yes
,acpc-2014,acpc-2015,wf-2015,2625,2014 Arab Collegiate Programming Contest,2014-11-18,,,,https://web.archive.org/web/20160416054750/http://acmacpc.org/files/archive/2014/summary.html,,,,https://icpc.global/regionals/finder/ACPC-2015/standings,Yes
,acpc-2013,acpc-2014,wf-2014,2050,2013 Arab Collegiate Programming Contest,2013-11-26,,,,https://web.archive.org/web/20140418210242/http://acmacpc.org/Homesite/archive/2013/scoreboard/,,,,https://icpc.global/regionals/finder/ACPC-2014/standings,Yes
,acpc-2012,acpc-2013,wf-2013,1348,2012 Arab Collegiate Programming Contest,2012-12-13,,,,https://codeforces.com/gym/100155/standings,,,,https://icpc.global/regionals/finder/ACPC-2013/standings,Yes
,acpc-2011,acpc-2012,wf-2012,746,2011 Arab Collegiate Programming Contest,2011-11-30,,,https://web.archive.org/web/20111030050936/http://www.csm.lau.edu.lb/acm/acpc.html,,,,,https://icpc.global/regionals/finder/ACPC-2012/standings,Yes
,acpc-2010,acpc-2011,wf-2011,580,2010 Arab Collegiate Programming Contest,2010-11-27,,,https://web.archive.org/web/20100716164343/https://www.acm-acpc.org/,,,https://web.archive.org/web/20101203055214/https://www.acm-acpc.org/acpc/2010/pc2/2010-pc2-full.html,,https://icpc.global/regionals/finder/ACPC-2011/standings,Yes
,acpc-2009,acpc-2010,wf-2010,511,2009 Arab and North Africa Regional Contest,2009-11-24,,,,https://web.archive.org/web/20091202073327/https://www.icpc-anarc.org/yr/2009/pc2/2009-pc2-summary.html,,,,https://icpc.global/regionals/finder/Arab-North-Africa-2010/standings,Yes
,acpc-2008,acpc-2009,wf-2009,3,2008 Arab and North Africa Regional Contest,2008-11-24,,,https://web.archive.org/web/20081231135901/https://www.icpc-anarc.org/yr/2008/,https://web.archive.org/web/20090518043739/http://www.icpc-anarc.org/yr/2008/pc2/2008-pc2-summary.html,,https://web.archive.org/web/20090518043851/http://www.icpc-anarc.org/yr/2008/pc2/2008-pc2-full.html,,,Yes
,acpc-2007,acpc-2008,wf-2008,986,2007 ACM Arab & North Africa Programming Contest,2007-12-05,,,,,,https://web.archive.org/web/20080915032237/http://icpc.baylor.edu/icpc/regionals/ViewRegionalStandings.asp?ContestID=839,,,Yes
,acpc-2006,acpc-2007,wf-2007,1261,2006 ACM Arab & North Africa Programming Contest,2006-12-02,,,,,,https://web.archive.org/web/20071011212903/http://icpc.baylor.edu/icpc/regionals/ViewRegionalStandings.asp?ContestID=756,,,Yes
,acpc-2005,acpc-2006,wf-2006,1138,2005 ACM Arab & North Africa Programming Contest,2005-12-01,,,,https://web.archive.org/web/20071014213731/http://acm.kuniv.edu/2005/results/summary.html,,https://web.archive.org/web/20071011185552/http://icpc.baylor.edu/icpc/regionals/ViewRegionalStandings.asp?ContestID=714,,,Yes
,acpc-2004,acpc-2005,wf-2005,979,2004 ACM Africa and Arab Programming Contest,2004-12-03,,,,https://web.archive.org/web/20071012093829/http://acm.kuniv.edu/2004/contest/summary.html,,https://web.archive.org/web/20071012162816/http://icpc.baylor.edu/icpc/regionals/ViewRegionalStandings.asp?ContestID=680,,,Yes
,acpc-2003,acpc-2004,wf-2004,1036,2003 ACM Africa and Arab Programming Contest,2003-12-05,,,,https://web.archive.org/web/20071012101515/http://acm.kuniv.edu/2003/pc2/summary.html,,https://web.archive.org/web/20071012205832/http://icpc.baylor.edu/icpc/regionals/ViewRegionalStandings.asp?ContestID=638,,,Yes
,acpc-2002,acpc-2003,wf-2003,1084,2002 ACM Africa and Arab Programming Contest,2002-11-03,,,https://web.archive.org/web/20030820204023/http://www.aucegypt.edu/acm/anarc02.html,,,https://web.archive.org/web/20030822104040/http://www.aucegypt.edu/acm/standings2002.pdf,https://web.archive.org/web/20090307020150/http://icpc.baylor.edu/past/icpc2003/Regionals/Reports/icpc.baylor.edu/icpc/regionals/ViewRegionalStandings0bd5.html?ContestID=564,,Yes
,acpc-2001,acpc-2002,wf-2002,1282,2001 ACM Africa and Arab Programming Contest,2001-11-04,,,,,,,https://web.archive.org/web/20090102030950/http://icpc.baylor.edu/Past/icpc2002/regionals/ViewRegionalStandings.asp?ContestID=496,,Yes
,acpc-2000,acpc-2001,wf-2001,1032,2000 ACM Africa and Arab Programming Contest,2000-11-19,,,,,,,https://web.archive.org/web/20060901130612/http://icpc.baylor.edu/past/icpc2001/regionals/ViewRegionalStandings.asp?ContestID=431,,Yes
,acpc-1999,acpc-2000,wf-2000,1281,1999 ACM Africa and Arab Programming Contest,1999-11-21,,,https://web.archive.org/web/20020111122148/http://icpc.baylor.edu/past/icpc2000/regionals/AARPC99/Report.html,,,https://web.archive.org/web/20020111133509/http://icpc.baylor.edu/past/icpc2000/regionals/AARPC99/Standings.html,,,Yes
,acpc-1998,acpc-1999,wf-1999,1041,1998 ACM Africa and Arab Programming Contest,1998-11-15,,,,,,,,,
future,egypt-2026,-,acpc-2026,9732,2026 ICPC Egyptian Collegiate Programming Contest,,,,,,,,,,
,egypt-2025,egypt-2026,acpc-2025,9271,2025 ICPC Egyptian Collegiate Programming Contest,2025-08-09,,,,,https://scoreboard.acpc.global/ecpc2025/,,,https://icpc.global/regionals/finder/ECPC-2026/standings,Yes
,egypt-2024,egypt-2025,acpc-2024,8834,2024 ICPC Egyptian Collegiate Programming Contest,2024-07-27,,,,,https://scoreboard.acpc.global/ecpc2024/,,,https://icpc.global/regionals/finder/ECPC-2025/standings,Yes
,egypt-2023,egypt-2024,acpc-2023,7659,2023 ICPC Egyptian Collegiate Programming Contest,2023-08-19,,,,,https://scoreboard.acpc.global/ecpc2023/,,,https://icpc.global/regionals/finder/ECPC-2024/standings,Yes
,egypt-2022,egypt-2023,acpc-2022,5454,2022 ICPC Egyptian Collegiate Programming Contest,2022-08-27,,,,,https://acpcsb.acpc.global/ecpc2022/summary.html,,,https://icpc.global/regionals/finder/ECPC-2023/standings,Yes
,egypt-2021,egypt-2022,acpc-2021,4791,2021 ICPC Egyptian Collegiate Programming Contest,2021-08-28,,,,,,,,https://icpc.global/regionals/finder/ECPC-2022/standings,Yes
,egypt-2020,egypt-2021,acpc-2020,4433,2020 Egyptian Collegiate Programming Contest,2020-11-19,,,,,,,,https://icpc.global/regionals/finder/ECPC-2021/standings,Yes
,egypt-2019,egypt-2020,acpc-2019,3989,2019 Egyptian Collegiate Programming Contest,2019-10-26,,,,,,,,https://icpc.global/regionals/finder/ECPC-2020/standings,Yes
,egypt-2018,egypt-2019,acpc-2018,3573,2018 Egyptian Collegiate Programming Contest,2018-10-20,,,,,,,,https://icpc.global/regionals/finder/ECPC-2019/standings,Yes
,egypt-2017,egypt-2018,acpc-2017,3343,2017 Egyptian Collegiate Programming Contest,2017-11-04,,,,,,,,https://icpc.global/regionals/finder/ECPC-2018/standings,Yes
,egypt-2016,egypt-2017,acpc-2016,3179,2016 Egyptian Collegiate Programming Contest,2016-10-09,,,,,,,,https://icpc.global/regionals/finder/ECPC-2017/standings,Yes
,egypt-2015,egypt-2016,acpc-2015,2845,2015 Egyptian Collegiate Programming Contest,2015-11-08,,,,,,,,https://icpc.global/regionals/finder/ECPC-2016/standings,Yes
,egypt-2014,egypt-2015,acpc-2014,2635,2014 Egyptian Collegiate Programming Contest,2014-10-08,,,,,,,,https://icpc.global/regionals/finder/ECPC-2015/standings,Yes
,egypt-2013,egypt-2014,acpc-2013,2060,2013 Egyptian Collegiate Programming Contest,2013-11-09,,,,https://codeforces.com/gym/100283/standings,,,,https://icpc.global/regionals/finder/ECPC-2014/standings,Yes
,egypt-2012,egypt-2013,acpc-2012,1349,2012 Egyptian Collegiate Programming Contest,2012-11-02,,,,,,,,https://icpc.global/regionals/finder/ECPC-2013/standings,Yes
,egypt-2011,egypt-2012,acpc-2011,747,2011 Egyptian National Programming Contest,2011-11-12,,,,,,,,,
,egypt-2010,egypt-2011,acpc-2010,582,2010 Egyptian National Programming Contest,2010-10-30,,,,,,,,https://icpc.global/regionals/finder/ECPC-2011/standings,Yes
,egypt-2009,egypt-2010,acpc-2009,512,2009 Egyptian National Programming Contest,2009-10-17,,,,https://web.archive.org/web/20091115140609/https://acm.fci-cu.edu.eg/archive/summaryENC09.html,,,,https://icpc.global/regionals/finder/Egyptian-2010/standings,Yes
,egypt-2008,egypt-2009,acpc-2008,89,2008 National Contest - Egypt,2008-11-08,,,,,,,,,
future,lebanon-2026,-,acpc-2026,9698,2026 ICPC Lebanese Collegiate Programming Contest,,,,,,,,,,
,lebanon-2025,lebanon-2026,acpc-2025,9314,2025 ICPC Lebanese Collegiate Programming Contest,2025-10-23,,,,,https://acpcsb.acpc.global/LCPC2025/Lebanon.html,,,https://icpc.global/regionals/finder/LCPC-2026/standings,Yes
,lebanon-2024,lebanon-2025,acpc-2024,8805,2024 ICPC Lebanese Collegiate Programming Contest,2024-11-09,,,,,,,,https://icpc.global/regionals/finder/LCPC-2025/standings,Yes
,lebanon-2023,lebanon-2024,acpc-2023,7674,2023 ICPC Lebanese Collegiate Programming Contest,2023-09-09,,,,,https://acpcsb.acpc.global/LCPC2023/Lebanon.html,,,https://icpc.global/regionals/finder/LCPC-2024/standings,Yes
,lebanon-2022,lebanon-2023,acpc-2022,5479,2022 ICPC Lebanese Collegiate Programming Contest,2022-10-08,,,,,,,,https://icpc.global/regionals/finder/LCPC-2023/standings,Yes
,lebanon-2021,lebanon-2022,acpc-2021,4760,2021 ICPC Lebanese Collegiate Programming Contest,2021-11-06,,,,,,,,https://icpc.global/regionals/finder/LCPC-2022/standings,Yes
,lebanon-2020,lebanon-2021,acpc-2020,4408,2020 Lebanese Collegiate Programming Contest,2021-02-09,,,,,,,,https://icpc.global/regionals/finder/LCPC-2021/standings,Yes
,lebanon-2019,lebanon-2020,acpc-2019,4007,2019 Lebanese Collegiate Programming Contest,2019-10-05,,,,,,,,https://icpc.global/regionals/finder/LCPC-2020/standings,Yes
,lebanon-2018,lebanon-2019,acpc-2018,3590,2018 Lebanese Collegiate Programming Contest,2018-09-29,,,,,,,,,
,lebanon-2017,lebanon-2018,acpc-2017,3362,2017 Lebanese Collegiate Programming Contest,2017-09-29,,,,,,,,https://icpc.global/regionals/finder/LCPC-2018/standings,Yes
,lebanon-2016,lebanon-2017,acpc-2016,3186,2016 Lebanese Collegiate Programming Contest,2016-09-09,,,,,,,,https://icpc.global/regionals/finder/LCPC-2017/standings,Yes
,lebanon-2015,lebanon-2016,acpc-2015,2853,2015 Lebanese Collegiate Programming Contest,2015-09-19,,,https://web.archive.org/web/20170727162841/http://www.aou.edu.lb/LCPC15/Default.aspx,,,https://web.archive.org/web/20170727162923/http://www.aou.edu.lb/LCPC15/Results.aspx,,https://icpc.global/regionals/finder/LCPC-2016/standings,Yes
,lebanon-2014,lebanon-2015,acpc-2014,2639,2014 Lebanese Collegiate Programming Contest,2014-09-27,,,https://web.archive.org/web/20160330142214/http://www.cs.aub.edu.lb/lcpc14/index.php,https://web.archive.org/web/20150523004305/http://www.cs.aub.edu.lb/lcpc14/index.php/pages/index/3/Official%20Results/,,,,https://icpc.global/regionals/finder/LCPC-2015/standings,Yes
,lebanon-2013,lebanon-2014,acpc-2013,2058,2013 Lebanese Collegiate Programming Contest,2013-10-25,,,,,,,,https://icpc.global/regionals/finder/LCPC-2014/standings,Yes
,lebanon-2012,lebanon-2013,acpc-2012,1352,2012 Lebanese Collegiate Programming Contest,2012-09-22,,,,,,,,https://icpc.global/regionals/finder/LCPC-2013/standings,Yes
,lebanon-2011,lebanon-2012,acpc-2011,749,2011 Lebanese Collegiate Programming Contest,2011-07-02,,,,https://web.archive.org/web/20110828050512/http://www.aust.edu.lb/lcpc2011/summary.html,,,,https://icpc.global/regionals/finder/LCPC-2012/standings,Yes
,lebanon-2010,lebanon-2011,acpc-2010,581,2010 The Lebanese Collegiate Programming Contest,2010-06-26,,,,,,,,https://icpc.global/regionals/finder/LCPC-2011/standings,Yes
,lebanon-2009,lebanon-2010,acpc-2009,565,2009 The Lebanese Collegiate Programming Contest,2009-07-03,,,,,,,,,
future,kuwait-2026,-,acpc-2026,9705,2026 ICPC Kuwait Collegiate Programming Contest,,,,,,,,,,
,kuwait-2025,kuwait-2026,acpc-2025,9285,2025 ICPC Kuwait Collegiate Programming Contest,2025-10-16,,,,,https://scoreboard.acpc.global/kcpc2025/,,,,Yes
,kuwait-2024,kuwait-2025,acpc-2024,8823,2024 ICPC Kuwait Collegiate Programming Contest,2024-10-12,,,,,https://acpcsb.acpc.global/KCPC2024/all.html,,,,Yes
,kuwait-2023,kuwait-2024,acpc-2023,7631,2023 ICPC Kuwait Collegiate Programming Contest,2023-10-07,,,,,https://scoreboard.acpc.global/kcpc2023/all.html,,,,Yes
,kuwait-2022,kuwait-2023,acpc-2022,5445,2022 ICPC Kuwait Collegiate Programming Contest,2022-10-01,,,,,,,,https://icpc.global/regionals/finder/KCPC-2023/standings,Yes
,kuwait-2021,kuwait-2022,acpc-2021,4788,2021 ICPC Kuwait Collegiate Programming Contest,2021-11-06,,,,,,,,https://icpc.global/regionals/finder/KCPC-2022/standings,Yes
,kuwait-2020,kuwait-2021,acpc-2020,4414,2020 Kuwait Collegiate Programming Contest,2021-02-09,,,,,,,,https://icpc.global/regionals/finder/KCPC-2021/standings,Yes
,kuwait-2019,kuwait-2020,acpc-2019,4021,2019 Kuwait Collegiate Programming Contest,2019-09-28,,,,,,,,https://icpc.global/regionals/finder/KCPC-2020/standings,Yes
,kuwait-2018,kuwait-2019,acpc-2018,3589,2018 Kuwait Collegiate Programming Contest,2018-10-13,,,,,,,,,
,kuwait-2017,kuwait-2018,acpc-2017,3361,2017 Kuwait Collegiate Programming Contest,2017-10-21,,,,,,,,https://icpc.global/regionals/finder/KCPC-2018/standings,Yes
,kuwait-2016,kuwait-2017,acpc-2016,3187,2016 Kuwait Collegiate Programming Contest,2016-10-15,,,,,,,,https://icpc.global/regionals/finder/KCPC-2017/standings,Yes
,kuwait-2015,kuwait-2016,acpc-2015,2866,2015 Kuwait Collegiate Programming Contest,2015-10-31,,,,,,,,https://icpc.global/regionals/finder/KCPC-2016/standings,Yes
,kuwait-2014,kuwait-2015,acpc-2014,2721,2014 Kuwait Collegiate Programming Contest,2014-10-29,,,,,,,,https://icpc.global/regionals/finder/KCPC-2015/standings,Yes
,kuwait-2012,kuwait-2014,acpc-2013,1350,2012 Kuwait Collegiate Programming Contest,,,,,,,,,,
,kuwait-2011,kuwait-2012,acpc-2012,748,2011 Kuwait Collegiate Programming Contest,,,,,,,,,,
,kuwait-2010,kuwait-2011,acpc-2011,669,2010 Kuwait Collegiate Programming Contest,2010-10-16,,,,,,,,https://icpc.global/regionals/finder/KCPC-2011/standings,Yes
future,jordan-2026,-,acpc-2026,9694,2026 ICPC Jordanian Collegiate Programming Contest,,,,,,,,,,
,jordan-2025,jordan-2026,acpc-2025,9269,2025 ICPC Jordanian Collegiate Programming Contest,2025-09-26,,,,,https://scoreboard.acpc.global/jcpc2025/,,,https://icpc.global/regionals/finder/JCPC-2026/standings,Yes
,jordan-2024,jordan-2025,acpc-2024,8787,2024 ICPC Jordanian Collegiate Programming Contest,2024-11-09,,,,,https://scoreboard.acpc.global/jcpc2024/,,,https://icpc.global/regionals/finder/JCPC-2025/standings,Yes
,jordan-2023,jordan-2024,acpc-2023,7616,2023 ICPC Jordanian Collegiate Programming Contest,2023-11-04,,,,https://scoreboard.acpc.global/jcpc2023/,,,,https://icpc.global/regionals/finder/JCPC-2024/standings,Yes
,jordan-2022,jordan-2023,acpc-2022,5447,2022 ICPC Jordanian Collegiate Programming Contest,2022-10-15,,,,,,,,https://icpc.global/regionals/finder/JCPC-2023/standings,Yes
,jordan-2021,jordan-2022,acpc-2021,4816,2021 ICPC Jordanian Collegiate Programming Contest,2021-10-30,,,,,,,,https://icpc.global/regionals/finder/JCPC-2022/standings,Yes
,jordan-2020,jordan-2021,acpc-2020,4459,2020 Jordanian Collegiate Programming Contest,2020-12-26,,,,,,,,https://icpc.global/regionals/finder/JCPC-2021/standings,Yes
,jordan-2019,jordan-2020,acpc-2019,4047,2019 Jordanian Collegiate Programming Contest,2019-11-02,,,,,,,,https://icpc.global/regionals/finder/JCPC-2020/standings,Yes
,jordan-2018,jordan-2019,acpc-2018,3610,2018 Jordanian Collegiate Programming Contest,2018-10-06,,,,,,,,https://icpc.global/regionals/finder/JCPC-2019/standings,Yes
,jordan-2017,jordan-2018,acpc-2017,3355,2017 Jordanian Collegiate Programming Contest,2017-10-07,,,,https://codeforces.com/gym/101608/standings,,,,https://icpc.global/regionals/finder/JCPC-2018/standings,Yes
,jordan-2016,jordan-2017,acpc-2016,3176,2016 Jordanian Collegiate Programming Contest,2016-10-01,,,,,,,,https://icpc.global/regionals/finder/JCPC-2017/standings,Yes
,jordan-2015,jordan-2016,acpc-2015,2851,2015 Jordanian Collegiate Programming Contest,2015-08-15,,,,,,,,https://icpc.global/regionals/finder/JCPC-2016/standings,Yes
,jordan-2014,jordan-2015,acpc-2014,2643,2014 Jordanian Collegiate Programming Contest,2014-11-01,,,,,,,,https://icpc.global/regionals/finder/JCPC-2015/standings,Yes
,jordan-2013,jordan-2014,acpc-2013,2053,2013 Jordanian Collegiate Programming Contest,2013-11-16,,,https://web.archive.org/web/20131109042027/https://jordan.acmacpc.org/,,,,,https://icpc.global/regionals/finder/JCPC-2014/standings,Yes
,jordan-2012,jordan-2013,acpc-2012,1351,2012 Jordanian Collegiate Programming Contest,2012-11-17,,,,https://web.archive.org/web/20131118214849/http://www.acmacpc.org/jordan/Archive/JCPC2012Resultssummary.html,,,,https://icpc.global/regionals/finder/JCPC-2013/standings,Yes
,jordan-2011,jordan-2012,acpc-2011,929,2011 Jordanian Collegiate Programming Contest,2011-10-29,,,,https://web.archive.org/web/20131119235555/http://www.acmacpc.org/jordan/Archive/JCPC2011Resultssummary.html,,,,,Yes
future,syria-2026,-,acpc-2026,9709,2026 ICPC Syrian Collegiate Programming Contest,,,,,,,,,,
,syria-2025,syria-2026,acpc-2025,9296,2025 ICPC Syrian Collegiate Programming Contest,2025-09-14,,,,,,,,https://icpc.global/regionals/finder/SCPC-2026/standings,Yes
,syria-2024,syria-2025,acpc-2024,8792,2024 ICPC Syrian Collegiate Programming Contest,2024-08-15,,,,,,,,https://icpc.global/regionals/finder/SCPC-2025/standings,Yes
,syria-2023,syria-2024,acpc-2023,7620,2023 ICPC Syrian Collegiate Programming Contest,2023-08-24,,,,https://acpcsb.acpc.global/SCPC2023/,,,,https://icpc.global/regionals/finder/SCPC-2024/standings,Yes
,syria-2022,syria-2023,acpc-2022,5499,2022 ICPC Syrian Collegiate Programming Contest,2022-06-23,,,,,,,,https://icpc.global/regionals/finder/SCPC-2023/standings,Yes
,syria-2021,syria-2022,acpc-2021,4762,2021 ICPC Syrian Collegiate Programming Contest,2021-09-02,,,,,,,,https://icpc.global/regionals/finder/SCPC-2022/standings,Yes
,syria-2020,syria-2021,acpc-2020,4398,2020 Syrian Collegiate Programming Contest,2021-01-15,,,,,,,,https://icpc.global/regionals/finder/SCPC-2021/standings,Yes
,syria-2019,syria-2020,acpc-2019,4010,2019 Syrian Collegiate Programming Contest,2019-09-19,,,,,,,,https://icpc.global/regionals/finder/SCPC-2020/standings,Yes
,syria-2018,syria-2019,acpc-2018,3602,2018 Syrian Collegiate Programming Contest,2018-08-11,,,,,,,,https://icpc.global/regionals/finder/SCPC-2019/standings,Yes
,syria-2017,syria-2018,acpc-2017,3336,2017 Syrian Collegiate Programming Contest,2017-17-23,,,,,,,,https://icpc.global/regionals/finder/SCPC-2018/standings,Yes
,syria-2016,syria-2017,acpc-2016,3170,2016 Syrian Collegiate Programming Contest,2016-07-25,,,,,,,,https://icpc.global/regionals/finder/SCPC-2017/standings,Yes
,syria-2015,syria-2016,acpc-2015,2858,2015 Syrian Collegiate Programming Contest,2015-10-01,,,,,,,,https://icpc.global/regionals/finder/SCPC-2016/standings,Yes
,syria-2014,syria-2015,acpc-2014,2632,2014 Syrian Collegiate Programming Contest,2014-09-23,,,,https://codeforces.com/gym/100500/standings,,,,https://icpc.global/regionals/finder/SCPC-2015/standings,Yes
,syria-2013,syria-2014,acpc-2013,2055,2013 Syrian Collegiate Programming Contest,2013-11-06,,,,,,,,https://icpc.global/regionals/finder/SCPC-2014/standings,Yes
,syria-2012,syria-2013,acpc-2012,1353,2012 Syrian Collegiate Programming Contest,2012-11-21,,,,,,,,https://icpc.global/regionals/finder/SCPC-2013/standings,Yes
,syria-2011,syria-2012,acpc-2011,934,2011 Syrian Collegiate Programming Contest,2011-10-02,,,https://web.archive.org/web/20130103032335/http://syria.acm-acpc.org/,https://web.archive.org/web/20130102110139/https://syria.acm-acpc.org/index.php?option=com_content&view=article&id=8&Itemid=13,,,,https://icpc.global/regionals/finder/SCPC-2012/standings,Yes
future,morocco-2026,-,acpc-2026,9730,2026 ICPC Moroccan Collegiate Programming Contest,,,,,,,,,,
,morocco-2025,morocco-2026,acpc-2025,9295,2025 ICPC Moroccan Collegiate Programming Contest,,,,,,https://scoreboard.acpc.global/mcpc2025/,,,https://icpc.global/regionals/finder/MCPC-2026/standings,Yes
,morocco-2023,morocco-2025,acpc-2023,7612,2023 ICPC Moroccan Collegiate Programming Contest,,,,,,,,,,
,morocco-2022,morocco-2023,acpc-2022,5441,2022 ICPC Moroccan Collegiate Programming Contest,,,,,,,,,,
,morocco-2021,morocco-2022,acpc-2021,4822,2021 ICPC Moroccan Collegiate Programming Contest,2021-10-17,,,,,,,,https://icpc.global/regionals/finder/MCPC-2022/standings,Yes
,morocco-2020,morocco-2021,acpc-2020,4412,2020 Moroccan Collegiate Programming Contest,2020-12-26,,,,,,,,https://icpc.global/regionals/finder/MCPC-2021/standings,Yes
,morocco-2019,morocco-2020,acpc-2019,4041,2019 Moroccan Collegiate Programming Contest,2019-10-13,,,,,,,,https://icpc.global/regionals/finder/MCPC-2020/standings,Yes
,morocco-2018,morocco-2019,acpc-2018,3585,2018 Moroccan Collegiate Programming Contest,2018-10-14,,,,,,,,https://icpc.global/regionals/finder/MCPC-2019/standings,Yes
,morocco-2017,morocco-2018,acpc-2017,3353,2017 Moroccan Collegiate Programming Contest,2017-10-29,,,,,,,,https://icpc.global/regionals/finder/MCPC-2018/standings,Yes
,morocco-2016,morocco-2017,acpc-2016,3188,2016 Moroccan Collegiate Programming Contest,2016-10-23,,,,,,,,https://icpc.global/regionals/finder/MCPC-2017/standings,Yes
,morocco-2015,morocco-2016,acpc-2015,2864,2015 Moroccan Collegiate Programming Contest,2015-10-24,,,,,,,,https://icpc.global/regionals/finder/MCPC-2016/standings,Yes
,morocco-2014,morocco-2015,acpc-2014,2640,2014 Moroccan Collegiate Programming Contest,2014-10-26,,,,,,,,https://icpc.global/regionals/finder/MCPC-2015/standings,Yes
,morocco-2013,morocco-2014,acpc-2013,2052,2013 Moroccan Collegiate Programming Contest,2013-10-13,,,,,,,,https://icpc.global/regionals/finder/MCPC-2014/standings,Yes
,morocco-2012,morocco-2013,acpc-2012,1551,2012 Morocco Collegiate Programming Contest,2012-12-01,,,https://web.archive.org/web/20131126132008/http://morocco.acmacpc.org/,,,,,,
future,palestine-2026,-,acpc-2026,9708,2026 ICPC Palestinian Collegiate Programming Contest,,,,,,,,,,
,palestine-2025,palestine-2026,acpc-2025,9292,2025 ICPC Palestinian Collegiate Programming Contest,2025-10-16,,,,,,,,https://icpc.global/regionals/finder/PCPC-2026/standings,Yes
,palestine-2024,palestine-2025,acpc-2024,8785,2024 ICPC Palestinian Collegiate Programming Contest,2024-10-24,,,,,,,,https://icpc.global/regionals/finder/PCPC-2025/standings,Yes
,palestine-2023,palestine-2024,acpc-2023,7671,2023 ICPC Palestinian Collegiate Programming Contest,2023-09-10,,,,,https://scoreboard.acpc.global/gaza2023/,,,https://icpc.global/regionals/finder/PCPC-2024/standings,Yes
,palestine-2022,palestine-2023,acpc-2022,5452,2022 ICPC Palestinian Collegiate Programming Contest,2022-10-10,,,,https://acpcsb.acpc.global/,,,,https://icpc.global/regionals/finder/PCPC-2023/standings,Yes
,palestine-2021,palestine-2022,acpc-2021,4758,2021 ICPC Palestinian Collegiate Programming Contest,2021-09-23,,,,,,,,https://icpc.global/regionals/finder/PCPC-2022/standings,Yes
,palestine-2020,palestine-2021,acpc-2020,4432,2020 Palestinian Collegiate Programming Contest,2020-12-03,,,,,,,,https://icpc.global/regionals/finder/PCPC-2021/standings,Yes
,palestine-2019,palestine-2020,acpc-2019,4053,2019 Palestinian Collegiate Programming Contest,2019-11-10,,,,,,,,https://icpc.global/regionals/finder/PCPC-2020/standings,Yes
,palestine-2018,palestine-2019,acpc-2018,3584,2018 Palestinian Collegiate Programming Contest West Bank,2018-10-27,,,,,,,,,
,palestine-2017,palestine-2018,acpc-2017,3360,2017 Palestinian Collegiate Programming Contest West Bank,2017-10-12,,,,,,,,https://icpc.global/regionals/finder/PCPC-2018/standings,Yes
,palestine-2016,palestine-2017,acpc-2016,3190,2016 Palestinian Collegiate Programming Contest West Bank,2016-10-04,,,,,,,,https://icpc.global/regionals/finder/PCPC-2017/standings,Yes
,palestine-2015,palestine-2016,acpc-2015,2867,2015 Palestinian Collegiate Programming Contest West Bank,2015-10-28,,,,,,,,https://icpc.global/regionals/finder/PCPC-2016/standings,Yes
,palestine-2014,palestine-2015,acpc-2014,2626,2014 Palestinian Collegiate Programming Contest West Bank,2014-11-06,,,,,,,,,
,palestine-2013,palestine-2014,acpc-2013,2051,2013 Palestinian Collegiate Programming Contest West Bank,2013-10-31,,,,,,,,https://icpc.global/regionals/finder/PCPC-2014/standings,Yes
,palestine-2012,palestine-2013,acpc-2012,1488,2012 Palestinian Collegiate Programming Contest West Bank,,,,,,,,,,
,tunisia-2026,-,acpc-2026,9706,2026 ICPC Tunisian Collegiate Programming Contest,2026-03-28,,,,,,,,,
,tunisia-2025,tunisia-2026,acpc-2025,9293,2025 ICPC Tunisian Collegiate Programming Contest,2025-07-05,,,,,,,,https://icpc.global/regionals/finder/TCPC-2026/standings,Yes
,tunisia-2024,tunisia-2025,acpc-2024,8807,2024 ICPC Tunisian Collegiate Programming Contest,2024-09-05,,,,,,,,https://icpc.global/regionals/finder/TCPC-2025/standings,Yes
,tunisia-2023,tunisia-2024,acpc-2023,7636,2023 ICPC Tunisian Collegiate Programming Contest,2023-06-25,,,,,,,,https://icpc.global/regionals/finder/TCPC-2024/standings,Yes
,tunisia-2022,tunisia-2023,acpc-2022,5483,2022 ICPC Tunisian Collegiate Programming Contest,2022-09-11,,,,,,,,https://icpc.global/regionals/finder/TCPC-2023/standings,Yes
,tunisia-2021,tunisia-2022,acpc-2021,4769,2021 ICPC Tunisian Collegiate Programming Contest,2021-10-17,,,,,,,,https://icpc.global/regionals/finder/TCPC-2022/standings,Yes
,tunisia-2020,tunisia-2021,acpc-2020,4418,2020 Tunisian Collegiate Programming Contest,2020-12-26,,,,,,,,https://icpc.global/regionals/finder/TCPC-2021/standings,Yes
,tunisia-2019,tunisia-2020,acpc-2019,4023,2019 Tunisian Collegiate Programming Contest,2019-09-29,,,,,,,,https://icpc.global/regionals/finder/TCPC-2020/standings,Yes
,tunisia-2018,tunisia-2019,acpc-2018,3595,2018 Tunisian Collegiate Programming Contest,2018-06-24,,,https://web.archive.org/web/20180726145151/http://acmtcpc.org/,,,,,https://icpc.global/regionals/finder/TCPC-2019/standings,Yes
,tunisia-2017,tunisia-2018,acpc-2017,3350,2017 Tunisian Collegiate Programming Contest,2017-03-26,,,,,,,,https://icpc.global/regionals/finder/TCPC-2018/standings,Yes
,tunisia-2016,tunisia-2017,acpc-2016,3164,2016 Tunisian Collegiate Programming Contest,2016-03-24,,,,,,,,https://icpc.global/regionals/finder/TCPC-2017/standings,Yes
,tunisia-2015,tunisia-2016,acpc-2015,2854,2015 Tunisian Collegiate Programming Contest,2015-03-19,,,https://web.archive.org/web/20160110000121/http://acmtcpc.org/,,,,,https://icpc.global/regionals/finder/TCPC-2016/standings,Yes
,tunisia-2014,tunisia-2015,acpc-2014,2627,2014 Tunisian Collegiate Programming Contest,2014-08-28,,,https://web.archive.org/web/20140720102522/https://acmtcpc.org/,,,,,https://icpc.global/regionals/finder/TCPC-2015/standings,Yes
,tunisia-2013,tunisia-2014,acpc-2013,2076,2013 Tunisian Collegiate Programming Contest,2013-10-06,,,https://web.archive.org/web/20160205104433/http://acmtcpc.org/tcpc-2013.html,,,,,https://icpc.global/regionals/finder/TCPC-2014/standings,Yes
future,oman-2026,-,acpc-2026,9723,2026 ICPC Oman Collegiate Programming Contest,,,,,,,,,,
,oman-2025,oman-2026,acpc-2025,9309,2025 ICPC Oman Collegiate Programming Contest,2025-04-10,,,,,,,,https://icpc.global/regionals/finder/OCPC-2026/standings,Yes
,oman-2024,oman-2025,acpc-2024,8776,2024 ICPC Oman Collegiate Programming Contest,,,,,,,,,,
,oman-2023,oman-2024,acpc-2023,7656,2023 ICPC Oman Collegiate Programming Contest,2023-11-01,,,,,,,,,
,oman-2022,oman-2023,acpc-2022,5438,2022 ICPC Oman Collegiate Programming Contest,2022-10-31,,,,,,,,https://icpc.global/regionals/finder/OCPC-2023/standings,Yes
,oman-2021,oman-2022,acpc-2021,4754,2021 ICPC Oman Collegiate Programming Contest,2021-11-06,,,,,,,,https://icpc.global/regionals/finder/OCPC-2022/standings,Yes
,oman-2020,oman-2021,acpc-2020,4397,2020 Oman Collegiate Programming Contest,2021-01-21,,,,,,,,https://icpc.global/regionals/finder/OCPC-2021/standings,Yes
,oman-2019,oman-2020,acpc-2019,4022,2019 Oman Collegiate Programming Contest,2019-10-14,,,,,,,,https://icpc.global/regionals/finder/OCPC-2020/standings,Yes
,oman-2018,oman-2019,acpc-2018,3594,2018 Oman Collegiate Programming Contest,2018-10-17,,,,,,,,,
,oman-2017,oman-2018,acpc-2017,3335,2017 Oman Collegiate Programming Contest,2017-11-01,,,,,,,,https://icpc.global/regionals/finder/OCPC-2018/standings,Yes
,oman-2016,oman-2017,acpc-2016,3228,2016 Oman Collegiate Programming Contest,2016-04-27,,,,,,,,https://icpc.global/regionals/finder/OCPC-2017/standings,Yes
,oman-2014,oman-2016,acpc-2014,2631,2014 Oman Collegiate Programming Contest,2014-04-23,,,,,,,,https://icpc.global/regionals/finder/OCPC-2015/standings,Yes
,oman-2013,oman-2014,acpc-2013,2065,2013 Oman Collegiate Programming Contest,2013-01-20,,,,,,,,https://icpc.global/regionals/finder/OCPC-2014/standings,Yes
future,algeria-2026,-,acpc-2026,9707,2026 ICPC Algerian Collegiate Programming Contest,,,,,,,,,,
,algeria-2025,algeria-2026,acpc-2025,9284,2025 ICPC Algerian Collegiate Programming Contest,,,,,,,,,,
,algeria-2024,algeria-2025,acpc-2024,8782,2024 ICPC Algerian Collegiate Programming Contest,,,,,,,,,,
,algeria-2023,algeria-2024,acpc-2023,7657,2023 ICPC Algerian Collegiate Programming Contest,2023-09-17,,,,,https://scoreboard.acpc.global/alcpc2023/,,,https://icpc.global/regionals/finder/ALCPC-2024/standings,Yes
,algeria-2022,algeria-2023,acpc-2022,5444,2022 ICPC Algerian Collegiate Programming Contest,2022-10-10,,,,,,,,https://icpc.global/regionals/finder/ALCPC-2023/standings,Yes
,algeria-2021,algeria-2022,acpc-2021,4756,2021 ICPC Algerian Collegiate Programming Contest,2021-10-17,,,,,,,,https://icpc.global/regionals/finder/ALCPC-2022/standings,Yes
,algeria-2020,algeria-2021,acpc-2020,4591,2020 Algerian Collegiate Programming Contest,2020-12-26,,,,,,,,https://icpc.global/regionals/finder/ALCPC-2021/standings,Yes
,algeria-2018,algeria-2020,acpc-2018,3779,2018 Algerian Collegiate Programming Contest,2018-10-02,,,,,,,,,
,algeria-2014,algeria-2018,acpc-2014,2694,2014 Algerian Collegiate Programming Contest,2014-10-24,,,,,,,,,
,bahrain-2023,-,acpc-2023,7615,2023 ICPC Bahrain Collegiate Programming Contest,,,,,,,,,,
,bahrain-2022,bahrain-2023,acpc-2022,5497,2022 ICPC Bahrain Collegiate Programming Contest,,,,,,,,,,
,bahrain-2021,bahrain-2022,acpc-2021,4784,2021 ICPC Bahrain Collegiate Programming Contest,2021-11-06,,,,,,,,https://icpc.global/regionals/finder/BaCPC-2022/standings,Yes
,bahrain-2020,bahrain-2021,acpc-2020,4411,2020 Bahrain Collegiate Programming Contest,2021-02-09,,,,,,,,https://icpc.global/regionals/finder/BaCPC-2021/standings,Yes
,bahrain-2019,bahrain-2020,acpc-2019,4277,2019 Bahrain Collegiate Programming Contest,2019-10-16,,,,,,,,https://icpc.global/regionals/finder/BaCPC-2020/standings,Yes
future,qatar-2026,-,acpc-2026,9722,2026 ICPC Qatar Collegiate Programming Contest,,,,,,,,,,
,qatar-2025,qatar-2026,acpc-2025,9308,2025 ICPC Qatar Collegiate Programming Contest,2025-09-27,,,,,,,,https://icpc.global/regionals/finder/QCPC-2026/standings,Yes
,qatar-2024,qatar-2025,acpc-2024,8784,2024 ICPC Qatar Collegiate Programming Contest,2024-09-28,,,,,,,,https://icpc.global/regionals/finder/QCPC-2025/standings,Yes
,qatar-2023,qatar-2024,acpc-2023,7630,2023 ICPC Qatar Collegiate Programming Contest,2023-09-23,,,,,https://scoreboard.acpc.global/qcpc2023/,,,https://icpc.global/regionals/finder/QCPC-2024/standings,Yes
,qatar-2022,qatar-2023,acpc-2022,5451,2022 ICPC Qatar Collegiate Programming Contest,2022-08-06,,,,,,,,https://icpc.global/regionals/finder/QCPC-2023/standings,Yes
,qatar-2021,qatar-2022,acpc-2021,4783,2021 ICPC Qatar Collegiate Programming Contest,2021-10-23,,,,,,,,,
,qatar-2020,qatar-2021,acpc-2020,4593,2020 Qatar Collegiate Programming Contest,2021-01-21,,,,,,,,https://icpc.global/regionals/finder/QCPC-2021/standings,Yes
,sudan-2024,-,acpc-2024,8822,2024 ICPC Sudanese Collegiate Programming Contest,,,,,,,,,,
,sudan-2023,sudan-2024,acpc-2023,7628,2023 ICPC Sudanese Collegiate Programming Contest,,,,,,,,,,
,sudan-2022,sudan-2023,acpc-2022,5498,2022 ICPC Sudanese Collegiate Programming Contest,2022-10-06,,,,,,,,https://icpc.global/regionals/finder/SdCPC-2023/standings,Yes
,sudan-2021,sudan-2022,acpc-2021,4821,2021 ICPC Sudanese Collegiate Programming Contest,2021-11-06,,,,,,,,https://icpc.global/regionals/finder/SdCPC-2022/standings,Yes
,sudan-2020,sudan-2021,acpc-2020,4592,2020 Sudanese Collegiate Programming Contest,2021-01-21,,,,,,,,https://icpc.global/regionals/finder/SdCPC-2021/standings,Yes
future,saudi-arabia-2026,-,acpc-2026,9701,2026 ICPC Saudi Collegiate Programming Contest,,,,,,,,,,
,saudi-arabia-2025,saudi-arabia-2026,acpc-2025,9287,2025 ICPC Saudi Collegiate Programming Contest,,,,,,,,,,
,saudi-arabia-2024,saudi-arabia-2025,acpc-2024,8828,2024 ICPC Saudi Collegiate Programming Contest,,,,,,,,,,
,saudi-arabia-2023,saudi-arabia-2024,acpc-2023,7650,2023 ICPC Saudi Collegiate Programming Contest,,,,,,,,,,
,saudi-arabia-2022,saudi-arabia-2023,acpc-2022,5696,2022 ICPC Saudi Collegiate Programming Contest,2022-09-18,,,,,,,,https://icpc.global/regionals/finder/SaudiCPC-2023/standings,Yes
,south-africa-2019,-,acpc-2019,4056,2019 South Africa Regional Contest,2019-10-06,,,https://acm.cs.up.ac.za/,https://acm.cs.up.ac.za/Files2019/standings_Final_V3.pdf,,,,https://icpc.global/regionals/finder/South-Africa-2020/standings,Yes
,south-africa-2018,south-africa-2019,acpc-2018,3562,2018 South Africa Regional Contest,2018-10-20,,,https://web.archive.org/web/20190804012937/https://acm.cs.up.ac.za/,,,https://web.archive.org/web/20181123023842/http://acm.cs.up.ac.za/Standings/standings_V1.pdf,,https://icpc.global/regionals/finder/South-Africa-2019/standings,Yes
,south-africa-2017,south-africa-2018,acpc-2017,3328,2017 South Africa Regional Contest,2017-10-21,,,https://web.archive.org/web/20181004231041/http://acm.cs.up.ac.za:80/,,,,,https://icpc.global/regionals/finder/South-Africa-2018/standings,Yes
,south-africa-2016,south-africa-2017,acpc-2016,3158,2016 South Africa Regional Contest,2016-10-15,,,https://web.archive.org/web/20170807084108/http://acm.cs.up.ac.za:80/,,,,,,
,south-africa-2015,south-africa-2016,acpc-2015,2869,2015 South Africa Regional Contest,2015-10-24,,,https://web.archive.org/web/20160909165210/http://acm.cs.up.ac.za:80/,,,,,https://icpc.global/regionals/finder/South-Africa-2016/standings,Yes
,south-africa-2014,south-africa-2015,acpc-2014,2624,2014 South Africa Regional Contest,2014-10-04,,,https://web.archive.org/web/20150624044058/http://acm.cs.up.ac.za:80/,,,,,https://icpc.global/regionals/finder/South-Africa-2015/standings,Yes
,south-africa-2013,south-africa-2014,acpc-2013,2064,2013 South Africa Regional Contest,2013-10-12,,,https://web.archive.org/web/20140816180701/http://acm.cs.up.ac.za:80/,,,,,,
,south-africa-2012,south-africa-2013,acpc-2012,1354,2012 South Africa Regional Contest,2012-10-20,,,https://web.archive.org/web/20130208120106/http://acm.cs.up.ac.za:80/,,,,,https://icpc.global/regionals/finder/South-Africa-2013/standings,Yes
,south-africa-2011,south-africa-2012,acpc-2011,750,2011 South Africa Regional Contest,2011-10-15,,,,,,,,https://icpc.global/regionals/finder/South-Africa-2012/standings,Yes
,south-africa-2010,south-africa-2011,acpc-2010,579,2010 South Africa Regional Contest,2010-10-16,,,,,,,,https://icpc.global/regionals/finder/South-Africa-2011/standings,Yes
,south-africa-2009,south-africa-2010,acpc-2009,513,2009 South Africa Regional Contest,2009-10-10,,,https://web.archive.org/web/20091216193723/http://acm.cs.up.ac.za:80/,,,,,https://icpc.global/regionals/finder/South-Africa-2010/standings,Yes
,south-africa-2008,south-africa-2009,acpc-2008,4,2008 South African Regional Contest,2008-10-11,,,,,,,,,
,south-africa-2007,south-africa-2008,wf-2008,1185,2007 ACM South Africa Programming Contest,2007-10-20,,,,https://web.archive.org/web/20080113052621/http://acm.cs.up.ac.za:80/cgi-bin/standings.pl,,https://web.archive.org/web/20080915032242/http://icpc.baylor.edu/icpc/regionals/ViewRegionalStandings.asp?ContestID=840,,,Yes
,south-africa-2006,south-africa-2007,wf-2007,1232,2006 ACM South Africa Programming Contest,2006-10-14,,,https://web.archive.org/web/20071011155423/http://acm.cs.up.ac.za/Report2006.html,,,https://web.archive.org/web/20071011212908/http://icpc.baylor.edu/icpc/regionals/ViewRegionalStandings.asp?ContestID=757,,,Yes
,south-africa-2005,south-africa-2006,wf-2006,1143,2005 ACM South Africa Programming Contest,2005-10-15,,,,,,https://web.archive.org/web/20071011212803/http://icpc.baylor.edu/icpc/regionals/ViewRegionalStandings.asp?ContestID=715,,,Yes
,south-africa-2004,south-africa-2005,wf-2005,1233,2004 ACM South Africa Programming Contest,2004-10-09,,,,,,https://web.archive.org/web/20071012162821/http://icpc.baylor.edu/icpc/regionals/ViewRegionalStandings.asp?ContestID=681,,,Yes
,south-africa-2003,south-africa-2004,wf-2004,1181,2003 ACM South Africa Programming Contest,2003-10-18,,,https://web.archive.org/web/20090129192618/http://acm.cs.up.ac.za/Previous/2003/index.html,,,https://web.archive.org/web/20071012205837/http://icpc.baylor.edu/icpc/regionals/ViewRegionalStandings.asp?ContestID=639,,,Yes
,south-africa-2002,south-africa-2003,wf-2003,1020,2002 ACM South Africa Programming Contest,2002-10-05,,,https://web.archive.org/web/20090129164612/http://acm.cs.up.ac.za/Previous/2002/index.html,,,,https://web.archive.org/web/20090307020228/http://icpc.baylor.edu/past/icpc2003/Regionals/Reports/icpc.baylor.edu/icpc/regionals/ViewRegionalStandings40b7.html?ContestID=565,,Yes
,south-africa-2001,south-africa-2002,wf-2002,1288,2001 ACM South Africa Programming Contest,2001-09-15,,,,,,,https://web.archive.org/web/20090102030955/http://icpc.baylor.edu/Past/icpc2002/regionals/ViewRegionalStandings.asp?ContestID=497,,Yes
,south-africa-2000,south-africa-2001,wf-2001,1141,2000 ACM South Africa Programming Contest,2000-09-16,,,,,,,https://web.archive.org/web/20060901130846/http://icpc.baylor.edu/past/icpc2001/regionals/ViewRegionalStandings.asp?ContestID=432,,Yes
,south-africa-1999,south-africa-2000,wf-2000,1038,1999 ACM South Africa Programming Contest,1999-09-18,,,,,,https://web.archive.org/web/20020112020432/http://icpc.baylor.edu/past/icpc2000/regionals/SAfrica99/Standings.html,,,Yes
,togo-2023,-,acpc-2023,7635,2023 ICPC Togolese Collegiate Programming Contest,,,,,,,,,,
,togo-2022,togo-2023,acpc-2022,5440,2022 ICPC Togolese Collegiate Programming Contest,,,,,,,,,,
,togo-2021,togo-2022,acpc-2021,4820,2021 ICPC Togolese Collegiate Programming Contest,2021-11-06,,,,,,,,https://icpc.global/regionals/finder/TogoCPC-2022/standings,Yes
,togo-2020,togo-2021,acpc-2020,4410,2020 Togolese Collegiate Programming Contest,2021-01-23,,,,,,,,https://icpc.global/regionals/finder/TogoCPC-2021/standings,Yes
,togo-2019,togo-2020,acpc-2019,4052,2019 Togolese Collegiate Programming Contest,2019-08-31,,,,,,,,,
,togo-2017,togo-2019,south-africa-2017,3331,2017 Togolese Collegiate Programming Contest,2017-05-13,,,,,,,,https://icpc.global/regionals/finder/TCPC-SA-2018/standings,Yes
,togo-2016,togo-2017,south-africa-2016,3160,2016 Togolese Collegiate Programming Contest,2016-03-19,,,,,,,,https://icpc.global/regionals/finder/TCPC-SA-2017/standings,Yes
,burkina-faso-2017,-,south-africa-2017,3333,2017 Burkinabe Collegiate Programming Contest,2017-05-08,,,,,,,,https://icpc.global/regionals/finder/BuCPC-SA-2018/standings,Yes
,burkina-faso-2016,burkina-faso-2017,south-africa-2016,3162,2016 Burkinabe Collegiate Programming Contest,2016-04-16,,,,,,,,https://icpc.global/regionals/finder/BuCPC-SA-2017/standings,Yes
,benin-2023,-,acpc-2023,7611,2023 ICPC Beninese Collegiate Programming Contest,,,,,,,,,,
,benin-2022,benin-2023,acpc-2022,5453,2022 ICPC Beninese Collegiate Programming Contest,,,,,,,,,,
,benin-2021,benin-2022,acpc-2021,4755,2021 ICPC Beninese Collegiate Programming Contest,2021-11-06,,,,,,,,https://icpc.global/regionals/finder/BCPC-2022/standings,Yes
,benin-2020,benin-2021,acpc-2020,4405,2020 Beninese Collegiate Programming Contest,2021-01-23,,,,,,,,https://icpc.global/regionals/finder/BCPC-2021/standings,Yes
,benin-2019,benin-2020,acpc-2019,4037,2019 Beninese Collegiate Programming Contest,2019-08-31,,,,,,,,https://icpc.global/regionals/finder/BeninBCPC-2020/standings,Yes
,benin-2017,benin-2019,south-africa-2017,3329,2017 Beninese Collegiate Programming Contest,2017-05-13,,,,,,,,https://icpc.global/regionals/finder/BCPC-2018/standings,Yes
,benin-2016,benin-2017,south-africa-2016,3159,2016 Beninese Collegiate Programming Contest,2016-03-05,,,,,,,,https://icpc.global/regionals/finder/BCPC-2017/standings,Yes
,nigeria-2023,-,acpc-2023,7658,2023 ICPC Nigerian Collegiate Programming Contest,,,,,,,,,,
,nigeria-2022,nigeria-2023,acpc-2022,5437,2022 ICPC Nigerian Collegiate Programming Contest,,,,,,,,,,
,nigeria-2021,nigeria-2022,acpc-2021,4825,2021 ICPC Nigerian Collegiate Programming Contest,2021-11-06,,,,,,,,https://icpc.global/regionals/finder/NigeriaCPC-2022/standings,Yes
,nigeria-2020,nigeria-2021,acpc-2020,4458,2020 Nigerian Collegiate Programming Contest,2021-01-21,,,,,,,,https://icpc.global/regionals/finder/NigeriaCPC-2021/standings,Yes
,nigeria-2019,nigeria-2020,acpc-2019,4038,2019 Nigerian Collegiate Programming Contest,2019-09-14,,,,,,,,https://icpc.global/regionals/finder/NigeriaCPC-2020/standings,Yes
,nigeria-2017,nigeria-2019,south-africa-2017,3330,2017 Nigerien Collegiate Programming Contest,2017-05-13,,,,,,,,https://icpc.global/regionals/finder/NCPC-SA-2018/standings,Yes
,nigeria-2016,nigeria-2017,south-africa-2016,3161,2016 Nigerien Collegiate Programming Contest,2016-04-09,,,,,,,,https://icpc.global/regionals/finder/NCPC-SA-2017/standings,Yes
future,ethiopia-2026,-,acpc-2026,9728,2026 ICPC Ethiopian Collegiate Programming Contest,,,,,,,,,,
,ethiopia-2025,ethiopia-2026,acpc-2025,9294,2025 ICPC Ethiopian Collegiate Programming Contest,2025-08-29,,,,,,,,https://icpc.global/regionals/finder/EtCPC-2026/standings,Yes
,ethiopia-2024,ethiopia-2025,acpc-2024,8791,2024 ICPC Ethiopian Collegiate Programming Contest,2024-10-29,,,,,,,,https://icpc.global/regionals/finder/EtCPC-2025/standings,Yes
,ethiopia-2023,ethiopia-2024,acpc-2023,7676,2023 ICPC Ethiopian Collegiate Programming Contest,2023-09-22,,,,,,,,https://icpc.global/regionals/finder/EtCPC-2024/standings,Yes
,ethiopia-2022,ethiopia-2023,acpc-2022,5481,2022 ICPC Ethiopian Collegiate Programming Contest,2022-09-18,,,,,,,,,
,ethiopia-2021,ethiopia-2022,acpc-2021,4787,2021 ICPC Ethiopian Collegiate Programming Contest,2021-09-23,,,,,,,,https://icpc.global/regionals/finder/EtCPC-2022/standings,Yes
,ethiopia-2020,ethiopia-2021,acpc-2020,4588,2020 Ethiopian Collegiate Programming Contest,2020-12-30,,,,,,,,https://icpc.global/regionals/finder/EtCPC-2021/standings,Yes
,ethiopia-2019,ethiopia-2020,south-africa-2019,4057,2019 Ethiopian Collegiate Programming Contest,2019-10-05,,,,,,,,,
,ethiopia-2018,ethiopia-2019,south-africa-2018,3567,2018 Ethiopian Collegiate Programming Contest,2018-10-06,,,,,,,,https://icpc.global/regionals/finder/SA-ECPC-2019/standings,Yes
,ethiopia-2017,ethiopia-2018,south-africa-2017,3332,2017 Ethiopian Collegiate Programming Contest,2017-09-23,,,,,,,,https://icpc.global/regionals/finder/SA-ECPC-2018/standings,Yes
,ethiopia-2016,ethiopia-2017,south-africa-2016,3237,2016 Ethiopian Collegiate Programming Contest,2016-10-01,,,,,,,,https://icpc.global/regionals/finder/SA-ECPC-2017/standings,Yes
,senegal-2017,-,south-africa-2017,3468,2017 Senegalese Collegiate Programming Contest,2017-05-13,,,,,,,,,
,ivory-coast-2017,-,south-africa-2017,3467,2017 Ivorian Collegiate Programming Contest,2017-05-13,,,,,,,,,
future,angola-2026,-,acpc-2026,9729,2026 ICPC Angolan Collegiate Programming Contest,,,,,,,,,,
,angola-2025,angola-2026,acpc-2025,9268,2025 ICPC Angolan Collegiate Programming Contest,2025-10-17,,,,,,,,https://icpc.global/regionals/finder/AOCPC-2026/standings,Yes
,angola-2024,angola-2025,acpc-2024,8780,2024 ICPC Angolan Collegiate Programming Contest,2024-10-11,,,,,,,,https://icpc.global/regionals/finder/AOCPC-2025/standings,Yes
,angola-2023,angola-2024,acpc-2023,7633,2023 ICPC Angolan Collegiate Programming Contest,2023-09-22,,,,,https://scoreboard.acpc.global/aocpc2023/,,,https://icpc.global/regionals/finder/AOCPC-2024/standings,Yes
,angola-2022,angola-2023,acpc-2022,5506,2022 ICPC Angolan Collegiate Programming Contest,2022-10-07,,,,,,,,https://icpc.global/regionals/finder/AOCPC-2023/standings,Yes
,angola-2021,angola-2022,acpc-2021,4785,2021 ICPC Angolan Collegiate Programming Contest,2021-11-10,,,,,,,,https://icpc.global/regionals/finder/AOCPC-2022/standings,Yes
,angola-2020,angola-2021,acpc-2020,4416,2020 Angolan Collegiate Programming Contest,2020-12-30,,,,,,,,https://icpc.global/regionals/finder/AOCPC-2021/standings,Yes
,angola-2019,angola-2020,acpc-2019,4058,2019 Angolan Collegiate Programming Contest,2019-09-07,,,,,,,,https://icpc.global/regionals/finder/AOCPC-2020/standings,Yes
,angola-2018,angola-2019,south-africa-2018,3565,2018 Angolan Collegiate Programming Contest,2018-09-07,,,,,,,,,
,angola-2017,angola-2018,south-africa-2017,3490,2017 Angolan Collegiate Programming Contest,2017-09-30,,,,,,,,,
future,awc-2026,-,wf-2027,9650,2026 ICPC Asia West Continent Championship Contest,,,,,,,,,,
,awc-2025,awc-2026,wf-2026,9232,2025 ICPC Asia West Continent Championship Contest,2026-03-08,,,,,,https://icpcasiawest.vercel.app/results?session=94014565-8795-4278-b03c-33187bea12ae,,https://icpc.global/regionals/finder/AWCChampionshipContest-2026/standings,Yes
,awc-2024,awc-2025,wf-2025,8857,2024 ICPC Asia West Continent Final Contest,2025-03-08,,,,,,https://icpcasiawest.vercel.app/results?session=1f1672dc-34bd-4bb1-8e58-a751ba2ff12c,,,Yes
,awc-2023,awc-2024,wf-2024,7470,2023 ICPC Asia West Continent Final Contest,2024-03-30,,,http://web.archive.org/web/20240419050828/https://discuss.codedrills.io/t/icpc-asia-west-continent-final-contest-2023/4435,,,,,https://icpc.global/regionals/finder/ICPCKolkataKanpur-2024/standings,Yes
,awc-2022,awc-2023,wf-2023,5637,2022 ICPC Asia West Continent Final Contest,2023-05-20,,,https://icpc.green.edu.bd/,http://web.archive.org/web/20230531214941/https://algo.codemarshal.org/contests/dhaka-22/standings,,,,,Yes
,awc-2021,awc-2022,wf-2022,4827,2021 ICPC Asia West Continent Final Contest,2022-12-24,,,https://giki.edu.pk/2022/12/26/event-report-the-icpc-asia-west-continent-finals-2021/,http://web.archive.org/web/20250814041710/https://icpc.codedrills.io/contests/icpc-asia-west-continent-finals-2021/scoreboard,,,,,Yes
,awc-2019,awc-2021,wf-2020,4107,2019 ICPC Asia -West Continent Final Contest,2020-01-15,,,,http://web.archive.org/web/20230926052823/https://algo.codemarshal.org/contests/awf-19/standings,,,,,Yes
future,dhaka-2026,-,awc-2026,9656,2026 ICPC Asia Dhaka Regional Contest,,,,,,,,,,
,dhaka-2025,dhaka-2026,awc-2025,9239,2025 ICPC Asia Dhaka Regional Contest,2025-12-20,,,,,,,,,
,dhaka-2024,dhaka-2025,awc-2024,8861,2024 ICPC Asia Dhaka Regional Contest,2024-12-07,,,,,,,,,
,dhaka-2023,dhaka-2024,awc-2023,7471,2023 ICPC Asia Dhaka Regional Contest,2023-11-04,,,,,,,,,
,dhaka-2022,dhaka-2023,awc-2022,5642,2022 ICPC Asia Dhaka Regional Contest,2023-03-11,,,,http://web.archive.org/web/20230325150924/https://algo.codemarshal.org/contests/dhaka-22/standings,,,,,Yes
,dhaka-2021,dhaka-2022,awc-2021,4832,2021 ICPC Asia Dhaka Regional Contest,2022-10-08,,,,https://web.archive.org/web/20221128083125/https://algo.codemarshal.org/contests/dhaka-21-main/standings,,,,,Yes
,dhaka-2020,dhaka-2021,wf-2021,4496,2020 ICPC Asia Dhaka Regional Contest,2021-08-14,,,,https://web.archive.org/web/20210919070116/https://algo.codemarshal.org/contests/icpc-dhaka-20/standings,,,,,Yes
,dhaka-2019,dhaka-2020,awc-2019,4086,2019 ICPC Asia Dhaka Regional Contest,2019-11-16,,,,https://web.archive.org/web/20191209190822/https://algo.codemarshal.org/contests/icpc-dhaka-19-onsite-main/standings,,,,,Yes
,dhaka-2018,dhaka-2019,wf-2019,3518,2018 ICPC Asia Dhaka Regional Contest,2018-11-10,,,,http://web.archive.org/web/20181121065606/http://algo.codemarshal.org/contests/icpc-dhaka-18/standings,,,,,Yes
,dhaka-2017,dhaka-2018,wf-2018,3439,2017 ACM-ICPC Asia Dhaka Regional Contest,2017-11-11,,,,https://web.archive.org/web/20171112053337/https://algo.codemarshal.org/contests/icpc-dhaka-17/standings,,,,,Yes
,dhaka-2016,dhaka-2017,wf-2017,3091,2016 ACM-ICPC Asia Dhaka Regional Contest,2016-11-19,,,,https://web.archive.org/web/20161121070517/https://algo.codemarshal.org/contests/ICPCDH2016/standings,,,,,Yes
,dhaka-2015,dhaka-2016,wf-2016,2907,2015 ACM-ICPC Asia Dhaka Regional Contest,2015-11-14,,,,https://web.archive.org/web/20151116215727/https://algo.codemarshal.org/contests/icpcdhaka2015/standings,,,,,Yes
,dhaka-2014,dhaka-2015,wf-2015,2619,2014 ACM-ICPC Asia Dhaka Regional Contest,2014-12-06,,,,https://web.archive.org/web/20161117031418/https://algo.codemarshal.org/contests/acm-icpc-2014-dhaka-live/standings,,,,,Yes
,dhaka-2013,dhaka-2014,wf-2014,1903,2013 ACM-ICPC Asia Dhaka Regional Contest,2013-12-06,,,,https://web.archive.org/web/20131216034555/http://www.northsouth.edu/acm-icpc-2013/Final_Standing_2013.html,,,,https://icpc.global/regionals/finder/Dhaka-2014/standings,Yes
,dhaka-2012,dhaka-2013,wf-2013,1365,2012 ACM-ICPC Asia Dhaka Regional Contest,2012-12-08,,,https://web.archive.org/web/20130102184828/http://icpcdhaka2012.daffodilvarsity.edu.bd/,https://web.archive.org/web/20140913042311/http://icpcdhaka2012.daffodilvarsity.edu.bd/assets/uploads/files/files/02fce-Summary-ACM-ICPCDhaka2012.pdf,,,,https://icpc.global/regionals/finder/Dhaka-2013/standings,Yes
,dhaka-2011,dhaka-2012,wf-2012,802,2011 ACM-ICPC Asia Dhaka Regional Contest,2011-11-19,,,,https://web.archive.org/web/20120703043256/http://www.northsouth.edu/acm/Final_Standing_2011.htm,,,,https://icpc.global/regionals/finder/Dhaka-2012/standings,Yes
,dhaka-2010,dhaka-2011,wf-2011,602,2010 ACM-ICPC Asia Dhaka Regional Contest,2010-11-06,,,,,,https://web.archive.org/web/20120324034237/https://www.northsouth.edu/acm/Result2010.pdf,,,Yes
,dhaka-2009,dhaka-2010,wf-2010,499,2009 ACM-ICPC Asia Dhaka Regional Contest,2009-10-24,,,https://web.archive.org/web/20100527094125/http://www.northsouth.edu/acm/index.htm,,,,,https://icpc.global/regionals/finder/Dhaka-2010/standings,Yes
,dhaka-2008,dhaka-2009,wf-2009,10,2008 Asia Dhaka Contest,2008-11-08,,,https://web.archive.org/web/20090619070757/http://www.northsouth.edu/acm/index.htm,,,,,,
,dhaka-2007,dhaka-2008,wf-2008,1169,2007 ACM Asia Programming Contest - Dhaka,2007-12-08,,,,,,https://web.archive.org/web/20080915032428/http://icpc.baylor.edu/icpc/regionals/ViewRegionalStandings.asp?ContestID=863,,,Yes
,dhaka-2006,dhaka-2007,wf-2007,1204,2006 ACM Asia Programming Contest - Dhaka,2006-09-23,,,https://web.archive.org/web/20080820194313/http://www.northsouth.edu/acm/Report_Dhaka_Site.pdf,,,https://web.archive.org/web/20081220154856/http://icpc.baylor.edu/icpc/regionals/ViewRegionalStandings.asp?ContestID=782,,,Yes
,dhaka-2005,dhaka-2006,wf-2006,1129,2005 ACM Asia Programming Contest - Dhaka,2005-09-23,,,https://web.archive.org/web/20081121032027/http://www.northsouth.edu/html/acm/report.htm,,,https://web.archive.org/web/20080715112411/http://icpc.baylor.edu/icpc/regionals/ViewRegionalStandings.asp?ContestID=740,,,Yes
,dhaka-2004,dhaka-2005,wf-2005,954,2004 ACM Asia Programming Contest - Dhaka,2004-10-08,,,https://web.archive.org/web/20081121031614/http://www.northsouth.edu/html/acm/dhakasit.pdf,,,https://web.archive.org/web/20080715123456/http://icpc.baylor.edu/icpc/regionals/ViewRegionalStandings.asp?ContestID=706,,,Yes
,dhaka-2003,dhaka-2004,wf-2004,1119,2003 ACM Asia Programming Contest - Dhaka,2003-11-13,,,https://web.archive.org/web/20050819081655/http://www.buet.ac.bd/acmicpc/rcd_dhaka.html,,,https://web.archive.org/web/20071012210050/http://icpc.baylor.edu/icpc/regionals/ViewRegionalStandings.asp?ContestID=664,,,Yes
,dhaka-2002,dhaka-2003,wf-2003,951,2002 ACM Asia Programming Contest - Dhaka,2002-11-28,,,https://web.archive.org/web/20060901161607/http://icpc.baylor.edu/past/icpc2003/regionals/Reports/www.buet.ac.bd/acmicpc/index.html,https://web.archive.org/web/20030503021634f/http://www.buet.ac.bd/acmicpc/tableweb.htm,,https://web.archive.org/web/20060901161632/http://icpc.baylor.edu/past/icpc2003/regionals/Reports/www.buet.ac.bd/acmicpc/ViewStandings.htm,https://web.archive.org/web/20090307020244/http://icpc.baylor.edu/past/icpc2003/Regionals/Reports/icpc.baylor.edu/icpc/regionals/ViewRegionalStandings55d7.html?ContestID=591,,Yes
,dhaka-2001,dhaka-2002,wf-2002,1238,2001 ACM Asia Programming Contest - Dhaka,2001-11-10,,,http://web.archive.org/web/20020923084502/http://www.buet.ac.bd/acm/,,,"http://web.archive.org/web/20020324081137/http://www.buet.ac.bd/acm/standings.html, https://web.archive.org/web/20050220221932/http://swt.edu/~ch01/Rankings2001/standingsDhaka.htm",,,Yes
,dhaka-1999,dhaka-2001,wf-2000,1027,"1999 ACM Asia Programming Contest, Dhaka",1999-11-25,,,,,,https://web.archive.org/web/20050212215959/http://www.swt.edu/%7Ech01/rankings1999/Rank_dhaka99.htm,,,Yes
,dhaka-1998,dhaka-1999,wf-1999,1199,"1998 ACM Asia Programming Contest, Dhaka",1998-11-17,,,,,,"https://web.archive.org/web/20050222101043/http://www.swt.edu/~ch01/dhakaranking98.htm, https://web.archive.org/web/19990129070128/http://www.northsouth.edu/standing.htm",,,Yes
,dhaka-1997,dhaka-1998,wf-1998,pre-cms,Asia Regional/Dhaka,,,,,,,https://web.archive.org/web/20050215073928/http://swt.edu/~ch01/Dhaka97rank.html,,,Yes
future,tehran-2026,-,awc-2026,9663,2026 ICPC Asia Tehran Regional Contest,,,,,,,,,,
,tehran-2025,tehran-2026,awc-2025,9233,2025 ICPC Asia Tehran Regional Contest,2025-12-26,,,,https://icpc.ir/2025/scoreboard/,,,,https://icpc.global/regionals/finder/Tehran-2026/standings,Yes
,tehran-2024,tehran-2025,awc-2024,8874,2024 ICPC Asia Tehran Regional Contest,2024-12-20,,,,https://web.archive.org/web/20250526082710/https://icpc.sharif.edu/2024/scoreboard/,,,,,Yes
,tehran-2023,tehran-2024,awc-2023,7489,2023 ICPC Asia Tehran Regional Contest,2024-05-31,,,,https://web.archive.org/web/20251011191808/https://icpc.sharif.edu/2023/scoreboard/,,,,,Yes
,tehran-2022,tehran-2023,awc-2022,5662,2022 ICPC Asia Tehran Regional Contest,2023-04-28,,,http://web.archive.org/web/20240228214742/https://icpc.ir/2022/info,https://web.archive.org/web/20230601122212/http://icpc.sharif.edu/2022/scoreboard/,,,,,Yes
,tehran-2020,tehran-2022,wf-2021,4498,2020 ICPC Asia Tehran Regional Contest,2020-12-31,,,,https://web.archive.org/web/20250516105533/https://icpc.sharif.edu/2020/scoreboard/,,,,,Yes
,tehran-2019,tehran-2020,awc-2019,4088,2019 ICPC Asia Tehran Regional Contest,2019-12-20,,,,https://web.archive.org/web/20250803153319/https://icpc.sharif.edu/2019/scoreboard/,,,,,Yes
,tehran-2018,tehran-2019,wf-2019,3527,2018 ICPC Asia Tehran Regional Contest,2018-12-21,,,,https://web.archive.org/web/20250717005057/https://icpc.sharif.edu/2018/scoreboard/,,,,,Yes
,tehran-2017,tehran-2018,wf-2018,3426,2017 ACM-ICPC Asia Tehran Regional Contest,2017-12-15,,,,https://web.archive.org/web/20250501000334/https://icpc.sharif.edu/2017/scoreboard/,,,,,Yes
,tehran-2016,tehran-2017,wf-2017,3032,2016 ACM-ICPC Asia Tehran Regional Contest,2016-12-23,,,,https://web.archive.org/web/20250516114331/https://icpc.sharif.edu/2016/scoreboard/,,,,,Yes
,tehran-2015,tehran-2016,wf-2016,2932,2015 ACM-ICPC Asia Tehran Regional Contest,2015-12-25,,,,https://web.archive.org/web/20250918004056/https://icpc.sharif.edu/2015/scoreboard/,,,,,Yes
,tehran-2014,tehran-2015,wf-2015,2547,2014 ACM-ICPC Asia Tehran Regional Contest,2014-12-19,,,"https://web.archive.org/web/20151125180053/http://icpc.sharif.ir/acmicpc14, https://web.archive.org/web/20181201021451/http://icpc.sharif.edu/2014/",https://web.archive.org/web/20240427120554/http://icpc.sharif.ir/2014/scoreboard/,,,,,Yes
,tehran-2013,tehran-2014,wf-2014,1923,2013 ACM-ICPC Asia Tehran Regional Contest,2013-12-20,,,,https://web.archive.org/web/20181130213251/http://icpc.sharif.edu/2013/scoreboard/,,,,,Yes
,tehran-2012,tehran-2013,wf-2013,1371,2012 ACM-ICPC Asia Tehran Regional Contest,2012-12-21,,,,https://web.archive.org/web/20181130213246/http://icpc.sharif.edu/2012/scoreboard/,,,,,Yes
,tehran-2011,tehran-2012,wf-2012,803,2011 ACM-ICPC Asia Tehran Regional Contest,2011-12-02,,,https://web.archive.org/web/20181130213225/http://icpc.sharif.edu/2011/,https://web.archive.org/web/20181130210556/http://icpc.sharif.edu/2011/scoreboard/summary.html,,,,,Yes
,tehran-2010,tehran-2011,wf-2011,606,2010 ACM-ICPC Asia Tehran Regional Contest,2010-12-03,,,https://web.archive.org/web/20181130213215/http://icpc.sharif.edu/2010/,,,https://web.archive.org/web/20191106174951/http://icpc.sharif.edu/2010/scoreboard/full.html,,,Yes
,tehran-2009,tehran-2010,wf-2010,501,2009 ACM-ICPC Asia Tehran Regional Contest,2009-11-06,,,https://web.archive.org/web/20181130210535/http://icpc.sharif.edu/2009/,https://web.archive.org/web/20181130210545/http://icpc.sharif.edu/2009/scoreboard/summary.html,,,,,Yes
,tehran-2008,tehran-2009,wf-2009,20,2008 Asia Tehran Contest,2008-12-26,,,https://web.archive.org/web/20181130213205/http://icpc.sharif.edu/2008/,https://web.archive.org/web/20181130213211/http://icpc.sharif.edu/2008/summary.html,,,,,Yes
,tehran-2007,tehran-2008,wf-2008,1076,2007 ACM Asia Programming Contest - Tehran,2007-12-07,,,https://web.archive.org/web/20181130213155/http://icpc.sharif.edu/2007/,https://web.archive.org/web/20181130213201/http://icpc.sharif.edu/2007/summary.html,,,,,Yes
,tehran-2006,tehran-2007,wf-2007,1018,2006 ACM Asia Programming Contest - Tehran,2006-12-15,,,https://web.archive.org/web/20181130213140/http://icpc.sharif.edu/2006/,https://web.archive.org/web/20240731113009/http://icpc.sharif.edu/2006/summary.html,,,,,Yes
,tehran-2005,tehran-2006,wf-2006,973,2005 ACM Asia Programming Contest - Tehran,2005-12-02,,,https://web.archive.org/web/20181130213129/http://icpc.sharif.edu/2005/,"https://web.archive.org/web/20250516110214fw_/https://icpc.sharif.edu/2005/ranking/full.html, https://web.archive.org/web/20250516101729fw_/https://icpc.sharif.edu/2005/ranking/sumtime.html",,,,,Yes
,tehran-2004,tehran-2005,wf-2005,1097,2004 ACM Asia Programming Contest - Tehran,2004-12-03,,,https://web.archive.org/web/20250918000249/https://icpc.sharif.edu/2004/,"https://web.archive.org/web/20051027100656/http://sharif.edu/~acmicpc/04/ranking/finals.html, https://web.archive.org/web/20050909075251/http://sharif.edu/~acmicpc/04/ranking/sumtime.html",,,,,Yes
,tehran-2003,tehran-2004,wf-2004,1006,2003 ACM Asia Programming Contest - Tehran,2003-11-28,,,https://web.archive.org/web/20250717003353/https://icpc.sharif.edu/2003/,,,https://web.archive.org/web/20251011192137/https://icpc.sharif.edu/2003/final-standings.html,,,Yes
,tehran-2002,tehran-2003,wf-2003,1116,2002 ACM Asia Programming Contest - Tehran,2002-11-15,,,https://web.archive.org/web/20250918001521/https://icpc.sharif.edu/2002/,,,https://web.archive.org/web/20250328113449/https://icpc.sharif.edu/2002/finalcontest/finals.html,,,Yes
,tehran-2001,tehran-2002,wf-2002,999,2001 ACM Asia Programming Contest - Tehran,2001-11-08,,,https://web.archive.org/web/20250803153739/https://icpc.sharif.edu/2001/,,,,https://web.archive.org/web/20050220101621/http://swt.edu/~ch01/Rankings2001/Iranfullnums.htm,,Yes
,tehran-2000,tehran-2001,wf-2001,1206,"2000 ACM Asia Programming Contest, Tehran",2000-11-02,,,https://web.archive.org/web/20251013061733/https://icpc.sharif.edu/2000/,,,,https://web.archive.org/web/20050222101234/http://swt.edu/~ch01/rankins2000/2000_tehran.htm,,Yes
,tehran-1999,tehran-2000,wf-2000,1016,"1999 ACM Asia Programming Contest, Tehran",1999-11-21,,,,,,https://web.archive.org/web/20020311070635/http://icpc.baylor.edu/past/icpc2000/regionals/Tehran99/Standings.html,,,Yes
future,amritapuri-2026,-,awc-2026,9654,2026 ICPC Asia West Amritapuri Multisite Regional Contest,,,,,,,,,,
,amritapuri-2025,amritapuri-2026,awc-2025,9236,2025 ICPC Asia West Amritapuri Multisite Regional Contest,2026-01-03,,,,,,,,,
,amritapuri-2024,amritapuri-2025,awc-2024,8879,2024 ICPC Asia Amritapuri Multisite Regional Contest,2024-12-30,,,,,,https://web.archive.org/web/20241229183903/https://amritaicpc.in/final-rank-list,,https://icpc.global/regionals/finder/AMP-2025/standings,Yes
,amritapuri-2023,amritapuri-2024,awc-2023,7483,2023 ICPC Asia Amritapuri Doublesite Regional Contest,2024-01-28,,,,,,,,https://icpc.global/regionals/finder/AMP-2024/standings,Yes
,amritapuri-2022,amritapuri-2023,awc-2022,5638,2022 ICPC Asia Amritapuri Doublesite Regional Contest,2023-04-02,,,,,,,,https://icpc.global/regionals/finder/AMP-2023/standings,Yes
,amritapuri-2021,amritapuri-2022,awc-2021,4850,2021 ICPC Asia Amritapuri Doublesite Regional Contest,2022-10-08,,,,,,,,https://icpc.global/regionals/finder/AMP-2022/standings,Yes
,amritapuri-2020,amritapuri-2021,wf-2021,4504,2020 ICPC Asia Amritapuri Doublesite Regional Contest,,,,,,,,,,
,amritapuri-2019,amritapuri-2020,awc-2019,4103,2019 ICPC Asia Amritapuri Doublesite Regional Contest,2019-12-27,,,,,,,,https://icpc.global/regionals/finder/AMP-2020/standings,Yes
,amritapuri-2018,amritapuri-2019,wf-2019,3534,2018 ICPC Asia Amritapuri Doublesite Regional Contest,2018-12-29,,,,,,,,https://icpc.global/regionals/finder/AMP-2019/standings,Yes
,amritapuri-2017,amritapuri-2018,wf-2018,3442,2017 ACM-ICPC Asia Amritapuri Doublesite Regional Contest,2017-12-27,,,https://web.archive.org/web/20170825142716/http://icpc.amrita.ac.in/2017/,,,,,https://icpc.global/regionals/finder/AMP-2018/standings,Yes
,amritapuri-2016,amritapuri-2017,wf-2017,3083,2016 ACM-ICPC Asia Amritapuri Multisite Regional Contest,2016-12-23,,,,https://web.archive.org/web/20170110180839/http://icpc.amrita.ac.in/2015/wp-content/uploads/2016/10/ranklist.pdf,,,,https://icpc.global/regionals/finder/AMP-2017/standings,Yes
,amritapuri-2015,amritapuri-2016,wf-2016,2919,2015 ACM-ICPC Asia Amritapuri Regional Contest,2015-12-21,,,https://web.archive.org/web/20170113193027/http://icpc.amrita.ac.in/2015/,,,,,https://icpc.global/regionals/finder/AMP-2016/standings,Yes
,amritapuri-2014,amritapuri-2015,wf-2015,2594,2014 ACM-ICPC Asia Amritapuri Regional Contest,2014-12-16,,,https://web.archive.org/web/20151020044031/http://icpc.amrita.ac.in/2014,https://web.archive.org/web/20151010170646/http://icpc.amrita.ac.in/2014/downloads/Scoreboard_2014AsiaAmritapuriSite.pdf,,,,https://icpc.global/regionals/finder/AMP-2015/standings,Yes
,amritapuri-2013,amritapuri-2014,wf-2014,1932,2013 ACM-ICPC Asia Amritapuri Regional Contest,2013-12-19,,,https://web.archive.org/web/20141217061727/http://icpc.amrita.ac.in/2013/,https://web.archive.org/web/20141002041639/http://icpc.amrita.ac.in/2013/wp-content/uploads/2013/12/Amrita_Onsite_Final_Result.xlsx,,,,https://icpc.global/regionals/finder/AMP-2014/standings,Yes
,amritapuri-2012,amritapuri-2013,wf-2013,1364,2012 ACM-ICPC Asia Amritapuri Regional Contest,2012-12-20,,,https://web.archive.org/web/20170530080428/http://icpc.amrita.ac.in/2012/,,,https://web.archive.org/web/20161109053949/http://icpc.amrita.ac.in/downloads/Ranklist-ForWeb.pdf,,https://icpc.global/regionals/finder/Amritapuri-2013/standings,Yes
,amritapuri-2011,amritapuri-2012,wf-2012,806,2011 ACM-ICPC Asia Amritapuri Regional Contest,2011-12-12,,,,https://web.archive.org/web/20120116185059/http://icpc.amrita.ac.in/2011/others/Asia-AmritapuriRankings2011.html,,,,https://icpc.global/regionals/finder/Amritapuri-2012/standings,Yes
,amritapuri-2010,amritapuri-2011,wf-2011,610,2010 ACM-ICPC Asia Amritapuri Regional Contest,2010-12-12,,,,https://web.archive.org/web/20111125101538/http://icpc.amrita.ac.in/2010/finals/2010OnsiteRankList.pdf,,,,https://icpc.global/regionals/finder/Amritapuri-2011/standings,Yes
,amritapuri-2009,amritapuri-2010,wf-2010,500,2009 ACM-ICPC Asia Amritapuri Regional Contest,2009-11-01,,,https://web.archive.org/web/20091125235109/http://icpc.amrita.ac.in/site/,,,,,https://icpc.global/regionals/finder/Amritapuri-2010/standings,Yes
,amritapuri-2008,amritapuri-2009,wf-2009,7,2008 Asia Amritapuri Contest,2008-12-06,,,https://web.archive.org/web/20090921015026/http://icpc.amrita.ac.in/index2008.php,https://web.archive.org/web/20090818164148/http://icpc.amrita.ac.in/icpc2008ranking.html,,,,,Yes
,amritapuri-2007,amritapuri-2008,wf-2008,1173,2007 ACM Asia Programming Contest - Amritapuri,2007-12-22,,,https://web.archive.org/web/20090330132623/http://icpc.amrita.ac.in/updates/?q=node/20,,,https://web.archive.org/web/20080915032342/http://icpc.baylor.edu/icpc/regionals/ViewRegionalStandings.asp?ContestID=853,,,Yes
future,kabul-2026,-,awc-2026,9653,2026 ICPC Asia Kabul Regional Contest,,,,,,,,,,
,kabul-2025,kabul-2026,awc-2025,9235,2025 ICPC Asia Kabul Regional Contest,2025-10-24,,,http://icpc.kateb.edu.af/blogs/ICPC_2025%E2%80%932026_Kabul_Regional_Programming_Contest_Report,,,,,https://icpc.global/regionals/finder/Asia-Kabul-2026/standings,Yes
,kabul-2024,kabul-2025,awc-2024,8873,2024 ICPC Asia Kabul Regional Contest,2024-10-18,,,,,,,,https://icpc.global/regionals/finder/Asia-Kabul-2025/standings,Yes
,kabul-2023,kabul-2024,awc-2023,8204,2023 ICPC Asia Kabul Regional Contest,2023-09-29,,,,,,,,https://icpc.global/regionals/finder/Asia-Kabul-2024/standings,Yes
,kabul-2020,kabul-2023,wf-2021,4484,2020 ICPC Asia Kabul Regional Contest,2021-08-05,,,https://web.archive.org/web/20211215174801/https://icpc.kateb.edu.af/,,,,,,
,kabul-2019,kabul-2020,awc-2019,4095,2019 ICPC Asia Kabul Regional Contest,2019-11-29,,,https://web.archive.org/web/20191121115134/https://icpc.kateb.edu.af/,,,https://web.archive.org/web/20220213081233/https://kateb.edu.af/icpc/results/results2019.php,,https://icpc.global/regionals/finder/AsiaKabul-2020/standings,Yes
,kabul-2018,kabul-2019,wf-2019,3520,2018 ICPC Asia Kabul Regional Contest,2018-11-16,,,https://web.archive.org/web/20180710043353/http://icpc.kateb.edu.af/,,,,,https://icpc.global/regionals/finder/AsiaKabul-2019/standings,Yes
,kabul-2017,kabul-2018,wf-2018,3485,2017 ACM-ICPC Asia Kabul Regional Contest,2017-11-10,,,https://web.archive.org/web/20181231143041/http://kateb.edu.af/icpc_kabul_regional/,,,https://web.archive.org/web/20181231141516/http://kateb.edu.af/icpc_kabul_regional/result.php,,https://icpc.global/regionals/finder/AsiaKabul-2018/standings,Yes
future,pakistan-2026,-,awc-2026,9651,2026 ICPC Asia Topi Regional On-site Contest,,,,,,,,,,
,pakistan-2025,pakistan-2026,awc-2025,9246,2025 ICPC Asia Topi Regional On-site Contest,2026-02-01,,,,,,,,https://icpc.global/regionals/finder/Asia-Topi-2026/standings,Yes
,pakistan-2024,pakistan-2025,awc-2024,8865,2024 ICPC Asia Topi Regional On-site Contest,2025-02-01,,,,,,,,https://icpc.global/regionals/finder/Asia-Topi-2025/standings,Yes
,pakistan-2023,pakistan-2024,awc-2023,7492,2023 ICPC Asia Topi Regional On-site Contest,2024-02-25,,,,,,,,https://icpc.global/regionals/finder/Asia-Topi-2024/standings,Yes
,pakistan-2022,pakistan-2023,awc-2022,5645,2022 ICPC Asia Topi Regional On-site Contest,2023-02-26,,,,,,,,https://icpc.global/regionals/finder/Asia-Topi-2023/standings,Yes
,pakistan-2021,pakistan-2022,awc-2021,4835,2021 ICPC Asia Topi Regional On-site Contest,2022-03-20,,,,,,,,https://icpc.global/regionals/finder/Asia-Topi-2022/standings,Yes
,pakistan-2020,pakistan-2021,wf-2021,4494,2020 ICPC Asia Topi Regional On-site Contest,2021-08-04,,,https://web.archive.org/web/20210922081341/https://acmgiki.com/icpc.php,,,,,https://icpc.global/regionals/finder/Asia-Topi-2021/standings,Yes
,pakistan-2019,pakistan-2020,awc-2019,4092,2019 ICPC Asia Topi Regional On-site Contest,2019-11-03,,,,,,,,https://icpc.global/regionals/finder/Asia-Topi-2020/standings,Yes
,pakistan-2018,pakistan-2019,wf-2019,3532,2018 ICPC Asia Lahore Regional On-site Contest,2018-12-30,,,https://web.archive.org/web/20200929204835/https://sst.umt.edu.pk/icpc/home.aspx,,,,,,
,pakistan-2017,pakistan-2018,wf-2018,3483,2017 ACM-ICPC Asia Lahore Regional Contest,2017-12-31,,,,,,https://web.archive.org/web/20240719134703mp_/https://sst.umt.edu.pk/icpc/ACM-ICPC-Asia-Lahore-Finals-2017-Standings.aspx,,https://icpc.global/regionals/finder/AsiaLahore-2018/standings,Yes
,pakistan-2016,pakistan-2017,wf-2017,3085,2016 ACM-ICPC Asia Lahore Regional Contest,2016-11-26,,,https://web.archive.org/web/20201009195158/https://sites.google.com/site/icpclahore/,,,,,https://icpc.global/regionals/finder/LAH-2017/standings,Yes
,pakistan-2015,pakistan-2016,wf-2016,2949,2015 ACM-ICPC Asia Lahore Regional Contest,2015-11-15,,,,https://web.archive.org/web/20151202200620/http://lhr.nu.edu.pk/icpc/downloads/OnSite_Round_Standings.pdf,,,,https://icpc.global/regionals/finder/LAH-2016/standings,Yes
,pakistan-2014,pakistan-2015,wf-2015,2696,2014 ACM-ICPC Asia Lahore Regional Contest,2014-11-22,,,,https://web.archive.org/web/20141202213757/http://lhr.nu.edu.pk/icpc/finals%20results.htm,,,,https://icpc.global/regionals/finder/LAH-2015/standings,Yes
future,kanpur-2026,-,awc-2026,9665,2026 ICPC Asia Kanpur Regional Contest,,,,,,,,,,
,kanpur-2025,kanpur-2026,awc-2025,9243,2025 ICPC Asia Kanpur Regional Contest,2025-12-23,,,http://kanpur.indiaicpc.in/,,,http://kanpur.indiaicpc.in/ranklist25.pdf,,https://icpc.global/regionals/finder/Asia-Kanpur-2026/standings,Yes
,kanpur-2024,kanpur-2025,awc-2024,8858,2024 ICPC Asia Kanpur Regional Contest,2024-12-24,,,http://web.archive.org/web/20250320221105/http://kanpur.indiaicpc.in/,,,http://kanpur.indiaicpc.in/index.php?page=results2024,,https://icpc.global/regionals/finder/Asia-Kanpur-2025/standings,Yes
,kanpur-2023,kanpur-2024,awc-2023,7494,2023 ICPC Asia Kanpur Regional Contest,2023-12-23,,,http://web.archive.org/web/20231209092321/https://kanpur.indiaicpc.in/,,,,,https://icpc.global/regionals/finder/Asia-Kanpur-2024/standings,Yes
,kanpur-2022,kanpur-2023,awc-2022,5647,2022 ICPC Asia Kanpur Regional Contest,2023-10-04,,,,,,,,,
,kanpur-2021,kanpur-2022,awc-2021,4829,2021 ICPC Asia Kanpur Contest,2022-08-22,,,,,,,,,
,kanpur-2020,kanpur-2021,wf-2021,4503,Asia Kanpur-Mathura Online Contest 2020,2021-08-19,,,,https://web.archive.org/web/20210919073342/https://algo.codemarshal.org/contests/kanpur_2020/standings,,,,,Yes
,kanpur-2019,kanpur-2020,awc-2019,4278,2019 ICPC Asia Kanpur Regional Contest,2019-12-31,,,,,,https://web.archive.org/web/20240705145626/https://kanpur.indiaicpc.in/Kanpur_Ranklist.pdf,,https://icpc.global/regionals/finder/Asia-Kanpur-2020/standings,Yes
,kolkata-kanpur-2018,kanpur-2019,wf-2019,3529,2018 ICPC Asia Kolkata-Kanpur Onsite Regional Contest,2018-12-22,,,,,,https://web.archive.org/web/20190811204644/http://icpckolkata.in/result-of-onsite-round/,,https://icpc.global/regionals/finder/ICPCKolkataKanpur-2019/standings,Yes
,kolkata-kanpur-2017,kolkata-kanpur-2018,wf-2018,3441,2017 ACM-ICPC Asia Kolkata-Kanpur Contest,2017-12-24,,,,,,https://web.archive.org/web/20180830025240/http://icpckolkata.in/Result.pdf,,https://icpc.global/regionals/finder/ICPCKolkataKanpur-2018/standings,Yes
,kolkata-2016,kolkata-kanpur-2017,wf-2017,3050,2016 ACM-ICPC Asia Kolkata Regional Contest,2016-12-27,,,,,,,https://web.archive.org/web/20170109235316/http://icpckolkata.in/2017/01/05/result-of-onsite-contest/,https://icpc.global/regionals/finder/ICPC-Kolkata-2017/standings,Yes
,kolkata-2015,kolkata-2016,wf-2016,2873,2015 ACM-ICPC Asia Kolkata Regional Contest,2015-12-26,,,,,,,,https://icpc.global/regionals/finder/Kolkata-2016/standings,Yes
,kanpur-2013,kolkata-2015,wf-2014,1949,2013 ACM-ICPC Asia Kanpur Regional Contest,2013-12-13,,,,,,,https://www.cse.iitk.ac.in/users/acm/Result.pdf,https://icpc.global/regionals/finder/Kanpur-2014/standings,Yes
,kanpur-2012,kanpur-2013,wf-2013,1356,2012 ACM-ICPC Asia Kanpur Regional Contest,2012-12-13,,,,,,https://web.archive.org/web/20121218090740/http://cse.iitk.ac.in/users/acm/rank.html,,https://icpc.global/regionals/finder/Kanpur-2013/standings,Yes
,kanpur-2011,kanpur-2012,wf-2012,809,2011 ACM-ICPC Asia Kanpur Regional Contest,2011-12-08,,,,,,,https://web.archive.org/web/20120109084903/http://www.cse.iitk.ac.in/users/acm/result.html,https://icpc.global/regionals/finder/Kanpur-2012/standings,Yes
,kanpur-2010,kanpur-2011,wf-2011,601,2010 ACM-ICPC Asia Kanpur Regional Contest,2010-12-12,,,,,,https://web.archive.org/web/20101216075737/http://www.cse.iitk.ac.in/users/acm/Result.html,,https://icpc.global/regionals/finder/Kanpur-2011/standings,Yes
,gwalior-kanpur-2009,kanpur-2010,wf-2010,497,2009 ACM-ICPC Asia Gwalior-Kanpur Regional Contest,2009-10-04,,,,,,,https://web.archive.org/web/20091008001047/http://www.cse.iitk.ac.in/users/acm/result.html,https://icpc.global/regionals/finder/Gwalior-Kanpur-2010/standings,Yes
,kanpur-2008,gwalior-kanpur-2009,wf-2009,16,2008 Asia Kanpur Contest,2008-12-16,,,,,,,https://www.cse.iitk.ac.in/users/acm/archive/acm2008/ranks.html,,Yes
,kanpur-2007,kanpur-2008,wf-2008,1047,2007 ACM Asia Programming Contest - Kanpur,2007-10-28,,,,,,https://web.archive.org/web/20080915032438/http://icpc.baylor.edu/icpc/regionals/ViewRegionalStandings.asp?ContestID=866,,,Yes
,kanpur-2006,kanpur-2007,wf-2007,1207,2006 ACM Asia Programming Contest - Kanpur,2006-12-10,,,,,,https://web.archive.org/web/20080502050957/http://icpc.baylor.edu/icpc/regionals/ViewRegionalStandings.asp?ContestID=785,,,Yes
,kolkata-2005,kanpur-2006,wf-2006,1056,2005 ACM Asia Programming Contest - Kolkata,2005-10-29,,,,,,https://web.archive.org/web/20071011202423/http://icpc.baylor.edu/icpc/regionals/ViewRegionalStandings.asp?ContestID=743,,,Yes
,kanpur-2004,kolkata-2005,wf-2005,1239,2004 ACM Asia Programming Contest - Kanpur,2004-12-15,,,https://web.archive.org/web/20050212004304/http://www.cse.iitk.ac.in/users/acm/directrep.html,,,"https://web.archive.org/web/20071012163117/http://icpc.baylor.edu/icpc/regionals/ViewRegionalStandings.asp?ContestID=709, https://web.archive.org/web/20041224011319/http://www.cse.iitk.ac.in/users/acm/result.html",,,Yes
,kolkata-roorkee-2003,kanpur-2004,wf-2004,988,2003 ACM Asia Programming Contest - Kolkata-Roorkee,2003-10-12,,,https://web.archive.org/web/20031129205902/http://www.cse.iitk.ac.in/users/acm/report.htm,,,https://web.archive.org/web/20071012210106/http://icpc.baylor.edu/icpc/regionals/ViewRegionalStandings.asp?ContestID=668,,,Yes
,kanpur-2002,kolkata-roorkee-2003,wf-2003,1297,2002 ACM Asia Programming Contest - Kanpur,2002-12-07,,,https://web.archive.org/web/20060901165658/http://icpc.baylor.edu/past/icpc2003/regionals/Reports/www.cse.iitk.ac.in/users/acm/index.html,,,https://web.archive.org/web/20060901165713/http://icpc.baylor.edu/past/icpc2003/regionals/Reports/www.cse.iitk.ac.in/users/acm/result.htm,https://web.archive.org/web/20090307020306/http://icpc.baylor.edu/past/icpc2003/Regionals/Reports/icpc.baylor.edu/icpc/regionals/ViewRegionalStandings7bfc.html?ContestID=581,,Yes
,kanpur-2001,kanpur-2002,wf-2002,1101,2001 ACM Asia Programming Contest - Kanpur,2001-12-06,,,,,,https://web.archive.org/web/20020111223213/http://www.cse.iitk.ac.in/acm2001/results.htm,https://web.archive.org/web/20090102030830/http://icpc.baylor.edu/Past/icpc2002/regionals/ViewRegionalStandings.asp?ContestID=513,,Yes
,kanpur-2000,kanpur-2001,wf-2001,1072,"2000 ACM Asia Programming Contest, Kanpur",2000-12-16,,,https://web.archive.org/web/20060904204433/http://www.cse.iitk.ac.in/users/acm/,,,,https://web.archive.org/web/20060901131734/http://icpc.baylor.edu/past/icpc2001/regionals/ViewRegionalStandings.asp?ContestID=448,,Yes
,kanpur-1999,kanpur-2000,wf-2000,1158,"1999 ACM Asia Programming Contest, Kanpur",1999-12-07,,,,,,https://web.archive.org/web/20110608102128/http://icpc.baylor.edu/past/icpc2000/regionals/Kanpur99/Standings.html,,,Yes
,gwalior-2022,-,awc-2022,5660,2022 ICPC Asia Gwalior Regional Contest,2023-03-07,,,,,,,,,
,gwailor-pune-2021,gwalior-2022,awc-2021,4830,2021 ICPC Asia Gwalior-Pune Regional Contest,2022-10-04,,,https://web.archive.org/web/20221130002428/https://iiitmg-iiitp-icpc.com/,,,,,,
,gwailor-pune-2020,gwailor-pune-2021,wf-2021,4500,2020 ICPC Asia Gwalior-Pune Regional Contest,2021-08-18,,,,,,,,https://icpc.global/regionals/finder/ICPC-Gwalior-Pune-2021/standings,Yes
,gwailor-pune-2019,gwailor-pune-2020,awc-2019,4105,2019 ICPC Asia Gwalior-Pune Regional Contest,2019-12-15,,,,,,,,https://icpc.global/regionals/finder/ICPC-Gwalior-Pune-2020/standings,Yes
,gwailor-pune-2018,gwailor-pune-2019,wf-2019,3514,2018 ICPC Asia Gwalior-Pune Regional Contest,2018-12-18,,,,,,,,https://icpc.global/regionals/finder/ICPC-Gwalior-Pune-2019/standings,Yes
,gwalior-2017,gwailor-pune-2018,wf-2018,3446,2017 ACM-ICPC Asia Gwalior Regional Contest,2017-12-21,,,,,,,,https://icpc.global/regionals/finder/ICPC-Gwalior-2018/standings,Yes
,gwalior-2014,gwalior-2017,wf-2015,2609,2014 ACM-ICPC Asia Gwalior Regional Contest,2014-12-21,,,,,,,https://web.archive.org/web/20150701192622/http://www.icpcgwalior.org/doc/Final_Result.pdf,https://icpc.global/regionals/finder/Gwalior-2015/standings,Yes
,mathura-2022,-,awc-2022,5649,2022 ICPC Asia Mathura Kanpur Regional Contest,2023-04-09,,,https://kanpurarchive2022.indiaicpc.in/?page_id=55,,,https://kanpurarchive2022.indiaicpc.in/?page_id=724,,https://icpc.global/regionals/finder/ICPC-Mathura-2023/standings,Yes
,bombay-2004,-,wf-2005,989,2004 ACM Asia Programming Contest - Bombay,2004-12-06,,,https://web.archive.org/web/20071030001818/http://www.cse.iitb.ac.in/acm/conclude.html,https://web.archive.org/web/20041222153427/http://www.cse.iitb.ac.in/acm/detailed-results.html,,"https://web.archive.org/web/20071012162940/http://icpc.baylor.edu/icpc/regionals/ViewRegionalStandings.asp?ContestID=696, https://web.archive.org/web/20050320045228/http://www.cse.iitb.ac.in/acm/result.html",,,Yes
,bombay-2003,bombay-2004,wf-2004,1064,2003 ACM Asia Programming Contest - Bombay,2003-12-07,,,,,,https://web.archive.org/web/20071012205953/http://icpc.baylor.edu/icpc/regionals/ViewRegionalStandings.asp?ContestID=654,,,Yes
,coimbatore-2006,-,wf-2007,1219,2006 ACM Asia Programming Contest - Coimbatore,2006-12-17,,,https://web.archive.org/web/20070120070831/http://www.amrita.edu/icpc/2006/index.html,https://web.archive.org/web/20070122075200/http://www.amrita.edu/icpc/2006/Standings.html,,https://web.archive.org/web/20071011194617/http://icpc.baylor.edu/icpc/regionals/ViewRegionalStandings.asp?ContestID=772,,,Yes
,coimbatore-2005,coimbatore-2006,wf-2006,1197,2005 ACM Asia Programming Contest - Coimbatore,2005-12-12,,,https://web.archive.org/web/20051216180955/http://www.amrita.edu/icpc/,,,"https://web.archive.org/web/20071011194537/http://icpc.baylor.edu/icpc/regionals/ViewRegionalStandings.asp?ContestID=730, https://web.archive.org/web/20060507085957/http://www.amrita.edu/icpc/abstract.htm#team",,,Yes
,india-2016,-,wf-2017,3218,2016 ACM-ICPC Asia India-FINAL Contest,2016-12-30,,,,,,https://icpc.global/regionals/finder/AR-India-FINAL-2017/standings,,,Yes
,kharagpur-2021,-,awc-2021,4839,2021 ICPC Asia Kharagpur Regional Contest,,,,,,,,,,
,kharagpur-2020,kharagpur-2021,wf-2021,4492,2020 ICPC Asia Kharagpur Regional Contest,,,,,,,,,,
,kharagpur-2019,kharagpur-2020,awc-2019,4090,2019 ICPC Asia Kharagpur Regional Contest,2019-12-08,,,https://web.archive.org/web/20200729212417/http://acm.iitkgp.ac.in/,https://web.archive.org/web/20200623182215/https://www.codechef.com/public/rankings/ICPCKH19,,,,https://icpc.global/regionals/finder/Kharagpur-2020/standings,Yes
,kharagpur-2018,kharagpur-2019,wf-2019,3516,2018 ICPC Asia Kharagpur Regional Contest,2018-12-16,,,,,,https://web.archive.org/web/20181222213223/http://acm.iitkgp.ac.in/FinalStandingLocal.pdf,,https://icpc.global/regionals/finder/Kharagpur-2019/standings,Yes
,kharagpur-2017,kharagpur-2018,wf-2018,3444,2017 ACM-ICPC Asia Kharagpur Regional Contest,2017-12-17,,,,,,https://web.archive.org/web/20180127090441/http://acm.iitkgp.ac.in/AcmKgpRank2017.pdf,,https://icpc.global/regionals/finder/Kharagpur-2018/standings,Yes
,kharagpur-2016,kharagpur-2017,wf-2017,3089,2016 ACM-ICPC Asia Kharagpur Regional Contest,2016-12-18,,,,,,https://web.archive.org/web/20170519200542/http://acm.iitkgp.ac.in/onsite_rank_list_2k16.pdf,,https://icpc.global/regionals/finder/Kharagpur-2017/standings,Yes
,kharagpur-2014,kharagpur-2016,wf-2015,2617,2014 ACM-ICPC Asia Kharagpur Regional Contest,2014-12-07,,,https://web.archive.org/web/20151101110313/http://acm.iitkgp.ac.in/,https://web.archive.org/web/20150908081329/http://acm.iitkgp.ac.in/results/KharagpurSite_results.pdf,,,,https://icpc.global/regionals/finder/Kharagpur-2015/standings,Yes
,kharagpur-2013,kharagpur-2014,wf-2014,1900,2013 ACM-ICPC Asia Kharagpur Regional Contest,2013-12-15,,,https://web.archive.org/web/20140825043003/http://acm.iitkgp.ac.in/,https://web.archive.org/web/20170505222757/http://acm.iitkgp.ac.in/result_regional.html,,,,https://icpc.global/regionals/finder/Kharagpur-2014/standings,Yes
,kharagpur-2012,kharagpur-2013,wf-2013,1362,2012 ACM-ICPC Asia Kharagpur Regional Contest,2012-12-09,,,https://web.archive.org/web/20120729034505/http://acm.iitkgp.ac.in/,https://web.archive.org/web/20130806005437/http://acm.iitkgp.ac.in/result_regional.html,,,,https://icpc.global/regionals/finder/Kharagpur-2013/standings,Yes
future,chennai-2026,-,awc-2026,9660,2026 ICPC Asia Chennai Regional Contest,,,,,,,,,,
,chennai-2025,chennai-2026,awc-2025,9248,2025 ICPC Asia Chennai Regional Contest,2025-12-30,,,https://icpc-srmist-ktr.vercel.app/,https://icpc-iiitdm.vercel.app/Icpc%202025/ICPC%20Chennai%20Onsite%202025-%20Final%20Ranklist.pdf,,,,,Yes
,chennai-2024,chennai-2025,awc-2024,8877,2024 ICPC Asia Chennai Onsite Contest,2025-01-04,,,,,,https://icpc-iiitdm.vercel.app/Chennai%20Ranklist%202024%20Onsite.xlsx,,,Yes
,chennai-2023,chennai-2024,awc-2023,8237,2023 ICPC Asia Chennai Onsite Contest,2024-01-12,,,,,,,,,
,chennai-2017,chennai-2023,wf-2018,3437,2017 ACM-ICPC Asia Chennai Regional Contest,2017-12-12,,,,https://web.archive.org/web/20190828194639/http://icpc.hindustanuniv.ac.in/Chennai%20Rank%20AsiaType%202017.pdf,,,,https://icpc.global/regionals/finder/AR-Chennai-2018/standings,Yes
,chennai-2016,chennai-2017,wf-2017,3215,2016 ACM-ICPC Asia Chennai Regional Contest,2016-12-20,,,,,,,,https://icpc.global/regionals/finder/AR-Chennai-2017/standings,Yes
,chennai-2015,chennai-2016,wf-2016,2910,2015 ACM-ICPC Asia Chennai Regional Contest,2016-01-23,,,,,,,,https://icpc.global/regionals/finder/Chennai-2016/standings,Yes
future,aec-2026,-,wf-2027,9605,2026 ICPC Asia East Continent Final Contest,,,,,,,,,,
,aec-2025,aec-2026,wf-2026,9217,2025 ICPC Asia East Continent Final Contest,2026-02-02,,,,,,,,,
,aec-2024,aec-2025,wf-2025,9017,2024 ICPC Asia East Continent Final Contest,2024-12-29,,,,,,,,https://icpc.global/regionals/finder/Xian-2025/standings,Yes
,aec-2023,aec-2024,wf-2024,7694,2023 ICPC Asia East Continent Final Contest,2024-01-14,,,,https://codeforces.com/gym/104639/standings,,,,,Yes
,aec-2022,aec-2023,wf-2023,5537,2022 ICPC Asia East Continent Final Contest,2023-03-26,,,,,,,,,
,aec-2021,aec-2022,wf-2022,4718,2021 ICPC Asia-East Continent Final Contest,2022-07-22,,,,https://codeforces.com/gym/103861/standings,,,,https://icpc.global/regionals/finder/Asia-EC-League-Final-2022/standings,Yes
,aec-2020,aec-2021,wf-2021,4366,2020 ICPC Asia-East Continent Final Contest,2021-04-18,,,,,,,,https://icpc.global/regionals/finder/Asia-EC-League-Final-2021/standings,Yes
,aec-2019,aec-2020,wf-2020,4239,2019 ICPC Asia-East Continent Final Contest,2019-12-15,,,,https://web.archive.org/web/20200206051643/http://icpc.nwpu.edu.cn/home/scoreboard/,,,,https://icpc.global/regionals/finder/Asia-EC-League-Final-2020/standings,Yes
,aec-2018,aec-2019,wf-2019,3696,2018 ICPC Asia-East Continent Final,2018-12-16,,,,https://codeforces.com/gym/102056/standings,,,,https://icpc.global/regionals/finder/Asia-EC-League-Final-2019/standings,Yes
,aec-2017,aec-2018,wf-2018,3378,2017 ACM-ICPC Asia East Continent League Final,2017-12-17,,,https://web.archive.org/web/20200808231611/http://icpc.shu.edu.cn/,https://web.archive.org/web/20180308071522/http://board.acmicpc.cn/,,,,https://icpc.global/regionals/finder/Asia-EC-League-Final-2018/standings,Yes
,aec-2016,aec-2017,wf-2017,3098,2016 ACM-ICPC Asia CHINA-Final Contest,2016-12-11,,,https://web.archive.org/web/20180512190124/http://icpc.shu.edu.cn/Default.aspx?tabid=34079,https://web.archive.org/web/20170913043737/http://board.acmicpc.cn/,,,,https://icpc.global/regionals/finder/Asia-China-Final-2017/standings,Yes
,aec-2015,aec-2016,wf-2016,2875,2015 ACM-ICPC Asia EC-FINAL Contest,2015-12-13,,,,"https://web.archive.org/web/20160716130645/http://board.acmicpc.cn/, https://web.archive.org/web/20160315092830/http://board.acmicpc.info/icpc2015/shu_onsite.php",,,,https://icpc.global/regionals/finder/Asia-EC-2016/standings,Yes
future,shanghai-2026,-,wf-2027,9611,2026 ICPC Asia Shanghai Regional Contest,,,,,,,,,,
,shanghai-2025,shanghai-2026,wf-2026,9189,2025 ICPC Asia Shanghai Regional Contest,2025-11-23,,,,,,,,,
,shanghai-2024,shanghai-2025,wf-2025,9025,2024 ICPC Asia Shanghai Regional Contest,2024-11-17,,,,,,,,,
,shanghai-2023,shanghai-2024,wf-2024,7701,2023 ICPC Asia Shanghai Regional Contest,2024-01-14,,,,,,,,,
,shanghai-2022,shanghai-2023,wf-2023,6160,2022 ICPC Asia Shanghai Regional Contest,2023-03-26,,,,,,,,,
,shanghai-2021,shanghai-2022,wf-2022,4748,2021 ICPC Asia Shanghai Regional Contest,2021-11-28,,,,https://codeforces.com/gym/103446/standings,,,,https://icpc.global/regionals/finder/Shanghai-2022/standings,Yes
,shanghai-2020,shanghai-2021,wf-2021,4362,2020 ICPC Asia Shanghai Regional Contest,,,,,https://codeforces.com/gym/102900/standings,,,,,Yes
,shanghai-2019,shanghai-2020,wf-2020,4233,2019 ICPC Asia Shanghai Regional Contest,2019-11-24,,,,,,,,https://icpc.global/regionals/finder/Shanghai-2020/standings,Yes
,shanghai-2015,shanghai-2019,wf-2016,2930,2015 ACM-ICPC Asia Shanghai Regional Contest,2015-11-22,,,,https://web.archive.org/web/20160315093532/http://board.acmicpc.info/icpc2015/ecust_onsite.php,,,,,Yes
,shanghai-2014,shanghai-2015,wf-2015,2599,2014 ACM-ICPC Asia Shanghai Regional Contest,2014-12-07,,,,"https://web.archive.org/web/20150723064759/http://board.acmicpc.cn/, https://web.archive.org/web/20160315040953/http://board.acmicpc.info/icpc2014/shu_onsite.php",,,,,Yes
,shanghai-2011,shanghai-2014,wf-2012,800,2011 ACM-ICPC Asia Shanghai Regional Contest,2011-10-16,,,,https://web.archive.org/web/20121018082919/http://board.acmicpc.info/icpc2011/fdu_onsite.php,,,,https://icpc.global/regionals/finder/Shanghai-2012/standings,Yes
,shanghai-2009,shanghai-2011,wf-2010,509,2009 ACM-ICPC Asia Shanghai Regional Contest,2009-10-25,,,,https://web.archive.org/web/20100127043626/http://acm.dhu.edu.cn/Regional_onsite_rank.htm,,,,https://icpc.global/regionals/finder/Shanghai-2010/standings,Yes
,shanghai-2006,shanghai-2009,wf-2007,1132,2006 ACM Asia Programming Contest - Shanghai,2006-11-22,,,,,,https://web.archive.org/web/20080502051020/http://icpc.baylor.edu/icpc/regionals/ViewRegionalStandings.asp?ContestID=791,,,Yes
,shanghai-2004,shanghai-2006,wf-2005,1247,2004 ACM Asia Programming Contest - Shanghai,2004-12-05,,,,,,https://web.archive.org/web/20071012162930/http://icpc.baylor.edu/icpc/regionals/ViewRegionalStandings.asp?ContestID=694,,,Yes
,shanghai-2001,shanghai-2004,wf-2002,1234,2001 ACM Asia Programming Contest - Shanghai,2001-11-18,,,https://web.archive.org/web/20020324030130/http://acm.shu.edu.cn/,,,https://web.archive.org/web/20050302115305/http://www.swt.edu/~ch01/Rankings2001/Shanghaifinalstandings.htm,https://web.archive.org/web/20090102030824/http://icpc.baylor.edu/Past/icpc2002/regionals/ViewRegionalStandings.asp?ContestID=510,,Yes
,shanghai-2000,shanghai-2001,wf-2001,1061,"2000 ACM Asia Programming Contest, Shanghai",2000-10-22,,,https://web.archive.org/web/20010116043900/http://www.acm.shu.edu.cn/,,,https://web.archive.org/web/20010202172300/http://acm.shu.edu.cn/Pastyears/2000/full.html,"https://web.archive.org/web/20050222101230/http://swt.edu/~ch01/rankins2000/2000_shanghai.htm, https://web.archive.org/web/20060901131958/http://icpc.baylor.edu/past/icpc2001/regionals/ViewRegionalStandings.asp?ContestID=445",,Yes
,shanghai-1999,shanghai-2000,wf-2000,1048,"1999 ACM Asia Programming Contest, Shanghai",1999-11-28,,,,,,"https://web.archive.org/web/20050221192141/http://swt.edu/~ch01/rankings1999/Shanghai1999.htm, https://web.archive.org/web/20020111095710/http://icpc.baylor.edu/past/icpc2000/regionals/Shanghai99/Standings.html",,,Yes
,shanghai-1998,shanghai-1999,wf-1999,1046,"1998 ACM Asia Programming Contest, Shanghai",1998-11-28,,,,,,https://web.archive.org/web/20050223214514/http://www.swt.edu/~ch01/shanghairanking98.htm,,,Yes
,shanghai-1997,shanghai-1998,wf-1998,pre-cms,Asia Regional/Shanghai,,,,,,,https://web.archive.org/web/20050223214606/http://swt.edu/~ch01/shang97rank.htm,,,Yes
,shanghai-1996,shanghai-1997,wf-1997,pre-cms,Asian Programming Contest Region 2 (Shanghai),,,,,,,https://web.archive.org/web/20050220101757/http://swt.edu/~ch01/Rank96sh.htm,,,Yes
future,hong-kong-2026,-,wf-2027,9608,2026 ICPC Asia Hong Kong Regional Contest,,,,,,,,,,
,hong-kong-2025,hong-kong-2026,wf-2026,9229,2025 ICPC Asia Hong Kong Regional Contest,2025-11-30,,,,,,,,https://icpc.global/regionals/finder/HongKong-2026/standings,Yes
,hong-kong-2024,hong-kong-2025,wf-2025,9090,2024 ICPC Asia Hong Kong Regional Contest,2024-12-22,,,https://icpc2024.comp.polyu.edu.hk/,,,,,https://icpc.global/regionals/finder/HongKong-2025/standings,Yes
,hong-kong-2022,hong-kong-2024,wf-2023,5546,2022 ICPC Asia Hong Kong Regional Contest,2023-01-14,,,https://icpc2023.cse.cuhk.edu.hk/,,,https://icpc2023.cse.cuhk.edu.hk/standings.pdf,,https://icpc.global/regionals/finder/HongKong-City-2023/standings,Yes
,hong-kong-2019,hong-kong-2022,wf-2020,4229,2019 ICPC Asia Hong Kong Regional Contest,2019-12-01,,,,,,,,https://icpc.global/regionals/finder/Hong-Kong-City-2020/standings,Yes
,hong-kong-2018,hong-kong-2019,wf-2019,3720,2018 ICPC Asia Hong Kong Regional Contest,2018-11-18,,,https://web.archive.org/web/20181206132844/http://acmhk.cs.cityu.edu.hk/icpc,,,,,https://icpc.global/regionals/finder/Hong-Kong-City-2019/standings,Yes
,hong-kong-2017,hong-kong-2018,wf-2018,3368,2017 ACM-ICPC Asia Hong Kong Regional Contest,2017-11-19,,,,https://pclub.comp.polyu.edu.hk/acm/scoreboard.html,,,,,Yes
,hong-kong-2016,hong-kong-2017,wf-2017,3087,2016 ACM-ICPC Asia Hong Kong Regional Contest,2016-11-06,,,,"https://web.archive.org/web/20161117232335/http://board.acmicpc.info/icpc2016/cuhk_onsite.php, https://asiahk16.kattis.com/contests/asiahk16/standings",,,,https://icpc.global/regionals/finder/Hong-Kong-2017/standings,Yes
,hong-kong-2000,hong-kong-2016,wf-2001,991,"2000 ACM Asia Programming Contest, Hong Kong",2000-10-29,,,https://web.archive.org/web/20010714110745/http://www.cintec.cuhk.edu.hk/icpc2000/,,,,https://web.archive.org/web/20070816110012/http://icpc.baylor.edu/past/icpc2001/Regionals/ViewRegionalStandings.asp?ContestID=460,,Yes
,beijing-2018,-,wf-2019,3722,2018 ICPC Asia Beijing Regional Contest,2018-11-11,,,,,,,,,
,beijing-2017,beijing-2018,wf-2018,3376,2017 ACM-ICPC Asia Beijing Regional Contest,2017-11-19,,,,https://web.archive.org/web/20171228183730/http://board.acmicpc.info/icpc2017/pku_onsite.php,,,,,Yes
,beijing-2016,beijing-2017,wf-2017,3044,2016 ACM-ICPC Asia Beijing Regional Contest,2016-11-13,,,,https://web.archive.org/web/20171228135049/http://board.acmicpc.info/icpc2016/pku_onsite.php,,,,,Yes
,beijing-2015,beijing-2016,wf-2016,2917,2015 ACM-ICPC Asia Beijing Regional Contest,2015-11-15,,,,https://web.archive.org/web/20160315045416/http://board.acmicpc.info/icpc2015/pku_onsite.php,,,,,Yes
,beijing-2014,beijing-2015,wf-2015,2615,2014 ACM-ICPC Asia Beijing Regional Contest,2014-11-16,,,,https://web.archive.org/web/20141119204749/http://board.acmicpc.info/icpc2014/bnu_onsite.php,,,,,Yes
,beijing-2011,beijing-2014,wf-2012,796,2011 ACM-ICPC Asia Beijing Regional Contest,2011-10-23,,,,https://web.archive.org/web/20121018082908/http://board.acmicpc.info/icpc2011/bupt_onsite.php,,,,,Yes
,beijing-2008,beijing-2011,wf-2009,8,2008 Asia Beijing Contest,2008-10-26,,,,,,,,,
,beijing-2007,beijing-2008,wf-2008,966,2007 ACM Asia Programming Contest - Beijing,2007-11-11,,,https://web.archive.org/web/20071011120229/http://icpc.buaa.edu.cn/pages/,,,https://web.archive.org/web/20080915032433/http://icpc.baylor.edu/icpc/regionals/ViewRegionalStandings.asp?ContestID=865,,,Yes
,beijing-2006,beijing-2007,wf-2007,1142,2006 ACM Asia Programming Contest - Beijing,2006-11-12,,,https://web.archive.org/web/20080616060725/http://icpc.cs.tsinghua.edu.cn/,,,https://web.archive.org/web/20080502050953/http://icpc.baylor.edu/icpc/regionals/ViewRegionalStandings.asp?ContestID=784,,,Yes
,beijing-2005,beijing-2006,wf-2006,1031,2005 ACM Asia Programming Contest - Beijing,2005-11-13,,,,,,https://web.archive.org/web/20071011223813/http://icpc.baylor.edu/icpc/regionals/ViewRegionalStandings.asp?ContestID=742,,,Yes
,beijing-2004,beijing-2005,wf-2005,957,2004 ACM Asia Programming Contest - Beijing,2004-11-14,,,,,,https://web.archive.org/web/20071012163112/http://icpc.baylor.edu/icpc/regionals/ViewRegionalStandings.asp?ContestID=708,,,Yes
,beijing-2003,beijing-2004,wf-2004,1019,2003 ACM Asia Programming Contest - Beijing,2003-10-26,,,,,,"https://web.archive.org/web/20040204201701/http://www.acm.tsinghua.edu.cn/ssjg.htm, https://web.archive.org/web/20071012210100/http://icpc.baylor.edu/icpc/regionals/ViewRegionalStandings.asp?ContestID=666",,,Yes
,beijing-2002,beijing-2003,wf-2003,1265,2002 ACM Asia Programming Contest - Beijing,2002-10-27,,,https://web.archive.org/web/20060901165821/http://icpc.baylor.edu/past/icpc2003/regionals/Reports/www.acm.tsinghua.edu.cn/index.html,,,,https://web.archive.org/web/20090307020412/http://icpc.baylor.edu/past/icpc2003/Regionals/Reports/icpc.baylor.edu/icpc/regionals/ViewRegionalStandingsf653.html?ContestID=596,,Yes
future,xian-2026,-,wf-2027,9609,2026 ICPC Asia Xi'an Regional Contest,,,,,,,,,,
,xian-2025,xian-2026,wf-2026,9220,2025 ICPC Asia Xi'an Regional Contest,2025-10-19,,,,,,,,,
,xian-2023,xian-2025,wf-2024,7681,2023 ICPC Asia Xi'an Regional Contest,2023-10-22,,,,,,,,,
,xian-2022,xian-2023,wf-2023,5550,2022 ICPC Asia Xi'an Regional Contest,2022-11-13,,,,https://codeforces.com/gym/104077/standings,,,,,Yes
,xian-2017,xian-2022,wf-2018,3366,2017 ACM-ICPC Asia Xian Regional Contest,2017-10-29,,,,https://web.archive.org/web/20171228133414/http://board.acmicpc.info/icpc2017/nwpu_onsite.php,,,,https://icpc.global/regionals/finder/Xian-2018/standings,Yes
,xian-2014,xian-2017,wf-2015,2697,2014 ACM-ICPC Asia Xian Regional Contest,2014-10-26,,,,https://web.archive.org/web/20141029090750/http://board.acmicpc.info/icpc2014/nwpu_onsite.php,,,,https://icpc.global/regionals/finder/XIA-2015/standings,Yes
,xian-2006,xian-2014,wf-2007,1284,2006 ACM Asia Programming Contest - Xian,2006-12-17,,,,,,https://web.archive.org/web/20080502051013/http://icpc.baylor.edu/icpc/regionals/ViewRegionalStandings.asp?ContestID=790,,,Yes
,xian-2002,xian-2006,wf-2003,1091,2002 ACM Asia Programming Contest - Xian,2002-11-30,,,,https://web.archive.org/web/20060901164406/http://icpc.baylor.edu/past/icpc2003/regionals/Reports/unit.xjtu.edu.cn/unit/acm/jieguo.htm,,,https://web.archive.org/web/20090307020327/http://icpc.baylor.edu/past/icpc2003/Regionals/Reports/icpc.baylor.edu/icpc/regionals/ViewRegionalStandings8b0b.html?ContestID=578,,Yes
,ghuangzhou-2014,-,wf-2015,2605,2014 ACM-ICPC Asia Guangzhou Regional Contest,2014-11-23,,,,https://web.archive.org/web/20141125200141/http://board.acmicpc.info/icpc2014/scut_onsite.php,,,,https://icpc.global/regionals/finder/Guangzhou-2015/standings,Yes
,ghuangzhou-2003,ghuangzhou-2014,wf-2004,1279,2003 ACM Asia Programming Contest - Guangzhou,2003-11-23,,,,,,https://web.archive.org/web/20071012205943/http://icpc.baylor.edu/icpc/regionals/ViewRegionalStandings.asp?ContestID=652,,,Yes
future,chengdu-2026,-,wf-2027,9604,2026 ICPC Asia Chengdu Regional Contest,,,,,,,,,,
,chengdu-2025,chengdu-2026,wf-2026,9226,2025 ICPC Asia Chengdu Regional Contest,2025-10-26,,,,,,https://icpc-iiitdm.vercel.app/Icpc%202025/ICPC%20Chennai%20Onsite%202025-%20Final%20Ranklist.pdf,,,Yes
,chengdu-2024,chengdu-2025,wf-2025,9094,2024 ICPC Asia Chengdu Regional Contest,2024-10-27,,,,https://codeforces.com/gym/105486/standings,,,,https://icpc.global/regionals/finder/Chengdu-2025/standings,Yes
,chengdu-2013,chengdu-2024,wf-2014,1911,2013 ACM-ICPC Asia Chengdu Regional Contest,2013-10-20,,,,https://web.archive.org/web/20131022024903/http://board.acmicpc.info/icpc2013/uestc_onsite.php,,,,https://icpc.global/regionals/finder/Chengdu-2014/standings,Yes
,chengdu-2012,chengdu-2013,wf-2013,1360,2012 ACM-ICPC Asia Chengdu Regional Contest,2012-11-11,,,,https://web.archive.org/web/20121113210625/http://board.acmicpc.info/icpc2012/nsu_onsite.php,,,,https://icpc.global/regionals/finder/Chengdu-2013/standings,Yes
,chengdu-2011,chengdu-2012,wf-2012,801,2011 ACM-ICPC Asia Chengdu Regional Contest,2011-11-06,,,,https://web.archive.org/web/20121018082912/http://board.acmicpc.info/icpc2011/ccniit_onsite.php,,,,https://icpc.global/regionals/finder/Chengdu-2012/standings,Yes
,chengdu-2010,chengdu-2011,wf-2011,658,2010 ACM-ICPC Asia Chengdu Regional Contest,2010-11-07,,,,https://web.archive.org/web/20121108180240/http://board.acmicpc.info/icpc2010/scu_onsite.php,,,,https://icpc.global/regionals/finder/Chengdu-2011/standings,Yes
,chengdu-2008,chengdu-2010,wf-2009,9,2008 Asia Chengdu Contest,2008-11-30,,,https://web.archive.org/web/20090119193831/http://acm.swun.edu.cn/,,,,,,
,chengdu-2007,chengdu-2008,wf-2008,1151,2007 ACM Asia Programming Contest - Chengdu,2007-11-18,,,,,,https://web.archive.org/web/20080915032508/http://icpc.baylor.edu/icpc/regionals/ViewRegionalStandings.asp?ContestID=878,,,Yes
,chengdu-2005,chengdu-2007,wf-2006,994,2005 ACM Asia Programming Contest - ChengDu,2005-11-06,,,,,,https://web.archive.org/web/20071011194551/http://icpc.baylor.edu/icpc/regionals/ViewRegionalStandings.asp?ContestID=745,,,Yes
,hangzhou-2024,-,wf-2025,9014,2024 ICPC Asia Hangzhou Regional Contest,2024-11-10,,,,https://codeforces.com/gym/105657/standings,,,,https://icpc.global/regionals/finder/Hangzhou-2025/standings,Yes
,hangzhou-2023,hangzhou-2024,wf-2024,7691,2023 ICPC Asia Hangzhou Regional Contest,2023-12-10,,,,https://codeforces.com/gym/104976/standings,,,,https://icpc.global/regionals/finder/Hangzhou-2024/standings,Yes
,hangzhou-2022,hangzhou-2023,wf-2023,6158,2022 ICPC Asia Hangzhou Regional Contest,2022-12-04,,,,https://codeforces.com/gym/104090/standings,,,,https://icpc.global/regionals/finder/Hangzhou-2023/standings,Yes
,hangzhou-2013,hangzhou-2022,wf-2014,1955,2013 ACM-ICPC Asia Hangzhou Regional Contest,2013-10-27,,,,https://web.archive.org/web/20131030053228/http://board.acmicpc.info/icpc2013/zjut_onsite.php,,,,https://icpc.global/regionals/finder/Hangzhou-2014/standings,Yes
,hangzhou-2012,hangzhou-2013,wf-2013,1359,2012 ACM-ICPC Asia Hangzhou Regional Contest,2012-11-04,,,,https://web.archive.org/web/20121228005539/http://board.acmicpc.info/icpc2012/zstu_onsite.php,,,,https://icpc.global/regionals/finder/Hangzhou-2013/standings,Yes
,hangzhou-2010,hangzhou-2012,wf-2011,660,2010 ACM-ICPC Asia Hangzhou Regional Contest,2010-10-24,,,,"https://web.archive.org/web/20121108112917/http://board.acmicpc.info/icpc2010/zstu_onsite.php, https://web.archive.org/web/20101029045749/https://acm.zstu.edu.cn/summary.html",,,,https://icpc.global/regionals/finder/Hangzhou-2011/standings,Yes
,hangzhou-2008,hangzhou-2010,wf-2009,11,2008 Asia Hangzhou Contest,2008-11-23,,,,,,,,,
,hangzhou-2005,hangzhou-2008,wf-2006,1067,2005 ACM Asia Programming Contest - Hangzhou,2005-11-20,,,,,,https://web.archive.org/web/20071011223750/http://icpc.baylor.edu/icpc/regionals/ViewRegionalStandings.asp?ContestID=728,,,Yes
,changchun-2015,-,wf-2016,2871,2015 ACM-ICPC Asia Changchun Regional Contest,2015-10-18,,,,https://web.archive.org/web/20160315105502/http://board.acmicpc.info/icpc2015/nenu_onsite.php,,,,,Yes
,changchun-2013,changchun-2015,wf-2014,1946,2013 ACM-ICPC Asia Changchun Regional Contest,2013-12-08,,,,https://web.archive.org/web/20131210065246/http://board.acmicpc.info/icpc2013/jlu_onsite.php,,,,,Yes
,changchun-2012,changchun-2013,wf-2013,1373,2012 ACM-ICPC Asia Changchun Regional Contest,2012-10-15,,,,https://web.archive.org/web/20121017001036/http://board.acmicpc.info/icpc2012/nenu_onsite.php,,,,,Yes
,changchun-2007,changchun-2012,wf-2008,1255,2007 ACM Asia Programming Contest - Changchun,2007-11-05,,,,https://web.archive.org/web/20100328231147/http://acm.jlu.edu.cn/cc2007/summary.html,,,,,Yes
future,nanjing-2026,-,wf-2027,9603,2026 ICPC Asia Nanjing Regional Contest,,,,,,,,,,
,nanjing-2025,nanjing-2026,wf-2026,9227,2025 ICPC Asia Nanjing Regional Contest,2025-11-09,,,,https://codeforces.com/gym/106084/standings,,,,,Yes
,nanjing-2024,nanjing-2025,wf-2025,9038,2024 ICPC Asia Nanjing Regional Contest,2024-11-03,,,,https://codeforces.com/gym/105484/standings,,,,https://icpc.global/regionals/finder/Nanjing-2025/standings,Yes
,nanjing-2023,nanjing-2024,wf-2024,7696,2023 ICPC Asia Nanjing Regional Contest,2023-11-05,,,,https://codeforces.com/gym/104821/standings,,,,https://icpc.global/regionals/finder/Nanjing-2024/standings,Yes
,nanjing-2022,nanjing-2023,wf-2023,5544,2022 ICPC Asia Nanjing Regional Contest,2022-12-18,,,,https://codeforces.com/gym/104128/standings,,,,https://icpc.global/regionals/finder/Nanjing-2023/standings,Yes
,nanjing-2021,nanjing-2022,wf-2022,4750,2021 ICPC Asia Nanjing Regional Contest,2021-12-05,,,,https://codeforces.com/gym/103470/standings,,,,https://icpc.global/regionals/finder/AR-Nannjing-2022/standings,Yes
,nanjing-2020,nanjing-2021,wf-2021,4391,2020 ICPC Asia Nanjing Regional Contest,2020-11-28,,,,,,,,https://icpc.global/regionals/finder/AR-Nannjing-2021/standings,Yes
,nanjing-2019,nanjing-2020,wf-2020,4237,2019 ICPC Asia Nanjing Regional Contest,2019-10-27,,,,https://codeforces.com/gym/103466/standings,,,,https://icpc.global/regionals/finder/AR-Nannjing-2020/standings,Yes
,nanjing-2018,nanjing-2019,wf-2019,3697,2018 ICPC Asia Nanjing Regional Contest,2018-10-14,,,,https://codeforces.com/gym/101981/standings,,,,https://icpc.global/regionals/finder/AR-Nannjing-2019/standings,Yes
,nanjing-2013,nanjing-2018,wf-2014,1935,2013 ACM-ICPC Asia Nanjing Regional Contest,2013-11-03,,,,https://web.archive.org/web/20131106120308/http://board.acmicpc.info/icpc2013/njust_onsite.php,,,,https://icpc.global/regionals/finder/Nanjing-2014/standings,Yes
,nanjing-2007,nanjing-2013,wf-2008,1250,2007 ACM Asia Programming Contest - Nanjing,2007-10-28,,,,,,"https://web.archive.org/web/20080915032513/http://icpc.baylor.edu/icpc/regionals/ViewRegionalStandings.asp?ContestID=879, https://web.archive.org/web/20080430145610/http://icpc07.nuaa.edu.cn/Nanjing-Site-ENG.htm",,,Yes
,harbin-2010,-,wf-2011,597,2010 ACM-ICPC Asia Harbin Regional Contest,2010-09-26,,,https://web.archive.org/web/20120630032255/http://acm.hrbeu.edu.cn/icpc/,https://web.archive.org/web/20121108180228/http://board.acmicpc.info/icpc2010/hrbeu_onsite.php,,,,,Yes
,harbin-2009,harbin-2010,wf-2010,495,2009 ACM-ICPC Asia Harbin Regional Contest,2009-11-08,,,https://web.archive.org/web/20150308015017/http://acm.hit.edu.cn/icpc-regional-2009/page.php?id=5,,,,,https://icpc.global/regionals/finder/Harbin-2010/standings,Yes
,harbin-2008,harbin-2009,wf-2009,12,2008 Asia Harbin Contest,2008-10-22,,,,https://web.archive.org/web/20121108175327/http://board.acmicpc.info/icpc2008/hrbeu_onsite.php,,,,,Yes
,hefei-2023,-,wf-2024,7700,2023 ICPC Asia Hefei Regional Contest,2023-10-31,,,,https://codeforces.com/gym/104857/standings,,,,,Yes
,hefei-2022,hefei-2023,wf-2023,6159,2022 ICPC Asia Hefei Regional Contest,2022-11-20,,,,,,,,,
,hefei-2015,hefei-2022,wf-2016,2928,2015 ACM-ICPC Asia Hefei Regional Contest,2015-11-08,,,https://web.archive.org/web/20150913000753/http://acm.ustc.edu.cn/icpc2015/,"https://web.archive.org/web/20151110063227/http://board.acmicpc.cn/, https://web.archive.org/web/20160315102018/http://board.acmicpc.info/icpc2015/ustc_onsite.php",,,,https://icpc.global/regionals/finder/Hefei-2016/standings,Yes
,hefei-2009,hefei-2015,wf-2010,496,2009 ACM-ICPC Asia Hefei Regional Contest,2009-10-11,,,,,,,,https://icpc.global/regionals/finder/Hefei-2010/standings,Yes
,hefei-2008,hefei-2009,wf-2009,13,2008 Asia Hefei Contest,2008-11-16,,,,"https://web.archive.org/web/20121108112848/http://board.acmicpc.info/icpc2008/ustc_online.php#, https://web.archive.org/web/20090405174803/http://acm.ustc.edu.cn/standing.html",,,,,Yes
,ningbo-2009,-,wf-2010,506,2009 ACM-ICPC Asia Ningbo Regional Contest,2009-10-18,,,https://web.archive.org/web/20090830083806/http://acmasia09.nit.net.cn/,,,,,https://icpc.global/regionals/finder/Ningbo-2010/standings,Yes
,wuhan-2009,-,wf-2010,505,2009 ACM-ICPC Asia Wuhan Regional Contest,2009-11-01,,,,https://web.archive.org/web/20121109060927/http://board.acmicpc.info/icpc2009/whu_onsite.php,,,,,Yes
,tianjin-2012,-,wf-2013,1369,2012 ACM-ICPC Asia Tianjin Regional Contest,2012-10-21,,,,https://web.archive.org/web/20121023211543/http://board.acmicpc.info/icpc2012/tjut_onsite.php,,,,,Yes
,tianjin-2010,tianjin-2012,wf-2011,664,2010 ACM-ICPC Asia Tianjin Regional Contest,2010-10-17,,,,https://web.archive.org/web/20121108180246/http://board.acmicpc.info/icpc2010/tju_onsite.php,,,,,Yes
,fuzhou-2011,-,wf-2012,808,2011 ACM-ICPC Asia Fuzhou Regional Contest,2011-11-20,,,,https://web.archive.org/web/20121020100521/http://board.acmicpc.info/icpc2011/fjnu_onsite.php,,,,,Yes
,fuzhou-2010,fuzhou-2011,wf-2011,659,2010 ACM-ICPC Asia Fuzhou Regional Contest,2010-11-21,,,,https://web.archive.org/web/20121108180218/http://board.acmicpc.info/icpc2010/fzu_onsite.php,,,,,Yes
,dalian-2016,-,wf-2017,3024,2016 ACM-ICPC Asia Dalian Regional Contest,2016-10-16,,,,https://web.archive.org/web/20161020073432/http://board.acmicpc.info/icpc2016/dlmu_onsite.php,,,,,Yes
,dalian-2011,dalian-2016,wf-2012,794,2011 ACM-ICPC Asia Dalian Regional Contest,2011-09-23,,,,https://web.archive.org/web/20121018075801/http://board.acmicpc.info/icpc2011/dlut_onsite.php,,,,,Yes
,jinhua-2012,-,wf-2013,1358,2012 ACM-ICPC Asia Jinhua Regional Contest,2012-10-28,,,,https://web.archive.org/web/20121030213011/http://board.acmicpc.info/icpc2012/zjnu_onsite.php,,,,,Yes
,changsha-2013,-,wf-2014,1943,2013 ACM-ICPC Asia Changsha Regional Contest,2013-11-17,,,,https://web.archive.org/web/20131120195359/http://board.acmicpc.info/icpc2013/hnu_onsite.php,,,,,Yes
,mudanjiang-2014,-,wf-2015,2601,2014 ACM-ICPC Asia Mudanjiang Regional Contest,2014-10-12,,,,https://web.archive.org/web/20141014191822/http://board.acmicpc.info/icpc2014/mdjnu_onsite.php,,,,,Yes
,anshan-2014,-,wf-2015,2621,2014 ACM-ICPC Asia Anshan Regional Contest,2014-10-19,,,,https://web.archive.org/web/20141021232348/http://board.acmicpc.info/icpc2014/ustl_onsite.php,,,,,Yes
future,shenyang-2026,-,wf-2027,9610,2026 ICPC Asia Shenyang Regional Contest,,,,,,,,,,
,shenyang-2025,shenyang-2026,wf-2026,9187,2025 ICPC Asia Shenyang Regional Contest,2025-11-16,,,,https://codeforces.com/gym/106252/standings,,,,,Yes
,shenyang-2024,shenyang-2025,wf-2025,9040,2024 ICPC Asia Shenyang Regional Contest,2024-11-24,,,,,,,,,
,shenyang-2023,shenyang-2024,wf-2024,7706,2023 ICPC Asia Shenyang Regional Contest,2023-11-12,,,,,,,,https://icpc.global/regionals/finder/Shenyang-2024/standings,Yes
,shenyang-2022,shenyang-2023,wf-2023,5548,2022 ICPC Asia Shenyang Regional Contest,2022-11-06,,,,https://codeforces.com/gym/104160/standings,,,,https://icpc.global/regionals/finder/Shenyang-2023/standings,Yes
,shenyang-2021,shenyang-2022,wf-2022,4716,2021 ICPC Asia Shenyang Regional Contest,2021-11-21,,,,https://codeforces.com/gym/103427/standings,,,,https://icpc.global/regionals/finder/Shenyang-2022/standings,Yes
,shenyang-2020,shenyang-2021,wf-2021,4393,2020 ICPC Asia Shenyang Regional Contest,2021-07-18,,,,https://codeforces.com/gym/103202/standings,,,,https://icpc.global/regionals/finder/Shenyang-2021/standings,Yes
,shenyang-2019,shenyang-2020,wf-2020,4227,2019 ICPC Asia Shenyang Regional Contest,,,,,,,,,https://icpc.global/regionals/finder/Shenyang-2020/standings,Yes
,shenyang-2018,shenyang-2019,wf-2019,3714,2018 ICPC Asia Shenyang Regional Contest,2018-10-21,,,,,,,,https://icpc.global/regionals/finder/Shenyang-2019/standings,Yes
,shenyang-2017,shenyang-2018,wf-2018,3374,2017 ACM-ICPC Asia Shenyang Regional Contest,2017-10-22,,,,https://web.archive.org/web/20171208222644/http://board.acmicpc.info/icpc2017/neu_onsite.php,,,,,Yes
,shenyang-2016,shenyang-2017,wf-2017,3093,2016 ACM-ICPC Asia Shenyang Regional Contest,2016-10-23,,,,https://web.archive.org/web/20161025235944/http://board.acmicpc.info/icpc2016/neu_onsite.php,,,,,Yes
,shenyang-2015,shenyang-2016,wf-2016,2947,2015 ACM-ICPC Asia Shenyang Regional Contest,2015-10-25,,,,https://web.archive.org/web/20160315101931/http://board.acmicpc.info/icpc2015/neu_onsite.php,,,,,Yes
,qingdao-2018,-,wf-2019,3718,2018 ICPC Asia QingDao Regional Contest,2018-11-04,,,,https://codeforces.com/gym/104270/standings,,,,https://icpc.global/regionals/finder/QingDao-2019/standings,Yes
,qingdao-2017,qingdao-2018,wf-2018,3372,2017 ACM-ICPC Asia QingDao Regional Contest,2017-11-05,,,https://web.archive.org/web/20180111232000/http://acm.upc.edu.cn/,"https://web.archive.org/web/20171228135315/http://board.acmicpc.info/ccpc2017/upc_onsite.php, https://web.archive.org/web/20180110224101/http://exam.upc.edu.cn/rank/",,,,https://icpc.global/regionals/finder/QingDao-2018/standings,Yes
,qingdao-2016,qingdao-2017,wf-2017,3028,2016 ACM-ICPC Asia QingDao Regional Contest,2016-11-13,,,,,,,,https://icpc.global/regionals/finder/QingDao-2017/standings,Yes
,pyongyang-2016,-,wf-2017,3216,2016 ACM-ICPC Asia Pyongyang Regional Contest,2016-11-10,,,,https://web.archive.org/web/20170614233009/http://ryongnamsan.edu.kp/univ/down/inter_21_standing.png,,,,,Yes
,urumqi-2017,-,wf-2018,3480,2017 ACM-ICPC Asia Urumqi Regional Programming Contest,2017-12-03,,,,https://web.archive.org/web/20171220124105/http://board.acmicpc.info/icpc2017/xju_onsite.php,,,,,Yes
,nanning-2017,-,wf-2018,3370,2017 ACM-ICPC Asia Nanning Regional Contest,2017-11-26,,,,https://web.archive.org/web/20171228131523/http://board.acmicpc.info/icpc2017/gxu_onsite.php,,,,,Yes
,jiaozuo-2018,-,wf-2019,3716,2018 ICPC Asia Jiaozuo Regional Contest,2018-11-25,,,,,,,,https://icpc.global/regionals/finder/Asia-jiaozuo-2019/standings,Yes
,xuzhou-2019,-,wf-2020,4235,2019 ICPC Asia Xuzhou Regional Programming Contest,2019-11-03,,,,,,,,https://icpc.global/regionals/finder/Xuzhou-2020/standings,Yes
,xuzhou-2018,xuzhou-2019,wf-2019,3712,2018 ICPC Asia Xuzhou Regional Programming Contest,2018-10-28,,,,https://codeforces.com/gym/102012/standings,,,,https://icpc.global/regionals/finder/Xuzhou-2019/standings,Yes
,yinchuan-2019,-,wf-2020,4211,2019 ICPC Asia Yinchuan Regional Contest,2019-11-10,,,,,,,,https://icpc.global/regionals/finder/Yinchuan-2020/standings,Yes
,nanchang-2019,-,wf-2020,4231,2019 ICPC Asia Nanchang Regional Contest,2019-11-29,,,,,,,,https://icpc.global/regionals/finder/Asia-Nanchang-2020/standings,Yes
,jinan-2023,-,wf-2024,7698,2023 ICPC Asia Jinan Regional Contest,2023-12-03,,,,https://codeforces.com/gym/104901/standings,,,,,Yes
,jinan-2022,jinan-2023,wf-2023,5571,2022 ICPC Asia Jinan Regional Contest,2022-11-27,,,,https://codeforces.com/gym/104076/standings,,,,https://icpc.global/regionals/finder/Jinan-2023/standings,Yes
,jinan-2021,jinan-2022,wf-2022,4733,2021 ICPC Asia Jinan Regional Contest,2021-11-14,,,,,,,,https://icpc.global/regionals/finder/Jinan-2022/standings,Yes
,jinan-2020,jinan-2021,wf-2021,4387,2020 ICPC Asia Jinan Regional Contest,,,,,,,,,https://icpc.global/regionals/finder/Jinan-2021/standings,Yes
,macau-2023,-,wf-2024,7703,2023 ICPC Asia Macau Regional Contest,2023-11-19,,,https://www.cis.um.edu.mo/icpc2023/,https://codeforces.com/gym/104891/standings,,,,https://icpc.global/regionals/finder/HongKong-City-2024/standings,Yes
,macau-2021,macau-2023,wf-2022,4735,2021 ICPC Asia Macau Regional Contest,2022-04-03,,,https://www.cis.um.edu.mo/icpc2022/,https://codeforces.com/gym/104373/standings,,,,https://icpc.global/regionals/finder/Macau-City-2022/standings,Yes
,macau-2020,macau-2021,wf-2021,4360,2020 ICPC Asia Macau Regional Contest,2021-05-29,,,https://www.cis.um.edu.mo/icpc2021/,https://codeforces.com/gym/103119/standings,,,,https://icpc.global/regionals/finder/Macau-City-2021/standings,Yes
,kunming-2024,-,wf-2025,9036,2024 ICPC Asia Kunming Regional  Contest,2024-12-01,,,https://codeforces.com/gym/105588/standings,,,,,,
,kunming-2021,kunming-2024,wf-2022,4746,2021 ICPC Asia Kunming Regional Contest,2022-04-10,,,,,,,,https://icpc.global/regionals/finder/Kunming-2022/standings,Yes
,kunming-2020,kunming-2021,wf-2021,4389,2020 ICPC Asia Kunming Regional Contest,2021-04-03,,,,,,,,https://icpc.global/regionals/finder/Kunming-2021/standings,Yes
future,apc-2027,-,wf-2027,9669,2027 ICPC Asia Pacific Championship,,,,,,,,,,
,apc-2026,apc-2027,wf-2026,9385,2026 ICPC Asia Pacific Championship,2026-03-09,,,https://apac.icpc.global/championship/2026/information/,https://icpcapac.firebaseapp.com/standings,,,,https://icpc.global/regionals/finder/APSEPC-2026/standings,Yes
,apc-2025,apc-2026,wf-2025,8734,2025 ICPC Asia Pacific Championship,2025-03-02,,,https://apac.icpc.global/championship/2025/information/,,,,,https://icpc.global/regionals/finder/APSEPC-2025/standings,Yes
,apc-2024,apc-2025,wf-2024,8633,2024 ICPC Asia Pacific Championship,2024-03-03,,,https://apac.icpc.global/championship/2024/information/,,,,,https://icpc.global/regionals/finder/APSEPC-2024/standings,Yes
future,taiwan-2026,-,apc-2027,9670,2026 ICPC Asia Taichung Regional Programming Contest,,,,,,,,,,
,taiwan-2025,taiwan-2026,apc-2026,9395,2025 ICPC Asia Taichung Regional Programming Contest,2025-11-17,,,,https://taichung2025.icpc.tw/,,,,,Yes
,taiwan-2024,taiwan-2025,apc-2025,8742,2024 ICPC Asia Taichung Regional Programming Contest,2024-11-18,,,https://web.archive.org/web/20250126084530/https://hpc.asia.edu.tw/icpc2024/,,,,,https://icpc.global/regionals/finder/Taipei-2025/standings,Yes
,taiwan-2023,taiwan-2024,apc-2024,7504,2023 ICPC Asia Taoyuan Regional Programming Contest,2023-10-22,,,https://icpc2023.ntub.edu.tw/,https://inc-s3.ntub.edu.tw/share-files/icpc2023-scoreboard-final.jpeg,,,,https://icpc.global/regionals/finder/Taipei-2024/standings,Yes
,taiwan-2022,taiwan-2023,wf-2023,5626,2022 ICPC Asia Taoyuan Regional Programming Contest,2022-11-21,,,https://icpc2022.ntub.edu.tw/,https://icpc2022.ntub.edu.tw/wp-content/uploads/2022/11/2022-taoyuan.png,,,,https://icpc.global/regionals/finder/Taipei-2023/standings,Yes
,taiwan-2021,taiwan-2022,wf-2022,4872,2021 ICPC Asia Taipei Regional Programming Contest,2021-11-29,,,https://icpc2021.ntub.edu.tw/,,,,,https://icpc.global/regionals/finder/Taipei-2022/standings,Yes
,taiwan-2020,taiwan-2021,wf-2021,4325,2020 ICPC Asia Taipei-Hsinchu Site Programming Contest,2020-11-09,,,https://icpc2020.ntub.edu.tw/,"https://icpc2020.ntub.edu.tw/wp-content/uploads/2020/11/Screenshot_2020-11-12-Scoreboard-DOMjudge.png, https://codeforces.com/gym/102835/standings",,,,https://icpc.global/regionals/finder/Taipei-2021/standings,Yes
,taiwan-2019,taiwan-2020,wf-2020,4181,2019 ICPC Asia Taipei-Hsinchu Site Programming Contest,2019-11-25,,,https://web.archive.org/web/20200814145320/http://contest2019.icpc.tw/,,,,,https://icpc.global/regionals/finder/Taipei-2020/standings,Yes
,taiwan-2018,taiwan-2019,wf-2019,3738,2018 ICPC Asia Taipei Regional Contest,2018-11-10,,,https://web.archive.org/web/20190827111447/http://icpc2018.ntu.edu.tw/,https://web.archive.org/web/20191017234443/http://icpc2018.ntu.edu.tw/scoreboardRC.html,,,,https://icpc.global/regionals/finder/Taipei-2019/standings,Yes
,taiwan-2017,taiwan-2018,wf-2018,3411,2017 ACM-ICPC Asia Hua-Lien Regional Contest,2017-11-25,,,https://web.archive.org/web/20181024011417/https://icpc2017.ndhu.edu.tw/bin/home.php,https://web.archive.org/web/20200927034807/https://icpc2017.ndhu.edu.tw/files/11-1186-16288.php?Lang=zh-tw,,,,https://icpc.global/regionals/finder/Hua-Lien-2018/standings,Yes
,taiwan-2016,taiwan-2017,wf-2017,3040,2016 ACM-ICPC Asia Chung-Li Regional Contest,2016-11-26,,,https://web.archive.org/web/20220330034915/https://icpc2016.cse.yzu.edu.tw/,,,,,https://icpc.global/regionals/finder/Chung-Li-2017/standings,Yes
,taiwan-2015,taiwan-2016,wf-2016,2921,2015 ACM-ICPC Asia Taipei Regional Contest,2015-12-06,,,,https://web.archive.org/web/20160112001248/http://icpc2015.csie.ntnu.edu.tw/ICPC2015_result/ICPC2015_result.html,,,,https://icpc.global/regionals/finder/Taipei-2016/standings,Yes
,taiwan-2014,taiwan-2015,wf-2015,2611,2014 ACM-ICPC Asia Taichung Regional Contest,2014-11-23,,,https://web.archive.org/web/20160108193708/http://icpc2014.pu.edu.tw/,https://web.archive.org/web/20151208164357/http://icpc2014.pu.edu.tw/score_finish.php,,,,https://icpc.global/regionals/finder/Taichung-2015/standings,Yes
,taiwan-2013,taiwan-2014,wf-2014,1906,2013 ACM-ICPC Asia Chia-Yi Regional Contest,2013-12-01,,,,https://web.archive.org/web/20140523123216/http://icpc2013.ccu.edu.tw/icpc2013/icpc_scoreboard_online.php,,,,https://icpc.global/regionals/finder/Chia-YI-2014/standings,Yes
,taiwan-2012,taiwan-2013,wf-2013,1368,2012 ACM-ICPC Asia Kaohsiung Regional Contest,2012-11-25,,,https://web.archive.org/web/20131203022420/http://icpc2012.lis.nsysu.edu.tw/bin/home.php,,,https://web.archive.org/web/20200927075850/http://c68.nsysu.edu.tw/ezfiles/232/1232/img/1441/contestresult.pdf,,https://icpc.global/regionals/finder/Kaohsiung-2013/standings,Yes
,taiwan-2011,taiwan-2012,wf-2012,798,2011 ACM-ICPC Asia Hsinchu Regional Contest,2011-11-26,,,,https://web.archive.org/web/20121221050656/http://icpc2011.chu.edu.tw/files/summary.html,,https://web.archive.org/web/20121021143115/http://icpc2011.chu.edu.tw/files/contest_result.pdf,,https://icpc.global/regionals/finder/Hsinchu-2012/standings,Yes
,taiwan-2010,taiwan-2011,wf-2011,662,2010 ACM-ICPC Asia Kaohsiung Regional Contest,2010-12-05,,,,,,https://web.archive.org/web/20101207003700/https://icpc2010.lis.nsysu.edu.tw/contestresult.html,,https://icpc.global/regionals/finder/Kaohsiung-2011/standings,Yes
,taiwan-2009,taiwan-2010,wf-2010,504,2009 ACM-ICPC Asia Hsinchu Regional Contest,2009-10-31,,,https://web.archive.org/web/20090511002004/http://icpc2009.nctu.edu.tw/,,,,,https://icpc.global/regionals/finder/Hsinchu-2010/standings,Yes
,taiwan-2008,taiwan-2009,wf-2009,19,2008 Asia Taipei Contest,2008-12-31,,,https://web.archive.org/web/20090202134826/http://icpc2008.ntu.edu.tw/,,,,,,
,taiwan-2007,taiwan-2008,wf-2008,969,2007 ACM Asia Programming Contest - Taipei,2007-11-25,,,,,,"https://web.archive.org/web/20080915032527/http://icpc.baylor.edu/icpc/regionals/ViewRegionalStandings.asp?ContestID=882, https://web.archive.org/web/20080127152038/http://acm.ntnu.edu.tw/html/final_standings.htm",,,Yes
,taiwan-2006,taiwan-2007,wf-2007,1128,2006 ACM Asia Programming Contest - Kaohsiung,2006-11-18,,,https://web.archive.org/web/20090331141455/http://guan.cse.nsysu.edu.tw/acm06,,,https://web.archive.org/web/20191121133914/https://guan.cse.nsysu.edu.tw/acm06/standings.html,,,Yes
,taiwan-2005,taiwan-2006,wf-2006,1191,2005 ACM Asia Programming Contest - Taipei,2005-10-31,,,,,,"https://web.archive.org/web/20071011185558/http://icpc.baylor.edu/icpc/regionals/ViewRegionalStandings.asp?ContestID=727, https://web.archive.org/web/20060202183136/http://acm.ntnu.edu.tw/html/final_standings.htm",,,Yes
,taiwan-2004,taiwan-2005,wf-2005,959,2004 ACM Asia Programming Contest - Taipei,2004-11-06,,,,,,https://web.archive.org/web/20081017085559/http://icpc.baylor.edu/icpc/regionals/ViewRegionalStandings.asp?ContestID=693,,,Yes
,taiwan-2003,taiwan-2004,wf-2004,1011,2003 ACM Asia Programming Contest - Kaohsiung,2003-11-08,,,,,,https://web.archive.org/web/20071012205938/http://icpc.baylor.edu/icpc/regionals/ViewRegionalStandings.asp?ContestID=651,,,Yes
,taiwan-2002,taiwan-2003,wf-2003,1253,2002 ACM Asia Programming Contest - Kaohsiung,2002-11-09,,,,,,https://web.archive.org/web/20040803235337/http://guan.cse.nsysu.edu.tw/acm02/standings.html,https://web.archive.org/web/20090307020251/http://icpc.baylor.edu/past/icpc2003/Regionals/Reports/icpc.baylor.edu/icpc/regionals/ViewRegionalStandings668e.html?ContestID=577,,Yes
,taiwan-2001,taiwan-2002,wf-2002,1163,2001 ACM Asia Programming Contest - Taipei,2001-11-25,,,,,,,https://web.archive.org/web/20050220101753/http://swt.edu/~ch01/Rankings2001/2001_taipei.htm,,Yes
,taiwan-2000,taiwan-2001,wf-2001,1054,"2000 ACM Asia Programming Contest, Taipei",2000-11-19,,,,,,https://web.archive.org/web/20011021195614fw_/http://acm.ntnu.edu.tw/Standings.html,https://web.archive.org/web/20050222101049/http://swt.edu/~ch01/rankins2000/2000_taipei.htm,,Yes
,taiwan-1999,taiwan-2000,wf-2000,972,"1999 ACM Asia Programming Contest, Taipei",1999-12-13,,,https://web.archive.org/web/20020311104039/http://icpc.baylor.edu/past/icpc2000/regionals/Taipei99/Report.html,,,"https://web.archive.org/web/20050221192050/http://swt.edu/~ch01/rankings1999/taipei99.htm, https://web.archive.org/web/20020111102630/http://icpc.baylor.edu/past/icpc2000/regionals/Taipei99/Standings.html",,,Yes
,taiwan-1998,taiwan-1999,wf-1999,1074,"1998 ACM Asia Programming Contest, Taipei",1998-11-20,,,https://web.archive.org/web/20000303010749/http://acm.ntnu.edu.tw/,,,https://web.archive.org/web/20041227031539/http://www.swt.edu/~ch01/taipeiranking98.htm,,,Yes
,taiwan-1997,taiwan-1998,wf-1998,pre-cms,Asia Regional/Taipei ,,,,,,,https://web.archive.org/web/20041226001555/http://www.swt.edu/~ch01/TaiPei97Rank.htm,,,
,taiwan-1996,taiwan-1997,wf-1997,pre-cms,Asian Programming Contest Region 1 (Kaohsiung),,,,,,,https://web.archive.org/web/20050220101704/http://swt.edu/~ch01/Rank96ka.htm,,,
,taiwan-1995,taiwan-1996,wf-1996,pre-cms,1995 Asia Regional Contest/Taipei,,,,,,,https://web.archive.org/web/20050221092801/http://swt.edu/~ch01/Teams95.htm,,,Yes
,taiwan-1994,taiwan-1995,wf-1995,pre-cms,,,,,,,,,,,
,taiwan-1993,taiwan-1994,wf-1994,pre-cms,1993 Far East Regional Programming Contest,1993-11-24,,,https://usenetarchives.com/view.php?id=soc.culture.china&mid=PDI2bmk3cCQzcTZAcGlyYXRlcy5jcy5zd3QuZWR1Pg,,,,,,
future,korea-2026,-,apc-2027,9685,2026 ICPC Asia Seoul Regional Onsite Contest,,,,,,,,,,
,korea-2025,korea-2026,apc-2026,9388,2025 ICPC Asia Seoul Regional Onsite Contest,2025-11-22,,,https://icpckorea.org/2025-seoul/regional,http://static.icpckorea.net/2025/regional/scoreboard/,,,,https://icpc.global/regionals/finder/Seoul-2026/standings,Yes
,korea-2024,korea-2025,apc-2025,8735,2024 ICPC Asia Seoul Regional Onsite Contest,2024-11-23,,,https://icpckorea.org/2024-seoul/regional,http://static.icpckorea.net/2024/regional/scoreboard/,,,,https://icpc.global/regionals/finder/Seoul-2025/standings,Yes
,korea-2023,korea-2024,apc-2024,7510,2023 ICPC Asia Seoul Regional Contest,2023-11-25,,,https://icpckorea.org/2023-seoul/regional,http://static.icpckorea.net/2023/regional/scoreboard/,,,,https://icpc.global/regionals/finder/Seoul-2024/standings,Yes
,korea-2022,korea-2023,wf-2023,5603,2022 ICPC Asia Seoul Regional Contest,2022-11-19,,,https://icpckorea.org/2022-seoul/regional,http://static.icpckorea.net/20221119/scoreboard/,,,,https://icpc.global/regionals/finder/Seoul-2023/standings,Yes
,korea-2021,korea-2022,wf-2022,4857,2021 ICPC Asia Seoul Regional Contest,2021-11-13,,,https://icpckorea.org/2021-seoul/regional,http://static.icpckorea.net/2021/scoreboard_regional/,,,,https://icpc.global/regionals/finder/Seoul-2022/standings,Yes
,korea-2020,korea-2021,wf-2021,4329,2020 ICPC Asia Seoul Regional Contest,2020-11-14,,,https://icpckorea.org/2020-seoul/regional,http://static.icpckorea.net/2020/scoreboard_terpin/,,,,https://icpc.global/regionals/finder/Seoul-2021/standings,Yes
,korea-2019,korea-2020,wf-2020,4154,2019 ICPC Asia Seoul Regional Contest,2019-11-09,,,https://icpckorea.org/2019-seoul/regional,https://web.archive.org/web/20191215032551/https://icpckorea.org/2019/regional/scoreboard/,,,,https://icpc.global/regionals/finder/Seoul-2020/standings,Yes
,korea-2018,korea-2019,wf-2019,3725,2018 ICPC Asia Seoul Regional Contest,2018-11-03,,,https://icpckorea.org/2018-seoul/regional,https://web.archive.org/web/20200920050447/http://icpckorea.org/2018/regional/scoreboard/,,,,https://icpc.global/regionals/finder/Seoul-2019/standings,Yes
,korea-2017,korea-2018,wf-2018,3421,2017 ACM-ICPC Asia Daejeon Regional Contest,2017-11-11,,,https://icpckorea.org/2017-daejeon/regional,https://web.archive.org/web/20191230085348/http://icpckorea.org/2017/regional/scoreboard/,,,,https://icpc.global/regionals/finder/Daejeon-2018/standings,Yes
,korea-2016,korea-2017,wf-2017,3030,2016 ACM-ICPC Asia Daejeon Regional Contest,2016-11-05,,,https://icpckorea.org/2016-daejeon/regional,https://icpckorea.org/2016/REGIONAL/scoreboard.html,,,,https://icpc.global/regionals/finder/Daejeon-2017/standings,Yes
,korea-2015,korea-2016,wf-2016,2945,2015 ACM-ICPC Asia Daejeon Regional Contest,2015-11-07,,,https://icpckorea.org/2015-daejeon/regional,https://icpckorea.org/2015/REGIONAL/scoreboard.html,,,,https://icpc.global/regionals/finder/Daejeon-2016/standings,Yes
,korea-2014,korea-2015,wf-2015,2603,2014 ACM-ICPC Asia Daejeon Regional Contest,2014-11-08,,,,,,,,https://icpc.global/regionals/finder/Daejeon-2015/standings,Yes
,korea-2013,korea-2014,wf-2014,1952,2013 ACM-ICPC Asia Daejeon Regional Contest,2013-11-02,,,,,,,,https://icpc.global/regionals/finder/Daejeon-2014/standings,Yes
,korea-2012,korea-2013,wf-2013,1363,2012 ACM-ICPC Asia Daejeon Regional Contest,2012-11-03,,,,,,,,https://icpc.global/regionals/finder/Daejeon-2013/standings,Yes
,korea-2011,korea-2012,wf-2012,795,2011 ACM-ICPC Asia Daejeon Regional Contest,2011-11-05,,,,,,,,https://icpc.global/regionals/finder/Daejeon-2012/standings,Yes
,korea-2010,korea-2011,wf-2011,608,2010 ACM-ICPC Asia Daejeon Regional Contest,2010-10-30,,,,,,,,https://icpc.global/regionals/finder/Daejeon-2011/standings,Yes
,korea-2009,korea-2010,wf-2010,508,2009 ACM-ICPC Asia Seoul Regional Contest,2009-11-06,,,,,,"https://web.archive.org/web/20100219170701/http://acm.kaist.ac.kr/forum/viewtopic.php?t=1394, https://web.archive.org/web/20150625003657/http://icpc.baylor.edu/regionals/finder/seoul-2009/standings",,https://icpc.global/regionals/finder/Seoul-2010/standings,Yes
,korea-2008,korea-2009,wf-2009,18,2008 Asia Seoul Contest,2008-11-07,,,https://icpckorea.org/2008-seoul/regional,,,,,,
,korea-2007,korea-2008,wf-2008,1156,2007 ACM Asia Programming Contest - Seoul,2007-11-02,,,https://web.archive.org/web/20080811020010/http://acm.kaist.ac.kr/forum/viewtopic.php?t=862,,,https://web.archive.org/web/20080915032423/http://icpc.baylor.edu/icpc/regionals/ViewRegionalStandings.asp?ContestID=862,,,Yes
,korea-2006,korea-2007,wf-2007,1005,2006 ACM Asia Programming Contest - Seoul,2006-11-03,,,,,,https://web.archive.org/web/20071011212941/http://icpc.baylor.edu/icpc/regionals/ViewRegionalStandings.asp?ContestID=781,,,Yes
,korea-2005,korea-2006,wf-2006,1108,2005 ACM Asia Programming Contest - Seoul,2005-11-04,,,,,,https://web.archive.org/web/20071011212854/http://icpc.baylor.edu/icpc/regionals/ViewRegionalStandings.asp?ContestID=739,,,Yes
,korea-2004,korea-2005,wf-2005,1157,2004 ACM Asia Programming Contest - Seoul,2004-11-11,,,,,,https://web.archive.org/web/20071012163027/http://icpc.baylor.edu/icpc/regionals/ViewRegionalStandings.asp?ContestID=705,,,Yes
,korea-2003,korea-2004,wf-2004,1290,2003 ACM Asia Programming Contest - Seoul,2003-11-07,,,https://web.archive.org/web/20060901165722/http://icpc.baylor.edu/past/icpc2003/regionals/Reports/cs.kaist.ac.kr/_acmicpc/index.html,,,"https://web.archive.org/web/20040611082356/http://cs.kaist.ac.kr/~acmicpc/rank.html, https://web.archive.org/web/20071012210045/http://icpc.baylor.edu/icpc/regionals/ViewRegionalStandings.asp?ContestID=663",,,Yes
,korea-2002,korea-2003,wf-2003,1168,2002 ACM Asia Programming Contest - Taejon,2002-11-02,,,https://web.archive.org/web/20040611100213fw_/http://cs.kaist.ac.kr/~acmicpc/2002/index.html,,,https://web.archive.org/web/20040905060646/http://cs.kaist.ac.kr/~acmicpc/2002/standing.html,https://web.archive.org/web/20090307020155/http://icpc.baylor.edu/past/icpc2003/Regionals/Reports/icpc.baylor.edu/icpc/regionals/ViewRegionalStandings1187.html?ContestID=590,,Yes
,korea-2001,korea-2002,wf-2002,998,2001 ACM Asia Programming Contest - Taejon,2001-11-04,,,,,,https://web.archive.org/web/20050220221935/http://swt.edu/~ch01/Rankings2001/standingKorea.html,,,Yes
,korea-2000,korea-2001,wf-2001,1231,"2000 ACM Asia Programming Contest, Seoul-Taejon",2000-11-06,,,,,,https://web.archive.org/web/20010428115234/http://cs.kaist.ac.kr/~acmicpc/standing.html,https://web.archive.org/web/20050222023411/http://swt.edu/~ch01/rankins2000/2000_korea.htm,,Yes
future,japan-2026,-,apc-2027,9676,2026 ICPC Asia Yokohama Regional Contest,,,,,,,,,,
,japan-2025,japan-2026,apc-2026,9386,2025 ICPC Asia Yokohama Regional Contest,2025-12-07,,,https://icpc.jp/2025/regional/,"https://storage.googleapis.com/files.icpc.jp/regional2025/standings.html, https://icpcsec.firebaseapp.com/standings/",,,,https://icpc.global/regionals/finder/Yokohama-2026/standings,Yes
,japan-2024,japan-2025,apc-2025,8738,2024 ICPC Asia Yokohama Regional Contest,2024-12-22,,,https://icpc.jp/2024/regional/,"https://storage.googleapis.com/files.icpc.jp/regional2024/standings.html, https://codeforces.com/gym/105633/standings",,,,https://icpc.global/regionals/finder/Yokohama-2025/standings,Yes
,japan-2023,japan-2024,apc-2024,7498,2023 ICPC Asia Yokohama Regional Contest,2023-11-26,,,https://icpc.jp/2023/regional/,,,,,https://icpc.global/regionals/finder/Yokohama-2024/standings,Yes
,japan-2022,japan-2023,wf-2023,5624,2022 ICPC Asia Yokohama Regional Contest,2022-12-28,,,https://icpc.jp/2022/regional/,,,,,https://icpc.global/regionals/finder/Yokohama-2023/standings,Yes
,japan-2021,japan-2022,wf-2022,4882,2021 ICPC Asia Yokohama Regional Contest,2022-03-16,,,https://icpc.jp/2021/regional/,,,https://icpc.jp/2021/regional/results/,,https://icpc.global/regionals/finder/Yokohama-2022/standings,Yes
,japan-2020,japan-2021,wf-2021,4331,2020 ICPC Asia Yokohama Regional Contest,2021-03-17,,,https://icpc.jp/2020/regional/,,,https://icpc.jp/2020/regional/results/,,https://icpc.global/regionals/finder/Yokohama-2021/standings,Yes
,japan-2019,japan-2020,wf-2020,4165,2019 ICPC Asia Yokohama Regional Contest,2019-11-18,,,https://icpc.jp/2019/regional/,,,https://icpc.jp/2019/regional/results/,,https://icpc.global/regionals/finder/Yokohama-2020/standings,Yes
,japan-2018,japan-2019,wf-2019,3742,2018 ICPC Asia Yokohama Regional Contest,2018-12-09,,,https://icpc.jp/2018/regional/,https://codeforces.com/gym/102082/standings,,https://icpc.jp/2018/regional/results/,,https://icpc.global/regionals/finder/Yokohama-2019/standings,Yes
,japan-2017,japan-2018,wf-2018,3413,2017 ACM-ICPC Asia Tsukuba Regional Contest,2017-12-17,,,https://icpc.jp/2017/,https://storage.googleapis.com/files.icpc.jp/regional2017/standings.html,,https://icpc.jp/2017/regional/results/,,https://icpc.global/regionals/finder/Tsukuba-2018/standings,Yes
,japan-2016,japan-2017,wf-2017,3042,2016 ACM-ICPC Asia Tsukuba Regional Contest,2016-10-16,,,https://icpc.jp/2016/,,,https://icpc.jp/2016/regional/results/,,https://icpc.global/regionals/finder/Tsukuba-2017/standings,Yes
,japan-2015,japan-2016,wf-2016,2912,2015 ACM-ICPC Asia Tsukuba Regional Contest,2015-11-30,,,https://icpc.jp/2015/,,,https://icpc.jp/2015/regional/results/,,https://icpc.global/regionals/finder/Tsukuba-2016/standings,Yes
,japan-2014,japan-2015,wf-2015,2590,2014 ACM-ICPC Asia Tokyo Regional Contest,2014-10-20,,,https://icpc.jp/2014/,,,https://icpc.jp/2014/regional/results/,,https://icpc.global/regionals/finder/Tokyo-2015/standings,Yes
,japan-2013,japan-2014,wf-2014,1929,2013 ACM-ICPC Asia Aizu Regional Contest,2013-11-25,,,https://web.archive.org/web/20170715033451/http://sparth.u-aizu.ac.jp/icpc2013/,,,https://web.archive.org/web/20161201140219/http://sparth.u-aizu.ac.jp/icpc2013/r_result.php/,,https://icpc.global/regionals/finder/Aizu-2014/standings,Yes
,japan-2012,japan-2013,wf-2013,1487,2012 ACM-ICPC Asia Tokyo Regional Contest,2012-11-19,,,http://www.cs.titech.ac.jp/icpc2012/index-e.html,,,http://www.cs.titech.ac.jp/icpc2012/regional-contest/standing-e.html,,https://icpc.global/regionals/finder/Tokyo-2013/standings,Yes
,japan-2011,japan-2012,wf-2012,797,2011 ACM-ICPC Asia Fukuoka Regional Contest,2011-11-14,,,https://web.archive.org/web/20120705201347/http://icpc2011.ait.kyushu-u.ac.jp/,,,https://web.archive.org/web/20120523181339/http://icpc2011.ait.kyushu-u.ac.jp/regional-contest/standing,,https://icpc.global/regionals/finder/Fukuoka-2012/standings,Yes
,japan-2010,japan-2011,wf-2011,600,2010 ACM-ICPC Asia Tokyo Regional Contest,2010-12-12,,,https://web.archive.org/web/20101205005503/http://icpc2010.honiden.nii.ac.jp/,,,https://web.archive.org/web/20101218084842/http://icpc2010.honiden.nii.ac.jp/en/regional-contest/standing,,https://icpc.global/regionals/finder/Tokyo-2011/standings,Yes
,japan-2009,japan-2010,wf-2010,498,2009 ACM-ICPC Asia Tokyo Regional Contest,2009-11-08,,,,,,https://web.archive.org/web/20160406094000/http://www.waseda.jp/assoc-icpc2009/contest/ranking.html,,https://icpc.global/regionals/finder/Tokyo-2010/standings,Yes
,japan-2008,japan-2009,wf-2009,6,2008 Asia Aizu Contest,2008-10-26,,,https://web.archive.org/web/20090101040837/http://sparth.u-aizu.ac.jp/icpc2008/r_overview.php,,,https://web.archive.org/web/20090101040233/http://sparth.u-aizu.ac.jp/icpc2008/r_result.php,,,Yes
,japan-2007,japan-2008,wf-2008,1069,2007 ACM Asia Programming Contest - Tokyo,2007-11-03,,,,,,https://web.archive.org/web/20080915032522/http://icpc.baylor.edu/icpc/regionals/ViewRegionalStandings.asp?ContestID=881,,,Yes
,japan-2006,japan-2007,wf-2007,1126,2006 ACM Asia Programming Contest - Yokohama,2006-11-05,,,https://web.archive.org/web/20080807125305/http://www.acm-japan.org/icpc2006/,,,"https://web.archive.org/web/20080502051025/http://icpc.baylor.edu/icpc/regionals/ViewRegionalStandings.asp?ContestID=792, https://web.archive.org/web/20080907145041/http://www.acm-japan.org/icpc2006/regional/result.html",,,Yes
,japan-2005,japan-2006,wf-2006,1087,2005 ACM Asia Programming Contest - Tokyo,2005-11-04,,,https://web.archive.org/web/20080507181550/http://www.teu.ac.jp/icpc/,,,"https://web.archive.org/web/20071011212838/http://icpc.baylor.edu/icpc/regionals/ViewRegionalStandings.asp?ContestID=729, https://web.archive.org/web/20080626140323/http://www.teu.ac.jp/icpc/regional/results.html",,,Yes
,japan-2004,japan-2005,wf-2005,1117,2004 ACM Asia Programming Contest - Ehime,2004-11-21,,,https://web.archive.org/web/20071101090735/http://www.ehime-u.ac.jp/ICPC/regional/results.html,,,https://web.archive.org/web/20071012162935/http://icpc.baylor.edu/icpc/regionals/ViewRegionalStandings.asp?ContestID=695,,,Yes
,japan-2003,japan-2004,wf-2004,1198,2003 ACM Asia Programming Contest - Aizu,2003-11-02,,,,,,https://web.archive.org/web/20071012205948/http://icpc.baylor.edu/icpc/regionals/ViewRegionalStandings.asp?ContestID=653,,,Yes
,japan-2002,japan-2003,wf-2003,1194,2002 ACM Asia Programming Contest - Kanazawa,2002-11-04,,,https://web.archive.org/web/20060901154519/http://icpc.baylor.edu/past/icpc2003/regionals/Reports/www.kitnet.jp/icpc/index.html,,,https://web.archive.org/web/20060901154542/http://icpc.baylor.edu/past/icpc2003/regionals/Reports/www.kitnet.jp/icpc/ajiakekka/index.html,https://web.archive.org/web/20090307020337/http://icpc.baylor.edu/past/icpc2003/Regionals/Reports/icpc.baylor.edu/icpc/regionals/ViewRegionalStandingsb445.html?ContestID=580,,Yes
,japan-2001,japan-2002,wf-2002,1055,2001 ACM Asia Programming Contest - Hakodate,2001-11-11,,,https://web.archive.org/web/20090103170540/http://www.fun.ac.jp/icpc/,,,"https://web.archive.org/web/20050220221951/http://swt.edu/~ch01/Rankings2001/StandingsJapan.html, https://web.archive.org/web/20050308002745fw_/http://www.fun.ac.jp/icpc/full.html",https://web.archive.org/web/20090102025416/http://icpc.baylor.edu/Past/icpc2002/regionals/ViewRegionalStandings.asp?ContestID=512,,Yes
,japan-2000,japan-2001,wf-2001,1044,"2000 ACM Asia Programming Contest, Tsukuba",2000-11-12,,,https://web.archive.org/web/20071105094436/http://icpc.score.is.tsukuba.ac.jp/,,,,https://web.archive.org/web/20050222023435/http://swt.edu/~ch01/rankins2000/2000_japan.htm,,Yes
,japan-1999,japan-2000,wf-2000,977,"1999 ACM Asia Programming Contest, Kyoto",1999-12-04,,,,,,https://web.archive.org/web/20050221192159/http://swt.edu/~ch01/rankings1999/tokyo99.htm,,,Yes
,japan-1998,japan-1999,wf-1999,1102,"1998 ACM Asia Programming Contest, Japan",1998-11-23,,,,,,https://web.archive.org/web/20041227031552/http://www.swt.edu/~ch01/tokyoranking98.htm,,,Yes
future,thailand-2026,-,apc-2027,9674,2026 ICPC Asia Bangkok Regional Contest,,,,,,,,,,
,thailand-2025,thailand-2026,apc-2026,9465,2025 ICPC Asia Bangkok Regional Contest,2025-11-02,,,,https://icpc-chula.github.io/scoreboard-archive/2025/,,,,https://icpc.global/regionals/finder/Bangkok-2026/standings,Yes
,thailand-2019,thailand-2025,wf-2020,4264,2019 ICPC Asia Bangkok Programming Contest,2019-11-03,,,https://acm-icpc.eng.chula.ac.th/#/,,,,,https://icpc.global/regionals/finder/AsiaBangkok-2020/standings,Yes
,thailand-2018,thailand-2019,wf-2019,3735,2018 ICPC Asia Nakhon Pathom Regional Contest,2018-11-18,,,https://web.archive.org/web/20181029045736/https://www.ict.mahidol.ac.th/acmicpc/2018/,,,,,https://icpc.global/regionals/finder/Nakhon-Pathom-2019/standings,Yes
,thailand-2017,thailand-2018,wf-2018,3408,2017 ACM-ICPC Asia Nakhon Pathom Regional Contest,2017-12-23,,,,,,,,https://icpc.global/regionals/finder/Nakhon-Pathom-2018/standings,Yes
,thailand-2016,thailand-2017,wf-2017,3095,2016 ACM-ICPC Asia Bangkok Regional Contest,2016-11-13,,,,,,,,https://icpc.global/regionals/finder/Bangkok-2017/standings,Yes
,thailand-2015,thailand-2016,wf-2016,2940,2015 ACM-ICPC Asia Phuket Regional Contest,2015-11-20,,,https://web.archive.org/web/20161020013443/http://www.acmicpc-thailand.org/asia/2015/,,,,,https://icpc.global/regionals/finder/Phuket-2016/standings,Yes
,thailand-2014,thailand-2015,wf-2015,2596,2014 ACM-ICPC Asia Bangkok Regional Contest,2014-11-15,,,,,,,,https://icpc.global/regionals/finder/Bangkok-2015/standings,Yes
,thailand-2013,thailand-2014,wf-2014,1938,2013 ACM-ICPC Asia Phuket Regional Contest,2013-11-22,,,https://web.archive.org/web/20140104165653/http://www.acmicpc-thailand.org/asia/2013/,https://web.archive.org/web/20140121203657/http://www.acmicpc-thailand.org/asia/2013/final-scores-asia-pk2013-static/scores-acm-icpc-asia-pk-2013.htm,,,,https://icpc.global/regionals/finder/Phuket-2014/standings,Yes
,thailand-2012,thailand-2013,wf-2013,1372,2012 ACM-ICPC Asia Hatyai Regional Contest,2012-11-16,,,,https://web.archive.org/web/20121120132734/http://acm-icpc.coe.psu.ac.th/score/,,,,https://icpc.global/regionals/finder/Hatyai-2013/standings,Yes
,thailand-2011,thailand-2012,wf-2012,799,2011 ACM-ICPC Asia Phuket Regional Contest,2011-11-04,,,,https://web.archive.org/web/20120106200708/http://www.acmicpc-thailand.org/asia/2011/ScoreBoard/ContestSession/,,,,https://icpc.global/regionals/finder/Phuket-2012/standings,Yes
,thailand-2009,thailand-2011,wf-2010,507,2009 ACM-ICPC Asia Phuket Regional Contest,2009-11-04,,,,https://web.archive.org/web/20091219083628/http://www.acmicpc-thailand.org/asia/FinalResult.html,,,,,Yes
future,vietnam-2026,-,apc-2027,9683,2026 ICPC Asia Ho Chi Minh City Regional Contest,,,,,,,,,,
,vietnam-2025,vietnam-2026,apc-2026,9391,2025 ICPC Asia Ho Chi Minh City Regional Contest,2025-12-12,,,https://acm-icpc.olp.vn/,https://icpcvn.github.io/2025/regional/scoreboard.html,,,,,Yes
,vietnam-2024,vietnam-2025,apc-2025,8746,2024 ICPC Asia Hanoi Regional Contest,2024-12-13,,,,https://icpcvn.github.io/2024/regional/scoreboard.html,,,,https://icpc.global/regionals/finder/HCMC-2025/standings,Yes
,vietnam-2023,vietnam-2024,apc-2024,7502,2023 ICPC Asia Hue City Regional Contest,2023-12-08,,,,https://icpcvn.github.io/2023/regional/scoreboard.html,,,,https://icpc.global/regionals/finder/HCMC-2024/standings,Yes
,vietnam-2022,vietnam-2023,wf-2023,5607,2022 ICPC Asia Ho Chi Minh City Regional Contest,2022-12-09,,,,https://icpcvn.github.io/2022/regional/scoreboard.html,,,,https://icpc.global/regionals/finder/HCMC-2023/standings,Yes
,vietnam-2021,vietnam-2022,wf-2022,4855,2021 ICPC Asia Hanoi Regional Contest,2022-03-25,,,,https://icpcvn.github.io/2021/regional/scoreboard.html,,,,https://icpc.global/regionals/finder/Hanoi-2022/standings,Yes
,vietnam-2020,vietnam-2021,wf-2021,4321,2020 ICPC Asia Can Tho Regional Contest,2020-12-11,,,,https://cantho20.kattis.com/contests/cantho20/standings,,,,https://icpc.global/regionals/finder/Can-Tho-2021/standings,Yes
,vietnam-2019,vietnam-2020,wf-2020,4161,2019 ICPC Asia Danang Regional Contest,2019-12-06,,,,https://danang19.kattis.com/contests/danang19/standings/2723,,,,https://icpc.global/regionals/finder/Danang-2020/standings,Yes
,vietnam-2018,vietnam-2019,wf-2019,3733,2018 ICPC Asia Hanoi Regional Contest,2018-11-30,,,,https://hanoi18.kattis.com/contests/hanoi18/standings/1935,,,,https://icpc.global/regionals/finder/Hanoi-2019/standings,Yes
,vietnam-2017,vietnam-2018,wf-2018,3415,2017 ACM-ICPC Asia Ho Chi Minh City Regional Contest,2017-12-08,,,,https://hochiminh17.kattis.com/contests/hochiminh17/standings,,,,,Yes
,vietnam-2016,vietnam-2017,wf-2017,3048,2016 ACM-ICPC Asia Nha Trang Regional Contest,2016-12-02,,,,https://icpcvn.github.io/2016/regional/scoreboard.html,,https://web.archive.org/web/20161206173756/http://acm-icpc.olp.vn/results,,,Yes
,vietnam-2015,vietnam-2016,wf-2016,2926,2015 ACM-ICPC Asia Hanoi Regional Contest,2015-11-27,,,,https://icpcvn.github.io/2015/regional/scoreboard.html,,https://web.archive.org/web/20151130203345/http://acm-icpc.olp.vn/results,,,Yes
,vietnam-2013,vietnam-2015,wf-2014,1914,2013 ACM-ICPC Asia Danang Regional Contest,2013-11-29,,,,https://web.archive.org/web/20140109030048/http://acm-icpc.olp.vn/results,,,,https://icpc.global/regionals/finder/Asia-Danang-2014/standings,Yes
,vietnam-2012,vietnam-2013,wf-2013,1370,2012 ACM-ICPC Asia Hanoi Regional Contest,2012-11-30,,,,https://web.archive.org/web/20130101112020/http://acm-icpc.olp.vn/results,,,,https://icpc.global/regionals/finder/Hanoi-2013/standings,Yes
,vietnam-2010,vietnam-2012,wf-2011,661,2010 ACM-ICPC Asia Hanoi Regional Contest,2010-11-26,,,,,,https://web.archive.org/web/20101201181651/http://acm-icpc.olp.vn/results,,https://icpc.global/regionals/finder/Hanoi-2011/standings,Yes
,vietnam-2008,vietnam-2010,wf-2009,14,2008 Asia Ho-Chi-Minh-City Contest,2008-11-23,,,https://web.archive.org/web/20090123071053/http://itweek.org.vn/ACM_ICPC_VN/,,,,,,
,vietnam-2007,vietnam-2008,wf-2008,1139,2007 ACM Asia Programming Contest - Danang,2007-11-11,,,,,,https://web.archive.org/web/20080915032532/http://icpc.baylor.edu/icpc/regionals/ViewRegionalStandings.asp?ContestID=883,,,Yes
,vietnam-2006,vietnam-2007,wf-2007,1277,2006 ACM Asia Programming Contest - Hanoi,2006-11-25,,,,,,https://web.archive.org/web/20080502051031/http://icpc.baylor.edu/icpc/regionals/ViewRegionalStandings.asp?ContestID=793,,,Yes
,singapore-2018,-,wf-2019,3731,2018 ICPC Asia Singapore Regional Contest,2018-12-14,,,,https://asiasg18.kattis.com/contests/asiasg18/standings,,,,,Yes
,singapore-2015,singapore-2018,wf-2016,2914,2015 ACM-ICPC Asia Singapore Regional Contest,2015-12-11,,,,https://asiasg15.kattis.com/contests/gkyrgw/standings,,,,,Yes
,singapore-2007,singapore-2015,wf-2008,1243,2007 ACM Asia Programming Contest - Singapore,2007-12-14,,,,,,,https://web.archive.org/web/20100329162412/http://www.comp.nus.edu.sg/~acmicpc/result.html,,Yes
,singapore-2001,singapore-2007,wf-2002,1120,2001 ACM Asia Programming Contest - Singapore,2001-11-30,,,,,,https://web.archive.org/web/20050220222033/http://swt.edu/~ch01/Rankings2001/SingaporeResults2001.htm,,,Yes
,singapore-2000,singapore-2001,wf-2001,1090,"2000 ACM Asia Programming Contest, Singapore",2000-12-07,,,,,,,https://web.archive.org/web/20050222101033/http://swt.edu/~ch01/rankins2000/2000_singapore.htm,,Yes
future,manila-2026,-,apc-2027,9678,2026 ICPC Asia Manila Regional Contest,,,,,,,,,,
,manila-2025,manila-2026,apc-2026,9476,2025 ICPC Asia Manila Regional Contest,2025-12-10,,,,https://icpc.ateneo.edu/images/finalscoreboard.png,,,,https://icpc.global/regionals/finder/Manila-2026/standings,Yes
,manila-2022,manila-2025,wf-2023,5609,2022 ICPC Asia Manila Regional Contest,2022-12-15,,,http://web.archive.org/web/20221022001728/https://curry.ateneo.net/~icpcmanila/,,,,,https://icpc.global/regionals/finder/Asia-Manila-2023/standings,Yes
,manila-2019,manila-2022,wf-2020,4156,2019 ICPC Asia Manila Regional Contest,2019-12-15,,,,,,,,https://icpc.global/regionals/finder/Asia-Manila-2020/standings,Yes
,manila-2017,manila-2019,wf-2018,3417,2017 ACM-ICPC Asia-Manila Regional Contest,2017-12-15,,,,http://web.archive.org/web/20180220003114/http://penoy.admu.edu.ph/~acmicpc/scoreboard/,,,,https://icpc.global/regionals/finder/Asia-Manila-2018/standings,Yes
,manila-2016,manila-2017,wf-2017,3026,2016 ACM-ICPC Asia Manila Regional Contest,2016-12-16,,,http://web.archive.org/web/20161124084231/http://penoy.admu.edu.ph/~acmicpc/,http://web.archive.org/web/20170203055557/http://penoy.admu.edu.ph/~acmicpc/final-scoreboard,,,,https://icpc.global/regionals/finder/Asia-Manila-2017/standings,Yes
,manila-2011,manila-2016,wf-2012,805,2011 ACM-ICPC Asia Manila Regional Contest,2011-12-02,,,,,,http://web.archive.org/web/20120131185048/http://www.math.admu.edu.ph/acm/teamrankingdec82011.pdf,,https://icpc.global/regionals/finder/Manila-2012/standings,Yes
,manila-2009,manila-2011,wf-2010,503,2009 ACM-ICPC Asia Manila Regional Contest,2009-10-23,,,http://web.archive.org/web/20091106045008/http://www.math.admu.edu.ph/acm/,,,,,https://icpc.global/regionals/finder/Manila-2010/standings,Yes
,manila-2006,manila-2009,wf-2007,1147,2006 ACM Asia Programming Contest - Manila,2006-10-27,,,https://web.archive.org/web/20080723114705/http://www.math.admu.edu.ph/~raf/acm/index.htm,,,https://web.archive.org/web/20080502050947/http://icpc.baylor.edu/icpc/regionals/ViewRegionalStandings.asp?ContestID=783,https://web.archive.org/web/20071011212753/http://icpc.baylor.edu/icpc/Regionals/ViewStandings.asp?ContestID=783,,Yes
,manila-2005,manila-2006,wf-2006,1266,2005 ACM Asia Programming Contest - Manila,2005-10-29,,,,,,https://web.archive.org/web/20081202012845/http://icpc.baylor.edu/icpc/regionals/ViewRegionalStandings.asp?ContestID=741,,,Yes
,manila-2004,manila-2005,wf-2005,1287,2004 ACM Asia Programming Contest - Manila,2004-11-12,,,,,,"https://web.archive.org/web/20081202012840/http://icpc.baylor.edu/icpc/regionals/ViewRegionalStandings.asp?ContestID=707, https://web.archive.org/web/20050212173321/http://www.myuap.net/acm/",,,Yes
,manila-2003,manila-2004,wf-2004,1229,2003 ACM Asia Programming Contest - Manila,2003-11-07,,,,,,https://web.archive.org/web/20071012210055/http://icpc.baylor.edu/icpc/regionals/ViewRegionalStandings.asp?ContestID=665,,,Yes
,manila-2002,manila-2003,wf-2003,985,2002 ACM Asia Programming Contest - Manila,2002-11-14,,,,,,,https://web.archive.org/web/20081202012903/http://icpc.baylor.edu/past/icpc2003/regionals/Reports/icpc.baylor.edu/icpc/regionals/ViewRegionalStandingsd773.html?ContestID=594,,Yes
,kuala-lumpur-2019,-,wf-2020,4159,2019 ICPC Asia Kuala Lumpur Regional Contest,2019-11-10,,,https://www.iium.edu.my/acmicpc/2019/regional/,https://www.iium.edu.my/acmicpc/2019/regional/scoreboard.html,,,,https://icpc.global/regionals/finder/Asia-KL-2020/standings,Yes
,kuala-lumpur-2014,kuala-lumpur-2019,wf-2015,2607,2014 ACM-ICPC Asia Kuala Lumpur Regional Contest,2014-11-01,,,,https://web.archive.org/web/20150114011046/http://kict.iium.edu.my/acm-icpc-apc/acmicpc2014/summary.html,,,,,Yes
,kuala-lumpur-2011,kuala-lumpur-2014,wf-2012,804,2011 ACM-ICPC Asia Kuala Lumpur Regional Contest,2011-11-13,,,https://web.archive.org/web/20121130103507/http://www.iium.edu.my/acmicpc/,,,,,https://icpc.global/regionals/finder/Kuala-Lumpur-2012/standings,Yes
,kuala-lumpur-2010,kuala-lumpur-2011,wf-2011,663,2010 ACM-ICPC Asia Kuala Lumpur Regional Contest,2010-12-09,,,https://web.archive.org/web/20101125042425/http://iiu.edu.my/acmicpc/,,,https://web.archive.org/web/20131228225711/http://www.iium.edu.my/acmicpc/upload/standing.pdf,,https://icpc.global/regionals/finder/Kuala-Lumpur-2011/standings,Yes
,kuala-lumpur-2008,kuala-lumpur-2010,wf-2009,17,2008 Asia Kuala Lumpur Contest,2008-12-16,,,http://web.archive.org/web/20081218004522/http://iiu.edu.my/acmicpc/,https://web.archive.org/web/20101125063325/http://iiu.edu.my/acmicpc/upload/html/index.html,,,,,Yes
future,jakarta-2026,-,apc-2027,9679,2026 ICPC Asia Jakarta Onsite Regional Contest,,,,,,,,,,
,jakarta-2025,jakarta-2026,apc-2026,9393,2025 ICPC Asia Jakarta Onsite Regional Contest,2025-11-24,,,https://competition.binus.ac.id/icpc2025/,https://competition.binus.ac.id/icpc2025/final/,,,,,Yes
,jakarta-2024,jakarta-2025,apc-2025,8740,2024 ICPC Asia Jakarta Onsite Regional Contest,2024-12-02,,,https://competition.binus.ac.id/icpc2024/,https://competition.binus.ac.id/icpc2024/final.html,,,,,Yes
,jakarta-2023,jakarta-2024,apc-2024,7528,2023 ICPC Asia Jakarta Onsite Regional Contest,2023-12-04,,,,https://competition.binus.ac.id/icpc2023/final.html,,,,,Yes
,jakarta-2022,jakarta-2023,wf-2023,5622,2022 ICPC Asia Jakarta Onsite Regional Contest,2022-11-28,,,,https://competition.binus.ac.id/icpc2022/final.html,,,,,Yes
,jakarta-2021,jakarta-2022,wf-2022,4876,2021 ICPC Asia Jakarta Regional Contest,2021-11-21,,,,https://competition.binus.ac.id/icpc2021/final.html,,,,,Yes
,jakarta-2020,jakarta-2021,wf-2021,4301,2020 ICPC Asia Jakarta Regional Contest,2020-12-20,,,,https://competition.binus.ac.id/icpc2020/final.html,,,,,Yes
,jakarta-2019,jakarta-2020,wf-2020,4179,2019 ICPC Asia Jakarta Regional Contest,2019-10-28,,,,https://competition.binus.ac.id/icpc2019/final.html,,,,,Yes
,jakarta-2018,jakarta-2019,wf-2019,3727,2018 ICPC Asia Jakarta Regional Contest,2018-11-12,,,,https://competition.binus.ac.id/icpc2018/final.html,,,,,Yes
,jakarta-2017,jakarta-2018,wf-2018,3423,2017 ACM-ICPC Asia Jakarta Regional Contest,2017-11-13,,,,https://competition.binus.ac.id/icpc2017/final.html,,,,,Yes
,jakarta-2016,jakarta-2017,wf-2017,3046,2016 ACM-ICPC Asia Jakarta Regional Contest,2016-11-07,,,,https://competition.binus.ac.id/icpc2016/final.html,,,,https://icpc.global/regionals/finder/Jakarta-2017/standings,Yes
,jakarta-2015,jakarta-2016,wf-2016,2943,2015 ACM-ICPC Asia Jakarta Regional Contest,2015-11-09,,,,https://competition.binus.ac.id/icpc2015/result/final.html,,,,,Yes
,jakarta-2014,jakarta-2015,wf-2015,2592,2014 ACM-ICPC Asia Jakarta Regional Contest,2014-12-06,,,,https://competition.binus.ac.id/icpc2014/result/final.html,,,,,Yes
,jakarta-2013,jakarta-2014,wf-2014,1926,2013 ACM-ICPC Asia Jakarta Regional Contest,2013-10-25,,,,https://competition.binus.ac.id/icpc2013/result/final.html,,,,,Yes
,jakarta-2012,jakarta-2013,wf-2013,1366,2012 ACM-ICPC Asia Jakarta Regional Contest,2012-10-18,,,,https://competition.binus.ac.id/icpc2012/result/final.html,,,,,Yes
,jakarta-2010,jakarta-2012,wf-2011,607,2010 ACM-ICPC Asia Jakarta Regional Contest,2010-12-01,,,,https://competition.binus.ac.id/icpc2010/result/final.html,,,,,Yes
,jakarta-2009,jakarta-2010,wf-2010,494,2009 ACM-ICPC Asia Jakarta Regional Contest,2009-10-21,,,https://competition.binus.ac.id/icpc2009/,https://competition.binus.ac.id/icpc2009/result/final.html,,,,https://icpc.global/regionals/finder/Jakarta-2010/standings,Yes
,jakarta-2008,jakarta-2009,wf-2009,15,2008 Asia Jakarta Contest,2008-10-21,,,https://competition.binus.ac.id/icpc2008/,"https://web.archive.org/web/20081025101517/https://competition.binus.ac.id/result/index.html, https://competition.binus.ac.id/icpc2008/result/index.html",,,,,Yes
,yangon-2018,-,wf-2019,3729,2018 ICPC Asia Yangon Regional Programming Contest,2018-12-09,,,,https://www.ucsy.edu.mm/ucsy/pages/sb-aryangon2018.html,,,,,Yes
,yangon-2017,yangon-2018,wf-2018,3419,2017 ACM-ICPC Asia Yangon Regional Programming Contest,2017-12-10,,,,http://www.ucsy.edu.mm/ucsy/pages/sb-ARYangon2017.html,,,,,Yes
,yangon-2016,yangon-2017,wf-2017,3217,2016 ACM-ICPC Asia Yangon Regional Programming Contest,2016-12-09,,,,https://web.archive.org/web/20170613213848/http://ucsy.edu.mm/ucsy/pages/2016RegionalScoreboard.jsp,,,,,Yes
future,south-pacific-2026,-,apc-2027,9681,2026 ICPC South Pacific Independent Regional Contest,,,,,,,,,,
,south-pacific-2025,south-pacific-2026,apc-2026,9378,2025 ICPC South Pacific Independent Regional Contest,2025-10-27,,,,,,,,,
,south-pacific-2024,south-pacific-2025,apc-2025,8760,2024 ICPC South Pacific Independent Regional Contest,2024-10-20,,,,https://sppcontests.org/wp-content/uploads/2024/10/final.png,,,,https://icpc.global/regionals/finder/SouthPacific-2025/standings,Yes
,south-pacific-2023,south-pacific-2024,wf-2024,7526,2023 ICPC South Pacific Independent Regional Contest,2023-10-01,,,,https://sppcontests.org/scoreboards/2023/regionals.htm,,,,,Yes
,south-pacific-2022,south-pacific-2023,wf-2023,5634,2022 ICPC South Pacific Independent Regional Contest,2022-12-18,,,,https://sppcontests.org/wp-content/uploads/2024/07/2022_regionals_scoreboard.pdf,,,,,Yes
,south-pacific-2021,south-pacific-2022,wf-2022,4859,2021 ICPC South Pacific Independent Regional Contest,2021-12-11,,,,https://sppcontests.org/wp-content/uploads/2024/07/2021_archive/2021_Regional_Report-Scoreboard.pdf,,,,,Yes
,south-pacific-2020,south-pacific-2021,wf-2021,4316,2020 ICPC South Pacific Independent Regional Contest,2020-10-17,,,,"https://sppcontests.org/wp-content/uploads/2024/07/2020_archive/2020_Regionals-Div1_Scoreboard.pdf, https://sppcontests.org/wp-content/uploads/2024/07/2020_archive/2020_Regionals-Div2_Scoreboard.pdf",,,,,Yes
,south-pacific-2019,south-pacific-2020,wf-2020,4279,2019 South Pacific Regional Final,2019-11-24,,,,"http://web.archive.org/web/20200209084849/http://public.webdev.aut.ac.nz/ACM/Scoreboards/2019/Regional/Regional2019.html, https://sppcontests.org/wp-content/uploads/2024/07/2019_archive/2019R_Scoreboard.pdf",,,,,Yes
,south-pacific-2018,south-pacific-2019,wf-2019,3614,2018 South Pacific Regional Final,2018-11-24,,,,https://sppcontests.org/archive/2018-icpc-results/,,,,,Yes
,south-pacific-2017,south-pacific-2018,wf-2018,3243,2017 South Pacific Regional Final,2017-11-26,,,,"http://web.archive.org/web/20180202021142/http://public.webdev.aut.ac.nz:80/ACM/Scoreboards/2017/Regional/FinalScoreboard.htm, https://sppcontests.org/archive/2017-icpc-results/",,,,,Yes
,south-pacific-2016,south-pacific-2017,wf-2017,3100,2016 South Pacific Regional Final,2016-11-27,,,http://web.archive.org/web/20180321024125/https://acmicpc.unisa.edu.au/index.php/regional-contest-current/55-regional-contests/2016-regional-contests/143-2016-south-pacific-region-contests,https://sppcontests.org/archive/2016-icpc-results/,,,,,Yes
,south-pacific-2015,south-pacific-2016,wf-2016,2747,2015 South Pacific Regional Finals,2015-09-27,,,,http://web.archive.org/web/20160130135149/http://public.webdev.aut.ac.nz:80/ACM/Scoreboards/2015/Regional/Scoreboard.htm,,https://sppcontests.org/archive/2015-icpc-results/,,,Yes
,south-pacific-2014,south-pacific-2015,wf-2015,2707,2014 South Pacific Regional Finals,2014-09-28,,,,"http://web.archive.org/web/20150313002543/http://public.webdev.aut.ac.nz:80/ACM/Scoreboards/2014/Regional/Scoreboard.html, https://sppcontests.org/archive/2014-icpc-results/",,,,,Yes
,south-pacific-2013,south-pacific-2014,wf-2014,2043,2013 South Pacific Programming Contest,2013-09-21,,,,"http://web.archive.org/web/20161018092634/http://public.webdev.aut.ac.nz:80/ACM/Scoreboards/2013/Scoreboard.html, https://sppcontests.org/archive/2013-icpc-results/",,,,,Yes
,south-pacific-2012,south-pacific-2013,wf-2013,1399,2012 South Pacific Programming Contest,2012-09-15,,,,"http://web.archive.org/web/20161018092108/http://public.webdev.aut.ac.nz:80/ACM/Scoreboards/2012/Scoreboard.html, https://sppcontests.org/archive/2012-icpc-results/",,,,,Yes
,south-pacific-2011,south-pacific-2012,wf-2012,744,2011 South Pacific Programming Contest,2011-09-10,,,,https://sppcontests.org/archive/2011-icpc-results/,,,,,Yes
,south-pacific-2010,south-pacific-2011,wf-2011,577,2010 South Pacific Programming Contest,2010-09-11,,,,https://sppcontests.org/archive/2010-icpc-results/,,,,,Yes
,south-pacific-2009,south-pacific-2010,wf-2010,492,2009 South Pacific Contest,2009-09-13,,,,https://sppcontests.org/archive/2009-icpc-results/,,,,,Yes
,south-pacific-2008,south-pacific-2009,wf-2009,42,2008 South Pacific Regional Contest,2008-09-13,,,,https://sppcontests.org/archive/2008-icpc-results/,,,,,Yes
,south-pacific-2007,south-pacific-2008,wf-2008,1217,2007 ACM South Pacific Programming Contest,2007-09-15,,,,https://sppcontests.org/archive/2007-icpc-resutls/,,,,,Yes
,south-pacific-2006,south-pacific-2007,wf-2007,1264,2006 ACM South Pacific Programming Contest,2006-09-19,,,,https://sppcontests.org/archive/2006-icpc-results/,,,,,Yes
,south-pacific-2005,south-pacific-2006,wf-2006,1178,2005 ACM South Pacific Programming Contest,2005-09-17,,,,http://web.archive.org/web/20161018092821/http://public.webdev.aut.ac.nz:80/ACM/Scoreboards/2005/scoreboard.html,,https://sppcontests.org/archive/2005-icpc-results/,,,Yes
,south-pacific-2004,south-pacific-2005,wf-2005,1211,2004 ACM South Pacific Programming Contest,2004-09-18,,,,,,https://sppcontests.org/archive/2004-icpc-results/,,http://web.archive.org/web/20050731100502/http://icpc.baylor.edu/icpc/regionals/ViewRegionalStandings.asp?ContestID=679,Yes
,south-pacific-2003,south-pacific-2004,wf-2004,1135,2003 ACM South Pacific Programming Contest,2003-09-20,,,,,,https://sppcontests.org/archive/2003-icpc-results/,,,Yes
,south-pacific-2002,south-pacific-2003,wf-2003,1133,2002 ACM South Pacific Programming Contest,2002-09-21,,,,,,https://sppcontests.org/archive/2002-icpc-results/,,,Yes
,south-pacific-2001,south-pacific-2002,wf-2002,1236,2001 ACM South Pacific Programming Contest,2001-09-15,,,,,,https://sppcontests.org/archive/2001-icpc-results/,,,Yes
,south-pacific-2000,south-pacific-2001,wf-2001,1218,2000 ACM South Pacific Programming Contest,2000-09-16,,,,,,https://sppcontests.org/archive/2000-icpc-results/,,,Yes
,south-pacific-1999,south-pacific-2000,wf-2000,1121,1999 ACM South Pacific Programming Contest,1999-09-18,,,,,,https://sppcontests.org/archive/1999-icpc-results/,,,Yes
,south-pacific-1998,south-pacific-1999,wf-1999,1029,1998 ACM South Pacific Programming Contest,1998-09-29,,,,,,https://sppcontests.org/wp-content/uploads/2024/07/1998_archive/regionalresults1998.pdf,,,Yes
,south-pacific-1997,south-pacific-1998,wf-1998,pre-cms,,,,,,,,https://sppcontests.org/wp-content/uploads/2024/07/archive_results_pdfs/regionalresults1997.pdf,,,
,south-pacific-1996,south-pacific-1997,wf-1997,pre-cms,,,,,,,,,,,
,south-pacific-1995,south-pacific-1996,wf-1996,pre-cms,,,,,,,,https://sppcontests.org/wp-content/uploads/2024/07/archive_results_pdfs/regionalresults1995.pdf,,,
,south-pacific-1994,south-pacific-1995,wf-1995,pre-cms,,,,,,,,https://sppcontests.org/wp-content/uploads/2024/07/archive_results_pdfs/regionalresults1994.pdf,,,
,south-pacific-1993,south-pacific-1994,wf-1994,pre-cms,,,,,,,,https://sppcontests.org/wp-content/uploads/2024/07/archive_results_pdfs/southpacificresults1993.pdf,,,Yes
,south-pacific-1992,south-pacific-1993,wf-1993,pre-cms,,,,,,,,https://sppcontests.org/archive/1992-icpc-results/,,,Yes
,south-pacific-1991,south-pacific-1992,wf-1992,pre-cms,,,,,,,,,,,
future,south-pacific-division-2026,-,south-pacific-2026,9682,2026 ICPC South Pacific Independent Regional Contest Preliminary,,,,,,,,,,
,south-pacific-division-2025,south-pacific-division-2026,south-pacific-2025,9379,2025 ICPC South Pacific Independent Regional Contest Preliminary,,,,,,,,,,
,south-pacific-division-2024,south-pacific-division-2025,south-pacific-2024,8761,2024 South Pacific Independent Regional Contest Preliminary,2024-08-31,,,,"https://sppcontests.org/wp-content/uploads/2024/09/ScoreboardA-1.html, https://sppcontests.org/wp-content/uploads/2024/09/ScoreboardB-1.html",,,,,Yes
,south-pacific-division-2023,south-pacific-division-2024,south-pacific-2023,7527,2023 South Pacific Independent Regional Contest Preliminary,2023-09-03,,,,,,,,,
,south-pacific-division-2022,south-pacific-division-2023,south-pacific-2022,5635,2022 South Pacific Independent Regional Contest Divisional,2022-10-15,,,,,,,,,
,south-pacific-division-2021,south-pacific-division-2022,south-pacific-2021,4860,2021 South Pacific Independent Regional Contest Divisional,2021-10-16,,,,https://sppcontests.org/wp-content/uploads/2024/07/2021_archive/2021_Divisionals_Scoreboard.pdf,,,,,Yes
,south-pacific-west-2019,south-pacific-division-2021,south-pacific-2019,4280,South Pacific Western Division,,,,,http://web.archive.org/web/20201021204142/http://public.webdev.aut.ac.nz/ACM/Scoreboards/2019/Divisional/Scoreboard-Full.html,,,,,Yes
,south-pacific-west-2018,south-pacific-west-2019,south-pacific-2018,3616,South Pacific Western Division,2018-10-20,,,,,,,,,
,south-pacific-west-2017,south-pacific-west-2018,south-pacific-2017,3245,ACM South Pacific Western Division,2017-10-14,,,,http://web.archive.org/web/20180127213946/http://public.webdev.aut.ac.nz:80/ACM/Scoreboards/2017/Divisional/Scoreboard.htm,,,,,Yes
,south-pacific-west-2016,south-pacific-west-2017,south-pacific-2016,3102,ACM South Pacific Western Division,2016-10-08,,,http://web.archive.org/web/20180321024125/https://acmicpc.unisa.edu.au/index.php/regional-contest-current/55-regional-contests/2016-regional-contests/143-2016-south-pacific-region-contests,http://web.archive.org/web/20180329094133/http://public.webdev.aut.ac.nz:80/ACM/Scoreboards/2016/Divisional/Scoreboard_Division.htm,,,,,Yes
,south-pacific-west-2015,south-pacific-west-2016,south-pacific-2015,2748,ACM South Pacific Western Division,2015-08-22,,,,http://web.archive.org/web/20160130034034/http://public.webdev.aut.ac.nz:80/ACM/Scoreboards/2015/Divisonal/WesternDivision.html,,,,,Yes
,south-pacific-west-2014,south-pacific-west-2015,south-pacific-2014,2541,ACM South Pacific Western Division,2014-08-30,,,,https://web.archive.org/web/20150512144411/http://elena.aut.ac.nz/homepages/acm_contest/2014/Western/ScoreboardW.htm,,,,,Yes
,south-pacific-central-2019,south-pacific-division-2021,south-pacific-2019,4281,South Pacific Central Division,2019-09-21,,,,http://web.archive.org/web/20201021204142/http://public.webdev.aut.ac.nz/ACM/Scoreboards/2019/Divisional/Scoreboard-Full.html,,,,,Yes
,south-pacific-central-2018,south-pacific-central-2019,south-pacific-2018,3615,South Pacific Central Division,2018-10-20,,,,,,,,,
,south-pacific-central-2017,south-pacific-central-2018,south-pacific-2017,3246,ACM South Pacific Central Division,2017-10-14,,,,http://web.archive.org/web/20180127213946/http://public.webdev.aut.ac.nz:80/ACM/Scoreboards/2017/Divisional/Scoreboard.htm,,,,,Yes
,south-pacific-central-2016,south-pacific-central-2017,south-pacific-2016,3103,ACM South Pacific Central Division,2016-10-08,,,http://web.archive.org/web/20180321024125/https://acmicpc.unisa.edu.au/index.php/regional-contest-current/55-regional-contests/2016-regional-contests/143-2016-south-pacific-region-contests,http://web.archive.org/web/20180329094133/http://public.webdev.aut.ac.nz:80/ACM/Scoreboards/2016/Divisional/Scoreboard_Division.htm,,,,,Yes
,south-pacific-central-2015,south-pacific-central-2016,south-pacific-2015,2749,ACM South Pacific Central Division,2015-08-22,,,,http://web.archive.org/web/20160130152001/http://public.webdev.aut.ac.nz:80/ACM/Scoreboards/2015/Divisonal/CentralDivision.html,,,,,Yes
,south-pacific-central-2014,south-pacific-central-2015,south-pacific-2014,2542,ACM South Pacific Central Division,2014-08-30,,,,http://web.archive.org/web/20161018092715/http://public.webdev.aut.ac.nz:80/ACM/Scoreboards/2014/Central/ScoreboardC.htm,,,,,Yes
,south-pacific-east-2019,south-pacific-division-2021,south-pacific-2019,4282,South Pacific Eastern Division,,,,,http://web.archive.org/web/20201021204142/http://public.webdev.aut.ac.nz/ACM/Scoreboards/2019/Divisional/Scoreboard-Full.html,,,,,Yes
,south-pacific-east-2018,south-pacific-east-2019,south-pacific-2018,3617,South Pacific Eastern Division,2018-10-20,,,,http://web.archive.org/web/20190123192806/http://public.webdev.aut.ac.nz/ACM/Scoreboards/2018/Divisional/ScoreboardEast.html,,,,,Yes
,south-pacific-east-2017,south-pacific-east-2018,south-pacific-2017,3244,ACM South Pacific Eastern Division,2017-10-14,,,,http://web.archive.org/web/20180127213946/http://public.webdev.aut.ac.nz:80/ACM/Scoreboards/2017/Divisional/Scoreboard.htm,,,,,Yes
,south-pacific-east-2016,south-pacific-east-2017,south-pacific-2016,3101,ACM South Pacific Eastern Division,2016-10-08,,,http://web.archive.org/web/20180321024125/https://acmicpc.unisa.edu.au/index.php/regional-contest-current/55-regional-contests/2016-regional-contests/143-2016-south-pacific-region-contests,http://web.archive.org/web/20180329094133/http://public.webdev.aut.ac.nz:80/ACM/Scoreboards/2016/Divisional/Scoreboard_Division.htm,,,,,Yes
,south-pacific-east-2015,south-pacific-east-2016,south-pacific-2015,2750,ACM South Pacific Eastern Division,2015-08-22,,,,http://web.archive.org/web/20160130072749/http://public.webdev.aut.ac.nz:80/ACM/Scoreboards/2015/Divisonal/EasternDivision.html,,,,,Yes
,south-pacific-east-2014,south-pacific-east-2015,south-pacific-2014,2540,ACM South Pacific Eastern Division,2014-08-30,,,,https://web.archive.org/web/20150512142102/http://elena.aut.ac.nz/homepages/acm_contest/2014/Eastern/ScoreboardE.htm,,,,,Yes
,nzpc-2023,-,,n/a,2023 New Zealand Programming Contest,,,,https://nzprogcontest.org.nz/results/2023/,https://nzprogcontest.org.nz/results/2023/,,,,,Yes
,nzpc-2022,nzpc-2023,,n/a,,,,,https://nzprogcontest.org.nz/results/2022/,https://nzprogcontest.org.nz/results/2022/,,,,,Yes
,nzpc-2021,nzpc-2022,,n/a,,,,,https://nzprogcontest.org.nz/results/2021/,https://nzprogcontest.org.nz/results/2021/,,,,,Yes
,nzpc-2020,nzpc-2021,,n/a,,,,,https://nzprogcontest.org.nz/results/2020/,https://nzprogcontest.org.nz/results/2020/,,,,,Yes
,nzpc-2019,nzpc-2020,,n/a,,,,,https://nzprogcontest.org.nz/results/2019/,https://nzprogcontest.org.nz/results/2019/,,,,,Yes
,nzpc-2018,nzpc-2019,,n/a,,,,,https://nzprogcontest.org.nz/results/2018/,https://nzprogcontest.org.nz/results/2018/,,,,,Yes
,nzpc-2017,nzpc-2018,,n/a,,,,,https://nzprogcontest.org.nz/results/2017/,https://nzprogcontest.org.nz/results/2017/,,,,,Yes
,nzpc-2016,nzpc-2017,,n/a,,,,,https://nzprogcontest.org.nz/results/2016/,https://nzprogcontest.org.nz/results/2016/,,,,,Yes
,nzpc-2015,nzpc-2016,,n/a,,,,,https://nzprogcontest.org.nz/results/2015/,https://nzprogcontest.org.nz/results/2015/,,,,,Yes
,nzpc-2013,nzpc-2015,south-pacific-2013,2042,2013 New Zealand Programming Contest,2013-08-17,,,,,,,,,
,nzpc-2012,nzpc-2013,south-pacific-2012,1534,2012 New Zealand Programming Contest,2012-08-11,,,,,,,,,
,nzpc-2011,nzpc-2012,,n/a,,,,,,,,,,,
,nzpc-2010,nzpc-2011,,n/a,,,,,,,,,,,
,nzpc-2009,nzpc-2010,,n/a,,,,,,,,,,,
,nzpc-2008,nzpc-2009,,n/a,,,,,,,,,,,
,nzpc-2007,nzpc-2008,,n/a,,,,,,,,,,,
,nzpc-2006,nzpc-2007,,n/a,,,,,,,,,,,
,nzpc-2005,nzpc-2006,,n/a,,,,,,,,,,,
,nzpc-2004,nzpc-2005,,n/a,,,,,,,,,,,
,nzpc-2002,nzpc-2004,,n/a,,,,,,,,,,,
,nzpc-1998,-,south-pacific-1998,n/a,,,,,,,,https://web.archive.org/web/20100710010615/http://icpc.baylor.edu/past/icpc99/Regionals/NZ98/Standings.htm,,,Yes
,australia-2013,-,south-pacific-2013,2045,2013 Australian Programming Contest,2013-09-07,,,https://web.archive.org/web/20130920014853/http://www.cse.unsw.edu.au:80/~elgindyh/AuPC/home.html,,,,,,
,australia-1998,-,south-pacific-1998,n/a,,,,,,,,https://web.archive.org/web/20100710005352fw_/http://icpc.baylor.edu/past/icpc99/Regionals/Aus98/Standings.htm,,,Yes
,,,,,,,,,,,,,,,
,,,,,,,,,,,,,,,
,,,,,,,,,,,,,,,
camp,-,,taiwan-2014,2613,ACM-ICPC Taiwan Summer Camp Second Programming Contest,2014-09-13,,,,,,,,,
camp,-,,taiwan-2014,2614,ACM-ICPC Taiwan Summer Camp First Programming Contest,2014-09-05,,,,,,,,,
camp,-,,wf-2018,3399,The 2017 ACM-ICPC Taiwan Summer Training Camp Invitational Contest,2017-08-15,,,,,,,,,
camp,-,,,4594,ICPC Shanghai Training Camp powered by Huawei,,,,,,,,,,
camp,-,,,4743,2021 ICPC Shanghai Training Camp powered by Huawei,,,,,,,,,,
camp,-,,wf-2022,5300,The 2021 ICPC Training Camps,,,,,,,,,,
camp,-,,wf-2022,5301,The ICPC Training Camp powered by Huawei,,,,,,,,,,
camp,-,,wf-2023,5516,The 2022 ICPC Training Camps,,,,,,,,,,
camp,-,,wf-2023,5517,The 2023 ICPC Training Camp powered by Huawei (by Invitation Only),2023-02-07,,,,,,,,,
camp,-,,,5542,2022 ICPC Shanghai Training Camp powered by Huawei,,,,,,,,,,
camp,-,,,7532,2023 ICPC Dongguan Training Camp powered by Huawei (by Invitation Only),,,,,,,,,,
camp,-,,,7705,2023 ICPC Shanghai Training Camp powered by Huawei,,,,,,,,,,
camp,-,,,7842,2023 ICPC Europe Training Camp powered by Huawei (by Invitation Only),,,,,,,,,,
camp,-,,,8369,RCPCamp Romanian Training Camp,,,,,,,,,,
camp,-,,wf-2025,8852,The 2024 ICPC Training Camps,,,,,,,,,,
camp,-,,wf-2025,8854,RCPCamp Romanian Training Camp,,,,,,,,,,
camp,-,,wf-2025,9086,The 2024 China ICPC Training Camp powered by Huawei (by Invitation Only),2024-08-12,,,,,,,,,
camp,-,,wf-2025,9087,The 2024 Europe ICPC Training Camp powered by Huawei (by Invitation Only),2024-08-27,,,,,,,,,
camp,-,,cerc-2024,9148,"The 5th Osijek Competitive Programming Training Camp, 2025 Winter",2025-02-15,,,,,,,,,
camp,-,,wf-2026,9250,The 2025 ICPC Training Camps & Challenges,,,,,,,,,,
camp,-,,wf-2026,9251,The 2025 China ICPC Training Camp powered by Huawei (by Invitation Only),2025-08-15,,,,,,,,,
camp,-,,wf-2026,9252,The 2025 Europe ICPC Training Camp powered by Huawei (by Invitation Only),2025-08-09,,,,,,,,,
camp,-,,wf-2026,9253,RCPCamp Romanian Training Camp,,,,,,,,,,
camp,-,,cerc-2025,9357,"The 5th Osijek Competitive Programming Training Camp, 2026 Winter",,,,,,,,,,
camp,-,,seerc-2025,9417,The 2025 ICPC SEERC Camp Patras,2025-05-03,,,,,,,,,
camp,-,,mexico-2025,9460,Training Camp Mexico 2025,2025-08-21,,,,,,,,,
camp,-,,greece-2025,9486,Training Camp GRCPC 2025,2025-10-04,,,,,,,,,
camp,-,,wf-2027,9558,The 2026 ICPC Training Camps & Challenges,,,,,,,,,,
camp,-,,wf-2027,9559,The 2026 Europe ICPC Training Camp powered by Huawei (by Invitation Only),,,,,,,,,,
camp,-,,wf-2027,9560,RCPCamp Romanian Training Camp,,,,,,,,,,
camp,-,,wf-2027,9562,The 2026 China ICPC Training Camp powered by Huawei (by Invitation Only),,,,,,,,,,
camp,-,,greece-2026,9568,Training Camp GRCPC 2026,,,,,,,,,,
camp,-,,seerc-2026,9576,The 2026 ICPC SEERC Camp Patras,,,,,,,,,,
camp,-,,cerc-2026,9590,"The 5th Osijek Competitive Programming Training Camp, 2027 Winter",,,,,,,,,,
camp,-,,mexico-2026,9818,Training Camp Mexico 2026,,,,,,,,,,
cancelled,,,central-america-2009,568,The 2009 ACM-ICPC Mexico Programming Contest,,,,,,,,,,
cancelled,mexico-2010,,central-america-2010,588,The 2010 ACM-ICPC Mexico Programming Contest,2010-10-22,,,,,,,,,
cancelled,-,,romania-2010,705,The 2010 Cluj Subregion Contest,2010-05-15,,,,,,,,,
cancelled,-,,romania-2010,706,The 2010 Iasi Subregion Contest,2010-05-15,,,,,,,,,
cancelled,-,,romania-2010,707,The 2010 Timisoara Subregion Contest,2010-05-15,,,,,,,,,
cancelled,,,central-america-2011,894,The 2011 National Programming Contest Baja California,,,,,,,,,,
cancelled,,,central-america-2011,895,The 2011 National Programming Contest Sonora,,,,,,,,,,
cancelled,,,central-america-2011,896,The 2011 National Programming Contest Chihuahua,,,,,,,,,,
cancelled,,,central-america-2011,897,The 2011 National Programming Contest Sinaloa,,,,,,,,,,
cancelled,,,central-america-2011,898,The 2011 National Programming Contest Durango,,,,,,,,,,
cancelled,,,central-america-2011,899,The 2011 National Programming Contest Nayarit,,,,,,,,,,
cancelled,,,central-america-2011,901,The 2011 National Programming Contest Colima,,,,,,,,,,
cancelled,,,central-america-2011,902,The 2011 National Programming Contest Guatemala,,,,,,,,,,
cancelled,,,central-america-2011,903,The 2011 National Programming Contest Costa Rica,,,,,,,,,,
cancelled,,,central-america-2011,904,The 2011 National Programming Contest Panama,,,,,,,,,,
cancelled,,,central-america-2011,905,The 2011 National Programming Contest Coahuila,,,,,,,,,,
cancelled,,,central-america-2011,908,The 2011 National Programming Contest Zacatecas,,,,,,,,,,
cancelled,,,central-america-2011,909,The 2011 National Programming Contest San Luis Potosi,,,,,,,,,,
cancelled,,,central-america-2011,910,The 2011 National Programming Contest Aguascalientes,,,,,,,,,,
cancelled,,,central-america-2011,911,The 2011 National Programming Contest Guanajuato,,,,,,,,,,
cancelled,,,central-america-2011,913,The 2011 National Programming Contest Hidalgo,,,,,,,,,,
cancelled,,,central-america-2011,914,The 2011 National Programming Contest Veracruz,,,,,,,,,,
cancelled,,,central-america-2011,916,The 2011 National Programming Contest Estado de Mexico,,,,,,,,,,
cancelled,,,central-america-2011,918,The 2011 National Programming Contest Morelos,,,,,,,,,,
cancelled,,,central-america-2011,920,The 2011 National Programming Contest Guerrero,,,,,,,,,,
cancelled,,,central-america-2011,921,The 2011 National Programming Contest Oaxaca,,,,,,,,,,
cancelled,,,central-america-2011,922,The 2011 National Programming Contest Tabasco,,,,,,,,,,
cancelled,,,central-america-2011,923,The 2011 National Programming Contest Chiapas,,,,,,,,,,
cancelled,,,central-america-2011,925,The 2011 National Programming Contest Quintana Roo,,,,,,,,,,
cancelled,,,central-america-2011,926,The 2011 National Programming Contest Yucatan,,,,,,,,,,
cancelled,,,central-america-2011,941,The 2011 ICPC ITESM Qro,2011-10-08,,,,,,,,,
cancelled,,,slovenia-2011,949,"The 2011 Slovenian Programming Contest, 2nd Round",2011-05-12,,,,,,,,,
cancelled,,,slovenia-2011,950,"The 2011 Slovenian Programming Contest, 3rd Round",2011-10-14,,,,,,,,,
cancelled,-,,,956,Concurso de Programacion de ACM - Local ITESM C. Puebla ,2006-10-20,,,,,,,,,
cancelled,,,dhaka-2007,1004,Daffodil Inter-University Programming Contest,2007-07-19,,,,,,,,,
cancelled,-,,,1035,Concurso de Programacion Local UAQ Fac. Informatica 2006,2006-09-30,,,,,,,,,
cancelled,,,taiwan-2007,1043,Non-Taiwan Team Taipei Site Registration,2007-11-01,,,,,,,,,
cancelled,-,,,1058,Finals at Caracas,2006-11-10,,,,,,,,,
cancelled,-,,,1083,"UAQ Facultad de Informatica, Concurso Local 2006",2006-10-20,,,,,,,,,
cancelled,-,,,1164,"UAQ Facultad de Informatica, Concurso Local 2007",-,,,,,,,,,
cancelled,,,dhaka-2007,1187,NSU Computer Programming Contest 2007,2007-11-08,,,,,,,,,
cancelled,,,chengdu-2007,1223,South Central China Programming Invitational Contest,2007-04-22,,,,,,,,,
cancelled,-,,,1295,Concurso de Programacion de ACM - Local ITESM C. Puebla,-,,,,,,,,,
cancelled,,,slovenia-2012,1325,"The 2012 Slovenian Programming Contest, 3rd Round",2012-10-11,,,,,,,,,
cancelled,,,central-america-2012,1439,The 2012 National Programming Contest Sonora,,,,,,,,,,
cancelled,,,central-america-2012,1445,Batalla de Programadores Ibero Leon,2012-11-02,,,,,,,,,
cancelled,,,central-america-2012,1448,The 2012 National Programming Contest Costa Rica,,,,,,,,,,
cancelled,,,central-america-2012,1449,The 2012 National Programming Contest Panama,,,,,,,,,,
cancelled,,,central-america-2012,1450,The 2012 National Programming Contest Guatemala,,,,,,,,,,
cancelled,,,central-america-2012,1454,The 2012 ICPC ITESM Qro,,,,,,,,,,
cancelled,,,central-america-2012,1456,The 2012 National Programming Contest Quintana Roo,,,,,,,,,,
cancelled,,,central-america-2012,1461,The 2012 ICPC Technologico NL (Sept. 24),,,,,,,,,,
cancelled,,,central-america-2012,1462,The 2012 National Programming Contest Hidalgo,,,,,,,,,,
cancelled,,,central-america-2012,1466,The 2012 ICPC BUAP,,,,,,,,,,
cancelled,,,central-america-2012,1467,The 2012 National Programming Contest Yucatan,,,,,,,,,,
cancelled,,,central-america-2012,1468,The 2012 National Programming Contest Morelos,,,,,,,,,,
cancelled,,,central-america-2012,1469,The 2012 National Programming Contest Guerrero,,,,,,,,,,
cancelled,,,central-america-2012,1471,The 2012 National Programming Contest Chiapas,,,,,,,,,,
cancelled,,,central-america-2012,1472,The 2012 National Programming Contest Coahuila,,,,,,,,,,
cancelled,,,central-america-2012,1473,The 2012 National Programming Contest Oaxaca,,,,,,,,,,
cancelled,,,central-america-2012,1474,The 2012 National Programming Contest Estado de Mexico,,,,,,,,,,
cancelled,,,central-america-2012,1475,The 2012 National Programming Contest San Luis Potosi,,,,,,,,,,
cancelled,,,central-america-2012,1476,The 2012 National Programming Contest Tabasco,,,,,,,,,,
cancelled,,,central-america-2012,1477,The 2012 National Programming Contest Veracruz,,,,,,,,,,
cancelled,,,central-america-2012,1479,The 2012 ICPC ITAM,2012-09-29,,,,,,,,,
cancelled,,,central-america-2012,1480,The 2012 ICPC ITESM Cd. De Mexico,,,,,,,,,,
cancelled,,,central-america-2012,1481,The 2012 National Programming Contest Zacatecas,,,,,,,,,,
cancelled,,,thailand-2012,1527,Thailand First Round Online Programming Contest,,,,,,,,,,
cancelled,,,jordan-2012,1529,The 2012 Amman Collegiate Programming Contest,,,,,,,,,,
cancelled,,,wf-2013,1530,Down Under Central,,,,,,,,,,
cancelled,,,wf-2013,1531,Down Under West,,,,,,,,,,
cancelled,,,wf-2013,1532,Down Under East,,,,,,,,,,
cancelled,,,wf-2013,1533,Down Down Under,,,,,,,,,,
cancelled,,,wf-2013,1535,Australian Programming Contest,2012-08-01,,,,,,,,,
cancelled,,,central-america-2013,1820,The 2013 National Programming Contest Panama,,,,,,,,,,
cancelled,,,central-america-2013,1821,The 2013 National Programming Contest Guatemala,,,,,,,,,,
cancelled,,,central-america-2013,1822,The 2013 National Programming Contest Costa Rica,,,,,,,,,,
cancelled,,,central-america-2013,1827,The 2013 ITESO Programming Battle,,,,,,,,,,
cancelled,,,central-america-2013,1828,The 2013 Jesuit University System Programming Contest,,,,,,,,,,
cancelled,,,central-america-2013,1833,The 2013 National Programming Contest Quintana Roo,,,,,,,,,,
cancelled,,,central-america-2013,1835,The 2013 National Programming Contest Estado de Mexico,,,,,,,,,,
cancelled,,,central-america-2013,1838,The 2013 ICPC ITESM Qro,,,,,,,,,,
cancelled,,,central-america-2013,1840,The 2013 ICPC ITESM Cd. De Mexico,,,,,,,,,,
cancelled,,,central-america-2013,1841,The 2013 ICPC ITAM,,,,,,,,,,
cancelled,,,central-america-2013,1842,The 2013 National Programming Contest Oaxaca,,,,,,,,,,
cancelled,,,central-america-2013,1844,The 2013 National Programming Contest Coahuila,,,,,,,,,,
cancelled,,,central-america-2013,1845,The 2013 National Programming Contest Yucatan,,,,,,,,,,
cancelled,,,central-america-2013,1846,The 2013 National Programming Contest Chiapas,,,,,,,,,,
cancelled,,,central-america-2013,1848,The 2013 National Programming Contest Morelos,,,,,,,,,,
cancelled,,,central-america-2013,1852,Octubre The 2012 ICPC ITESM Monterrey,,,,,,,,,,
cancelled,,,central-america-2013,1853,The 2013 ICPC Technologico NL (Sept. 21),2013-09-19,,,,,,,,,
cancelled,,,central-america-2013,1854,The 2013 ICPC Technologico NL (Oct. 13),,,,,,,,,,
cancelled,,,central-america-2013,1855,The 2013 National Programming Contest Guerrero,,,,,,,,,,
cancelled,,,central-america-2013,1856,The 2013 National Programming Contest Tabasco,,,,,,,,,,
cancelled,,,central-america-2013,1857,The 2013 National Programming Contest Veracruz,,,,,,,,,,
cancelled,,,central-america-2013,1858,The 2013 National Programming Contest Hidalgo,,,,,,,,,,
cancelled,,,central-america-2013,1859,The 2013 National Programming Contest Zacatecas,,,,,,,,,,
cancelled,,,central-america-2013,1860,The 2013 National Programming Contest San Luis Potosi,,,,,,,,,,
cancelled,,,central-america-2013,1862,The 2013 ICPC BUAP,,,,,,,,,,
cancelled,,,taiwan-2013,1907,Asia Chia-YI - Southern Taiwan Provincial Programming Contest,,,,,,,,,,
cancelled,,,slovenia-2013,2015,"The 2013 Slovenian Programming Contest, 3rd Round",,,,,,,,,,
cancelled,,,slovenia-2013,2016,"The 2013 Slovenian Programming Contest, 2nd Round",,,,,,,,,,
cancelled,,,slovenia-2013,2017,"The 2013 Slovenian Programming Contest, 1st Round",,,,,,,,,,
cancelled,,,wf-2014,2044,Down Under West,,,,,,,,,,
cancelled,,,wf-2014,2046,Down Under East,,,,,,,,,,
cancelled,,,wf-2014,2047,Down Under Central,,,,,,,,,,
cancelled,,,wf-2014,2048,Down Down Under,,,,,,,,,,
cancelled,,,wf-2014,2096,2013 ACM-ICPC Philippines Western Mindanao Multi-Provincial Programming Contest,2013-10-05,,,,,,,,,
cancelled,,,seerc-2013,2110,Moldova National Programming Contest,,,,,,,,,,
cancelled,,,wf-2015,2131,Provincial 30,,,,,,,,,,
cancelled,,,wf-2015,2572,2014 ACM-ICPC Vietnam High School Programming Contest,2014-07-15,,,,,,,,,
cancelled,,,jakarta-2014,2593,Asia Jakarta - Indonesia National Contest,,,,,,,,,,
cancelled,,,seerc-2014,2647,Moldova National Programming Contest,,,,,,,,,,
cancelled,bulgaria-2014,,,2648,2014 Bulgarian Collegiate Programming Contest,,,,,,,,,,
cancelled,,,slovenia-2014,2663,"The 2014 Slovenian Programming Contest, 2nd Round",,,,,,,,,,
cancelled,,,slovenia-2014,2664,"The 2014 Slovenian Programming Contest, 1st Round",,,,,,,,,,
cancelled,,,slovenia-2014,2665,"The 2014 Slovenian Programming Contest, 3rd Round",,,,,,,,,,
cancelled,,,south-america-north-2014,2731,Local Contest UCLA-2014,2014-10-04,,,,,,,,,
cancelled,,,slovenia-2015,2774,"The 2015 Slovenian Programming Contest, 1st Round",,,,,,,,,,
cancelled,,,slovenia-2015,2775,"The 2015 Slovenian Programming Contest, 3rd Round",,,,,,,,,,
cancelled,,,slovenia-2015,2776,"The 2015 Slovenian Programming Contest, 2nd Round",,,,,,,,,,
cancelled,bulgaria-2015,,,2788,2015 Bulgarian Collegiate Programming Contest,,,,,,,,,,
cancelled,,,seerc-2015,2789,Moldova National Programming Contest,,,,,,,,,,
cancelled,,,scusa-2015,2833,The 2015 LSU Spring Preliminary,,,,,,,,,,
cancelled,,,gwalior-2014,2965,Asia Gwalior New Online Contest,,,,,,,,,,
cancelled,,,pakistan-2014,2966,Asia Lahore New Online Contest,,,,,,,,,,
cancelled,,,wf-2016,2992,X Provn 32,,,,,,,,,,
cancelled,,,south-africa-2015,3001,The 2016 Beninese Collegiate Programming Contest,2016-03-05,,,,,,,,,
cancelled,,,south-africa-2015,3002,The 2016 Togolese Collegiate Programming Contest,2016-03-19,,,,,,,,,
cancelled,,,south-africa-2015,3003,The 2016 Nigerien Collegiate Programming Contest,2016-04-02,,,,,,,,,
cancelled,,,south-africa-2015,3004,The 2016 Burkinabe Collegiate Programming Contest,2016-04-16,,,,,,,,,
cancelled,,,manila-2016,3027,Asia Manila Preliminary Contest (Online),2017-12-31,,,,,,,,,
cancelled,,,wf-2017,3071,The 2016 ACM-ICPC China Heilongjiang Provincial Programming Contest,2016-12-25,,,,,,,,,
cancelled,,,slovenia-2016,3108,"The 2016 Slovenian Programming Contest, 2nd Round",2016-11-20,,,,,,,,,
cancelled,,,slovenia-2016,3109,"The 2016 Slovenian Programming Contest, 3rd Round",,,,,,,,,,
cancelled,,,slovenia-2016,3110,"The 2016 Slovenian Programming Contest, 1st Round",2016-11-30,,,,,,,,,
cancelled,,,swerc-2016,3123,Maratona Inter-Universitária de Programação 2016,2016-10-15,,,,,,,,,
cancelled,bulgaria-2016,,,3125,2016 Bulgarian Collegiate Programming Contest,,,,,,,,,,
cancelled,,,seerc-2016,3132,Moldova National Programming Contest,,,,,,,,,,
cancelled,,,scusa-2016,3211,The 2016 LSU Spring Preliminary,,,,,,,,,,
cancelled,,,wf-2017,3233,Luzon Invitational Online Programming Contest,2016-12-31,,,,,,,,,
cancelled,,,scusa-2017,3267,The 2017 LSU Spring Preliminary,,,,,,,,,,
cancelled,,,seerc-2017,3302,Moldova National Programming Contest,,,,,,,,,,
cancelled,bulgaria-2017,,,3303,2017 Bulgarian Collegiate Programming Contest,,,,,,,,,,
cancelled,,,slovenia-2017,3319,"The 2017 Slovenian Programming Contest, 3rd Round",,,,,,,,,,
cancelled,,,slovenia-2017,3320,"The 2017 Slovenian Programming Contest, 2nd Round",,,,,,,,,,
cancelled,,,slovenia-2017,3321,"The 2017 Slovenian Programming Contest, 1st Round",,,,,,,,,,
cancelled,,,wf-2018,3384,Luzon Invitational Online Programming Contest,,,,,,,,,,
cancelled,,,wf-2018,3391,The 2017 ACM-ICPC Malaysia Provincial 12,2017-12-31,,,,,,,,,
cancelled,,,wf-2018,3401,The 2017 ACM-ICPC USA Provincial 23,2017-12-31,,,,,,,,,
cancelled,,,thailand-2017,3409,Asia Bangkok- Thailand National On-site Programming Contest,2017-12-31,,,,,,,,,
cancelled,,,east-siberia-2017,3500,East Siberian Subregional Contest,,,,,,,,,,
cancelled,,,poland-2017,3503,University of Warsaw Preliminary Subcontest,2017-10-20,,,,,,,,,
cancelled,,,wf-2019,3531,The 2018 ICPC Asia xxxx Regional Contest,,,,,,,,,,
cancelled,,,scusa-2018,3560,The 2018 LSU Spring Preliminary,,,,,,,,,,
cancelled,,,seerc-2018,3648,Moldova National Programming Contest,,,,,,,,,,
cancelled,bulgaria-2018,,,3649,2018 Bulgarian Collegiate Programming Contest,,,,,,,,,,
cancelled,,,swerc-2018,3654,Maratona Inter-Universitária de Programação 2018,2018-10-13,,,,,,,,,
cancelled,,,poland-2018,3666,University of Warsaw Preliminary Subcontest,,,,,,,,,,
cancelled,,,slovenia-2018,3669,"The 2018 Slovenian Programming Contest, 1st Round",,,,,,,,,,
cancelled,,,slovenia-2018,3670,"The 2018 Slovenian Programming Contest, 2nd Round",,,,,,,,,,
cancelled,,,slovenia-2018,3671,"The 2018 Slovenian Programming Contest, 3rd Round",,,,,,,,,,
cancelled,,,east-siberia-2018,3686,East Siberian Subregional Contest,,,,,,,,,,
cancelled,,,thailand-2018,3736,Asia Chonburi- Thailand National On-site Programming Contest,,,,,,,,,,
cancelled,,,thailand-2018,3737,Asia Nakhon Pathom First Round Online Programming Contest,,,,,,,,,,
cancelled,,,wf-2019,3754,Luzon Invitational Online Programming Contest,2018-12-31,,,,,,,,,
cancelled,,,swerc-2018,3767,Swiss Subregional Contest (ETH & EPFL),2018-10-13,,,,,,,,,
cancelled,,,swerc-2018,3768,ENS Selection,,,,,,,,,,
cancelled,,,swerc-2018,3769,Università di Pisa Selection Test,2018-10-15,,,,,,,,,
cancelled,,,wf-2019,3821,The 2019 ICPC China Youth Invitational Programming Contest,,,,,,,,,,
cancelled,,,kyrgyzstan-2018,3824,The 2018 Kyrgyzstan Qualification Round,,,,,,,,,,
cancelled,,,wf-2019,3827,The 2019 ICPC Pakistan GIK-Topi Softcom Multi-programming Contest,2019-02-23,,,,,,,,,
cancelled,,,scusa-2019,4072,The 2019 LSU Spring Preliminary,,,,,,,,,,
cancelled,,,seerc-2019,4116,Moldova National Programming Contest,,,,,,,,,,
cancelled,bulgaria-2019,,,4117,2019 Bulgarian Collegiate Programming Contest,,,,,,,,,,
cancelled,,,swerc-2019,4130,Università di Pisa Selection Test,,,,,,,,,,
cancelled,,,swerc-2019,4131,Swiss Subregional Contest (ETH & EPFL),,,,,,,,,,
cancelled,,,swerc-2019,4132,PoliMi — Team Selection for SWERC 2019,2019-12-07,,,,,,,,,
cancelled,,,swerc-2019,4134,ENS Selection,,,,,,,,,,
cancelled,,,ctuo-2019,4138,ICPC Maraton,,,,,,,,,,
cancelled,,,poland-2019,4140,University of Warsaw AMPPZ Preliminary Subcontest,2021-10-23,,,,,,,,,
cancelled,,,slovenia-2019,4143,"The 2019 Slovenian Programming Contest, 2nd Round",,,,,,,,,,
cancelled,,,slovenia-2019,4144,"The 2019 Slovenian Programming Contest, 1st Round",,,,,,,,,,
cancelled,,,slovenia-2019,4145,"The 2019 Slovenian Programming Contest, 3rd Round",,,,,,,,,,
cancelled,,,hong-kong-2019,4230,Asia Hong Kong International Invitational Contest,,,,,,,,,,
cancelled,,,wf-2020,4258,The 2019 ICPC Asia East Continent High-Middle School 1,,,,,,,,,,
cancelled,,,wf-2020,4259,The 2019 ICPC Asia East Continent High-Middle School 2,,,,,,,,,,
cancelled,,,wf-2020,4260,The 2019 ICPC Asia East Continent High-Middle School 3,,,,,,,,,,
cancelled,,,wf-2020,4261,The 2019 ICPC Asia East Continent High-Middle School 4,,,,,,,,,,
cancelled,,,wf-2020,4262,The 2019 ICPC Asia East Continent High-Middle School 5,,,,,,,,,,
cancelled,,,wf-2020,4272,2019 ICPC Jiangxi Provincial Contest,,,,,,,,,,
cancelled,,,awc-2019,4275,The 2019 ICPC Pakistan Islamabad Multi-Provincial Programming Contest,,,,,,,,,,
cancelled,,,wf-2021,4300,The 2020 ICPC Asia Mxxxx Regional Contest,,,,,,,,,,
cancelled,,,wf-2021,4306,The 2020 ICPC Myanmar Provincial 5,,,,,,,,,,
cancelled,,,wf-2021,4307,The 2020 ICPC Vietnam Provincial 9,,,,,,,,,,
cancelled,,,wf-2021,4308,The 2020 ICPC Indonesia Provincial 2,,,,,,,,,,
cancelled,,,wf-2021,4311,The 2020 ICPC Philippines Provincial 6,,,,,,,,,,
cancelled,,,wf-2022,4312,The 2021 ICPC Philippines-Davao Region Programming Contest,,,,,,,,,,
cancelled,,,wf-2021,4313,The 2020 ICPC Indonesia Provincial 4,,,,,,,,,,
cancelled,,,wf-2021,4314,The 2020 ICPC Indonesia Provincial 3,,,,,,,,,,
cancelled,,,scusa-2020,4337,The 2020 LSU Spring Preliminary,,,,,,,,,,
cancelled,naipc-2020,,,4338,2020 North American Invitational Programming Contest,,,,,,,,,,
cancelled,,,mcpc-2020,4342,The 2020 University of Chicago Qualifying Contest,,,,,,,,,,
cancelled,,,macau-2020,4361,Asia Macau International Invitational Contest,,,,,,,,,,
cancelled,,,shanghai-2020,4363,Asia Shanghai Online First Round Programming Contest,,,,,,,,,,
cancelled,,,wf-2021,4378,The 2020 ICPC Mongolia Provincial 11,,,,,,,,,,
cancelled,,,wf-2021,4382,The 2020 ICPC Asia East Continent High-Middle School 5,,,,,,,,,,
cancelled,,,wf-2021,4383,The 2020 ICPC Asia East Continent High-Middle School 4,,,,,,,,,,
cancelled,,,wf-2021,4384,The 2020 ICPC Asia East Continent High-Middle School 3,,,,,,,,,,
cancelled,,,wf-2021,4385,The 2020 ICPC China Shanghai High and Middle School Programming Contest,2021-09-26,,,,,,,,,
cancelled,,,wf-2021,4386,The 2020 ICPC Asia East Continent High-Middle School 2,,,,,,,,,,
cancelled,,,jinan-2020,4388,Asia Jinan First Round Online Programming Contest,,,,,,,,,,
cancelled,,,shenyang-2020,4394,Asia Shenyang First Round Online Regional Contest,,,,,,,,,,
cancelled,south-africa-2020,,,4406,2020 South Africa Regional Contest,2021-02-08,,,,,,,,,
cancelled,,,lebanon-2020,4409,The 2020 LAU Collegiate Programming Contest,,,,,,,,,,
cancelled,,,kuwait-2020,4415,The 2020 AOU Collegiate Programming Contest,,,,,,,,,,
cancelled,,,angola-2020,4417,The 2020 Angolan Local Contests,,,,,,,,,,
cancelled,,,tunisia-2020,4419,The 2020 Carthage Collegiate Programming Contest,,,,,,,,,,
cancelled,,,tunisia-2020,4420,The 2020 iset'comCPC Collegiate Programming Contest,,,,,,,,,,
cancelled,,,tunisia-2020,4421,The 2020 Sup'Com Programming Contest,,,,,,,,,,
cancelled,,,tunisia-2020,4422,The 2020 ISET Kelibia Collegiate Programming Contest,,,,,,,,,,
cancelled,,,tunisia-2020,4423,The 2020 Sfax Collegiate Programming Contest,,,,,,,,,,
cancelled,,,tunisia-2020,4424,The 2020 Sousse Collegiate Programming Contest,,,,,,,,,,
cancelled,,,tunisia-2020,4425,The 2020 ISET Mahdia Collegiate Programming Contest,,,,,,,,,,
cancelled,,,tunisia-2020,4426,The 2020 INSAT Collegiate Programming Contest,,,,,,,,,,
cancelled,,,tunisia-2020,4427,The 2020 IsetsCPC Collegiate Programming Contest,,,,,,,,,,
cancelled,,,tunisia-2020,4428,The 2020 Esprit Collegiate Programming Contest,,,,,,,,,,
cancelled,,,tunisia-2020,4429,The 2020 ISI Collegiate Programming Contest,,,,,,,,,,
cancelled,,,tunisia-2020,4430,The 2020 TEK-UP Collegiate Programming Contest,,,,,,,,,,
cancelled,,,tunisia-2020,4431,The 2020 Mannouba Collegiate Programming Contest,,,,,,,,,,
cancelled,,,jordan-2020,4460,The 2020 JU Collegiate Programming Contest,,,,,,,,,,
cancelled,,,jordan-2020,4461,The 2020 Amman Collegiate Programming Contest,,,,,,,,,,
cancelled,,,jordan-2020,4462,The 2020 Arabella Collegiate Programming Contest,,,,,,,,,,
cancelled,,,south-america-south-2020,4466,Torneo Chileno de Programación,,,,,,,,,,
cancelled,awc-2020,awc-2021,wf-2021,4483,2020 ICPC Asia -West Continent Final Contest,,,,,,,,,,
cancelled,,,awc-2020,4487,The 2020 ICPC Afghanistan Provincial 3,,,,,,,,,,
cancelled,,,awc-2020,4488,The 2020 ICPC Pakistan Islamabad Multi-Provincial Programming Contest,,,,,,,,,,
cancelled,,,awc-2020,4489,The 2020 ICPC Pakistan Provincial 2,,,,,,,,,,
cancelled,,,awc-2020,4490,The 2020 ICPC Pakistan Islamabad Invitational Programming Contest,,,,,,,,,,
cancelled,,,awc-2020,4491,The 2020 ICPC India Provincial 4,,,,,,,,,,
cancelled,,,kharagpur-2020,4493,Asia Kharagpur First Round Online Programming Contest,,,,,,,,,,
cancelled,,,gwailor-pune-2020,4501,Asia Gwalior-Pune First Round Online Programming Contest,,,,,,,,,,
cancelled,,,swerc-2020,4514,Swiss Subregional Contest (ETH & EPFL),,,,,,,,,,
cancelled,,,swerc-2020,4516,Università di Pisa Selection Test,,,,,,,,,,
cancelled,,,swerc-2020,4518,PoliMi — Team Selection for SWERC 2020,,,,,,,,,,
cancelled,,,swerc-2020,4520,Maratona Inter-Universitária de Programação 2020,,,,,,,,,,
cancelled,ctuo-2020,,,4523,2020 CTU Open,,,,,,,,,,
cancelled,,,ctuo-2020,4524,The Central Europe Community Online Contest,,,,,,,,,,
cancelled,poland-2020,,,4526,2020 Polish Collegiate Programming Contest,,,,,,,,,,
cancelled,,,poland-2020,4527,University of Warsaw Preliminary Subcontest,,,,,,,,,,
cancelled,,,slovenia-2020,4531,"The 2020 Slovenian Programming Contest, 1st Round",,,,,,,,,,
cancelled,,,slovenia-2020,4532,"The 2020 Slovenian Programming Contest, 2nd Round",,,,,,,,,,
cancelled,,,slovenia-2020,4533,"The 2020 Slovenian Programming Contest, 3rd Round",,,,,,,,,,
cancelled,,,seerc-2020,4535,The 2020 Moldova National Programming Contest,,,,,,,,,,
cancelled,,,romania-2020,4540,The 2020 Romania - Cluj Subregion Contest,,,,,,,,,,
cancelled,cyprus-2020,,,4542,2020 Cyprus Collegiate Programming Contest,,,,,,,,,,
cancelled,bulgaria-2020,,,4543,2020 Bulgarian Collegiate Programming Contest,,,,,,,,,,
cancelled,,,kyrgyzstan-2020,4563,The 2020 Kyrgyzstan Qualification Round,,,,,,,,,,
cancelled,,,east-siberia-2020,4566,The 2020 East Siberian Qualification Round,,,,,,,,,,
cancelled,,,east-siberia-2020,4567,East Siberian Subregional Contest,,,,,,,,,,
cancelled,,,north-russia-2020,4577,Skipped in 2020 - Directly to Northwestern Russia Regionals (former Qualification Contest),,,,,,,,,,
cancelled,,,nadc-2021,4590,The 2020 North America Practice Contests,2020-12-12,,,,,,,,,
cancelled,,,amritapuri-2020,4600,ICPC Asia Amritapuri Site Practice Contest April 4,2021-04-03,,,,,,,,,
cancelled,,,mcpc-2021,4679,The 2021 ICPC University of Chicago Qualifying Contest,,,,,,,,,,
cancelled,,,scusa-2021,4686,The 2021 ICPC LSU Spring Preliminary,,,,,,,,,,
cancelled,,,nac-2022,4688,The 2021 ICPC North America Practice Contests,,,,,,,,,,
cancelled,naipc-2021,,,4690,2021 ICPC North American Invitational Programming Contest,,,,,,,,,,
cancelled,,,south-america-south-2021,4713,The 2021 ICPC Torneo Chileno de Programación,,,,,,,,,,
cancelled,,,shenyang-2021,4717,The 2021 ICPC Asia Shenyang First Round Online Regional Contest,,,,,,,,,,
cancelled,,,wf-2022,4720,The 2021 ICPC Mongolia Provincial 11,,,,,,,,,,
cancelled,,,wf-2022,4722,The 2021 ICPC China XXYY Provincial Programming Contest,,,,,,,,,,
cancelled,,,wf-2022,4723,The 2021 ICPC China Beijing Xiaomi Invitational Programming Contest,,,,,,,,,,
cancelled,,,wf-2022,4724,The 2021 ICPC China Henan Provincial Programming Contest,,,,,,,,,,
cancelled,,,wf-2022,4725,The 2021 ICPC TxState Texas-Mexico Invitational Programming Contest,,,,,,,,,,
cancelled,,,wf-2022,4726,The 2021 ICPC China Shandong Provincial Programming Contest,,,,,,,,,,
cancelled,,,wf-2022,4727,The 2021 ICPC China Shaanxi National Invitational Programming Contest,,,,,,,,,,
cancelled,,,wf-2022,4728,The 2021 ICPC China SiChuan Provincial Programming Contest,,,,,,,,,,
cancelled,,,jinan-2021,4734,The 2021 ICPC Asia Jinan First Round Online Programming Contest,,,,,,,,,,
cancelled,,,macau-2021,4736,The 2021 ICPC Asia Macau International Invitational Contest,,,,,,,,,,
cancelled,,,wf-2022,4738,The 2021 ICPC Asia East Continent High-Middle School 4,,,,,,,,,,
cancelled,,,wf-2022,4739,The 2021 ICPC Asia East Continent High-Middle School 5,,,,,,,,,,
cancelled,,,wf-2022,4740,The 2021 ICPC Asia East Continent High-Middle School 3,,,,,,,,,,
cancelled,,,wf-2022,4741,The 2021 ICPC Asia East Continent High-Middle School 2,,,,,,,,,,
cancelled,,,kunming-2021,4747,The 2021 ICPC Asia Kunming First Round Online Programming Contest,,,,,,,,,,
cancelled,,,shanghai-2021,4749,The 2021 ICPC Asia Shanghai Online First Round Programming Contest,,,,,,,,,,
cancelled,,,nanjing-2021,4751,The 2021 ICPC Asia Nanjing Online Programming Contest,,,,,,,,,,
cancelled,south-africa-2021,,,4759,2021 ICPC South Africa Regional Contest,,,,,,,,,,
cancelled,,,lebanon-2021,4761,The 2021 ICPC LAU Collegiate Programming Contest,,,,,,,,,,
cancelled,,,tunisia-2021,4770,The 2021 ICPC ISET Kelibia Collegiate Programming Contest,,,,,,,,,,
cancelled,,,tunisia-2021,4771,The 2021 ICPC Carthage Collegiate Programming Contest,,,,,,,,,,
cancelled,,,tunisia-2021,4772,The 2021 ICPC ISI Collegiate Programming Contest,,,,,,,,,,
cancelled,,,tunisia-2021,4773,The 2021 ICPC Sfax Collegiate Programming Contest,,,,,,,,,,
cancelled,,,tunisia-2021,4774,The 2021 ICPC INSAT Collegiate Programming Contest,,,,,,,,,,
cancelled,,,tunisia-2021,4775,The 2021 ICPC TEK-UP Collegiate Programming Contest,,,,,,,,,,
cancelled,,,tunisia-2021,4776,The 2021 ICPC Sup'Com Programming Contest,,,,,,,,,,
cancelled,,,tunisia-2021,4777,The 2021 ICPC ISET Mahdia Collegiate Programming Contest,,,,,,,,,,
cancelled,,,tunisia-2021,4778,The 2021 ICPC IsetsCPC Collegiate Programming Contest,,,,,,,,,,
cancelled,,,tunisia-2021,4779,The 2021 ICPC Esprit Collegiate Programming Contest,,,,,,,,,,
cancelled,,,tunisia-2021,4780,The 2021 ICPC Mannouba Collegiate Programming Contest,,,,,,,,,,
cancelled,,,tunisia-2021,4781,The 2021 ICPC Iset'comCPC Collegiate Programming Contest,,,,,,,,,,
cancelled,,,tunisia-2021,4782,The 2021 ICPC Sousse Collegiate Programming Contest,,,,,,,,,,
cancelled,,,angola-2021,4786,The 2021 ICPC Angolan Local Contests,,,,,,,,,,
cancelled,,,kuwait-2021,4789,The 2021 ICPC AOU Collegiate Programming Contest,,,,,,,,,,
cancelled,,,jordan-2021,4818,The 2021 ICPC Arabella Collegiate Programming Contest,,,,,,,,,,
cancelled,,,jordan-2021,4819,The 2021 ICPC JU Collegiate Programming Contest,,,,,,,,,,
cancelled,,,morocco-2021,4823,The 2021 ICPC Girls-only Individual Online Collegiate Programming Practice Contest,,,,,,,,,,
cancelled,,,morocco-2021,4824,The 2021 ICPC MCPC Qualifications Round,,,,,,,,,,
cancelled,,,kharagpur-2021,4840,The 2021 ICPC Asia Kharagpur First Round Online Programming Contest,,,,,,,,,,
cancelled,,,awc-2021,4843,The 2021 ICPC Asia Tehran - Internet Online Programming Contest,,,,,,,,,,
cancelled,,,awc-2021,4845,The 2021 ICPC Pakistan Islamabad Multi-Provincial Programming Contest,,,,,,,,,,
cancelled,,,awc-2021,4846,The 2021 ICPC Pakistan Provincial 2,,,,,,,,,,
cancelled,,,awc-2021,4847,The 2021 ICPC Afghanistan Provincial 3,,,,,,,,,,
cancelled,,,awc-2021,4848,The 2021 ICPC India Provincial 4,,,,,,,,,,
cancelled,,,awc-2021,4849,The 2021 ICPC Pakistan Islamabad Invitational Programming Contest,,,,,,,,,,
cancelled,,,amritapuri-2021,4852,The 2021 ICPC Asia Amritapuri Site Practice Contest April 4,,,,,,,,,,
cancelled,,,wf-2022,4862,The 2021 ICPC Myanmar Provincial 5,,,,,,,,,,
cancelled,,,wf-2022,4863,The 2021 ICPC Indonesia Provincial 4,,,,,,,,,,
cancelled,,,wf-2022,4866,The 2021 ICPC Indonesia Provincial 3,,,,,,,,,,
cancelled,,,wf-2022,4867,The 2021 ICPC Indonesia Provincial 2,,,,,,,,,,
cancelled,,,wf-2022,4869,The 2021 ICPC Vietnam Provincial 9,,,,,,,,,,
cancelled,,,wf-2022,4871,The 2021 ICPC Asia Mxxxx Regional Contest,,,,,,,,,,
cancelled,,,slovenia-2021,4891,"The 2021 ICPC Slovenian Programming Contest, 2nd Round",,,,,,,,,,
cancelled,,,slovenia-2021,4892,"The 2021 ICPC Slovenian Programming Contest, 1st Round",,,,,,,,,,
cancelled,,,slovenia-2021,4893,"The 2021 ICPC Slovenian Programming Contest, 3rd Round",,,,,,,,,,
cancelled,,,poland-2021,4898,The 2021 ICPC University of Warsaw AMPPZ Preliminary Subcontest,2021-10-23,,,,,,,,,
cancelled,,,swerc-2021,4902,The 2021 ICPC Swiss Subregional Contest (ETH & EPFL),,,,,,,,,,
cancelled,,,swerc-2021,4904,The 2021 ICPC PoliMi — Team Selection for SWERC,,,,,,,,,,
cancelled,,,swerc-2021,4905,The 2021 ICPC Università di Pisa Selection Test,,,,,,,,,,
cancelled,,,swerc-2021,4907,The 2021 ICPC Competición Local de Programación,,,,,,,,,,
cancelled,cyprus-2021,,,4911,2021 ICPC Cyprus Collegiate Programming Contest,,,,,,,,,,
cancelled,,,seerc-2021,4919,The 2021 ICPC Moldova National Programming Contest,,,,,,,,,,
cancelled,,,romania-2021,4924,The 2021 ICPC Romania - Cluj Subregion Contest,,,,,,,,,,
cancelled,bulgaria-2021,,,4925,2021 ICPC Bulgarian Collegiate Programming Contest,,,,,,,,,,
cancelled,,,kyrgyzstan-2021,4937,The 2021 ICPC Kyrgyzstan Qualification Round (Cancelled in this season),,,,,,,,,,
cancelled,,,moscow-2021,4942,The 2021 ICPC Moscow Programming Contest (Cancelled in 2021),,,,,,,,,,
cancelled,,,east-siberia-2021,4951,The 2021 ICPC East Siberian Subregional Contest (unused entry),,,,,,,,,,
cancelled,,,east-siberia-2021,4952,The 2021 ICPC East Siberian Qualification Round (cancelled in this season),,,,,,,,,,
cancelled,,,wf-2022,5069,The 2021 ICPC Asia Regionals Online Contest (I),2021-09-19,,,,,,,,,
cancelled,,,wf-2022,5070,The 2021 ICPC Asia Regionals Online Contest (II),2021-09-25,,,,,,,,,
cancelled,,,awc-2021,5333,The 2021 ICPC Asia Mathura Regional Contest,,,,,,,,,,
cancelled,naipc-2022,,,5375,2022 ICPC North American Invitational Programming Contest,,,,,,,,,,
cancelled,,,nac-2023,5376,The 2022 ICPC North America Practice Contests,,,,,,,,,,
cancelled,,,mcpc-2022,5385,The 2022 ICPC University of Chicago Qualifying Contest,,,,,,,,,,
cancelled,,,scusa-2022,5387,The 2022 ICPC LSU Spring Preliminary,,,,,,,,,,
cancelled,,,slovenia-2022,5394,"The 2022 ICPC Slovenian Programming Contest, 2nd Round",,,,,,,,,,
cancelled,,,slovenia-2022,5395,"The 2022 ICPC Slovenian Programming Contest, 3rd Round",,,,,,,,,,
cancelled,,,slovenia-2022,5396,"The 2022 ICPC Slovenian Programming Contest, 1st Round",,,,,,,,,,
cancelled,,,poland-2022,5399,The 2022 ICPC University of Warsaw AMPPZ Preliminary Subcontest,,,,,,,,,,
cancelled,,,swerc-2022,5409,The 2022 ICPC ENS Selection,2023-02-28,,,,,,,,,
cancelled,,,swerc-2022,5410,The 2022 ICPC PoliMi — Team Selection for SWERC,,,,,,,,,,
cancelled,,,swerc-2022,5412,The 2022 ICPC Competición Local de Programación,,,,,,,,,,
cancelled,,,swerc-2022,5414,The 2022 ICPC Università di Pisa Selection Test,,,,,,,,,,
cancelled,,,swerc-2022,5415,The 2022 ICPC Swiss Subregional Contest (ETH & EPFL),,,,,,,,,,
cancelled,cyprus-2022,,,5418,2022 ICPC Cyprus Collegiate Programming Contest,,,,,,,,,,
cancelled,,,romania-2022,5420,The 2022 ICPC Romania - Bucharest Subregion Contest,2022-06-04,,,,,,,,,
cancelled,,,romania-2022,5422,The 2022 ICPC Romania - Cluj Subregion Contest,,,,,,,,,,
cancelled,,,seerc-2022,5424,The 2022 ICPC Moldova National Programming Contest,,,,,,,,,,
cancelled,bulgaria-2022,,,5433,2022 ICPC Bulgarian Collegiate Programming Contest,,,,,,,,,,
cancelled,south-africa-2022,,,5439,2022 ICPC South Africa Regional Contest,,,,,,,,,,
cancelled,,,morocco-2022,5442,The 2022 ICPC MCPC Qualifications Round,,,,,,,,,,
cancelled,,,morocco-2022,5443,The 2022 ICPC Girls-only Individual Online Collegiate Programming Practice Contest,,,,,,,,,,
cancelled,,,kuwait-2022,5446,The 2022 ICPC AOU Collegiate Programming Contest,,,,,,,,,,
cancelled,,,jordan-2022,5449,The 2022 ICPC Arabella Collegiate Programming Contest,,,,,,,,,,
cancelled,,,jordan-2022,5450,The 2022 ICPC JU Collegiate Programming Contest,,,,,,,,,,
cancelled,,,egypt-2022,5470,The 2022 ICPC Egyptian Qualifications Round,2022-08-17,,,,,,,,,
cancelled,,,lebanon-2022,5480,The 2022 ICPC LAU Collegiate Programming Contest,2022-08-09,,,,,,,,,
cancelled,,,tunisia-2022,5484,The 2022 ICPC TEK-UP Collegiate Programming Contest,,,,,,,,,,
cancelled,,,tunisia-2022,5485,The 2022 ICPC Carthage Collegiate Programming Contest,,,,,,,,,,
cancelled,,,tunisia-2022,5486,The 2022 ICPC Esprit Collegiate Programming Contest,,,,,,,,,,
cancelled,,,tunisia-2022,5487,The 2022 ICPC ISET Mahdia Collegiate Programming Contest,,,,,,,,,,
cancelled,,,tunisia-2022,5488,The 2022 ICPC Mannouba Collegiate Programming Contest,,,,,,,,,,
cancelled,,,tunisia-2022,5489,The 2022 ICPC IsetsCPC Collegiate Programming Contest,,,,,,,,,,
cancelled,,,tunisia-2022,5490,The 2022 ICPC Sfax Collegiate Programming Contest,,,,,,,,,,
cancelled,,,tunisia-2022,5491,The 2022 ICPC Iset'comCPC Collegiate Programming Contest,,,,,,,,,,
cancelled,,,tunisia-2022,5492,The 2022 ICPC ISET Kelibia Collegiate Programming Contest,,,,,,,,,,
cancelled,,,tunisia-2022,5493,The 2022 ICPC ISI Collegiate Programming Contest,,,,,,,,,,
cancelled,,,tunisia-2022,5494,The 2022 ICPC Sousse Collegiate Programming Contest,,,,,,,,,,
cancelled,,,tunisia-2022,5495,The 2022 ICPC Sup'Com Programming Contest,,,,,,,,,,
cancelled,,,tunisia-2022,5496,The 2022 ICPC INSAT Collegiate Programming Contest,,,,,,,,,,
cancelled,,,angola-2022,5507,The 2022 ICPC Angolan Local Contests,,,,,,,,,,
cancelled,,,south-america-south-2022,5525,The 2022 ICPC Torneo Chileno de Programación,,,,,,,,,,
cancelled,,,aec-2022,5538,The 2022 ICPC Asia Shanghai Online First Round Programming Contest,,,,,,,,,,
cancelled,,,wf-2023,5540,The 2022 ICPC Asia Kunming First Round Online Programming Contest,,,,,,,,,,
cancelled,,,wf-2023,5541,The 2022 ICPC Asia Regionals Online Contest (II),,,,,,,,,,
cancelled,,,wf-2023,5543,The 2022 ICPC Asia Regionals Online Contest (I),,,,,,,,,,
cancelled,,,nanjing-2022,5545,The 2022 ICPC Asia Nanjing Online Programming Contest,2022-12-17,,,,,,,,,
cancelled,,,hong-kong-2022,5547,The 2022 ICPC Asia Macau International Invitational Contest,,,,,,,,,,
cancelled,,,shenyang-2022,5549,The 2022 ICPC Asia Shenyang First Round Online Regional Contest,,,,,,,,,,
cancelled,,,wf-2023,5552,The 2022-2023 ICPC China West Provincial Programming Contest,2023-02-05,,,,,,,,,
cancelled,,,wf-2023,5553,The 2022-2023 ICPC China Shaanxi Provincial Programming Contest,2023-05-21,,,,,,,,,
cancelled,,,wf-2023,5555,The 2023 ICPC Jiangxi Provincial Contest,2023-03-28,,,,,,,,,
cancelled,,,wf-2023,5557,The 2022-2023 ICPC China SiChuan Provincial Programming Contest,,,,,,,,,,
cancelled,,,wf-2023,5560,The 2022-2023 ICPC China Beijing Xiaomi Invitational Programming Contest,,,,,,,,,,
cancelled,,,wf-2023,5561,The 2022-2023 ICPC Mongolia Provincial 11,,,,,,,,,,
cancelled,,,wf-2023,5562,The 2022ICPC China Silk Road National Invitational Programming Contest,2023-05-13,,,,,,,,,
cancelled,,,wf-2023,5563,The 2022-2023 ICPC China Henan Provincial Programming Contest,,,,,,,,,,
cancelled,,,wf-2023,5566,The 2022 ICPC Asia East Continent High-Middle School 2,,,,,,,,,,
cancelled,,,wf-2023,5567,The 2022 ICPC Asia East Continent High-Middle School 5,,,,,,,,,,
cancelled,,,wf-2023,5568,The 2022 ICPC Asia East Continent High-Middle School 4,,,,,,,,,,
cancelled,,,wf-2023,5569,The 2022 ICPC China Shanghai High and Middle School Programming Contest,,,,,,,,,,
cancelled,,,wf-2023,5570,The 2022 ICPC Asia East Continent High-Middle School 3,,,,,,,,,,
cancelled,,,jinan-2022,5572,The 2022 ICPC Asia Jinan First Round Online Programming Contest,,,,,,,,,,
cancelled,,,east-siberia-2022,5589,The 2022 ICPC East Siberian Subregional Contest (unused entry),,,,,,,,,,
cancelled,,,east-siberia-2022,5590,The 2022 ICPC East Siberian Qualification (cancelled in this season),,,,,,,,,,
cancelled,,,uzbekistan-2022,5599,The 2022 ICPC Uzbekistan and Tajikistan Qualification (cancelled in 2022),,,,,,,,,,
cancelled,,,wf-2023,5612,The 2022 ICPC Indonesia Provincial 4,,,,,,,,,,
cancelled,,,wf-2023,5613,The 2022 ICPC Indonesia Provincial 2,,,,,,,,,,
cancelled,,,wf-2023,5614,The 2022 ICPC Indonesia COMPFEST 14 Multi-Provincial Programming Contest,,,,,,,,,,
cancelled,,,wf-2023,5615,The 2022 ICPC Myanmar Provincial 5,,,,,,,,,,
cancelled,,,wf-2023,5616,The 2022 ICPC Vietnam Provincial 9,,,,,,,,,,
cancelled,,,wf-2023,5617,The 2022 ICPC Indonesia Provincial 3,,,,,,,,,,
cancelled,,,wf-2023,5620,The 2022 ICPC Philippines-Dxxx Programming Contest,,,,,,,,,,
cancelled,,,taiwan-2022,5631,Should be removed,,,,,,,,,,
cancelled,,,amritapuri-2022,5640,The 2022 ICPC Asia Amritapuri Site Practice Contest April 4,,,,,,,,,,
cancelled,,,amritapuri-2022,5641,The 2022 ICPC AlgoQueen Hosted by Amrita Vishwa Vidyapeetham,,,,,,,,,,
cancelled,,,dhaka-2022,5644,The 2022 ICPC Asia Dhaka Regional Onsite Contest,2023-03-10,,,,,,,,,
cancelled,,,awc-2022,5653,The 2022 ICPC Pakistan Islamabad Multi-Provincial Programming Contest,,,,,,,,,,
cancelled,,,awc-2022,5654,The 2022 ICPC Afghanistan Provincial 3,,,,,,,,,,
cancelled,,,awc-2022,5655,The 2022 ICPC Pakistan Provincial 2,,,,,,,,,,
cancelled,,,awc-2022,5656,The 2022 ICPC Pakistan Islamabad Invitational Programming Contest,,,,,,,,,,
cancelled,,,awc-2022,5657,The 2022 ICPC India Provincial 4,,,,,,,,,,
cancelled,,,gwalior-2022,5661,The 2022 ICPC Asia Gwalior-First Round Online Programming Contest,2023-02-22,,,,,,,,,
cancelled,,,tehran-2022,5664,The 2022 ICPC Asia Tehran - Internet Online Programming Contest,,,,,,,,,,
cancelled,,,saudi-arabia-2022,5729,The 2022 ICPC Saudi Qualification Day 2 Collegiate Programming Contest,,,,,,,,,,
cancelled,,,saudi-arabia-2022,5730,The 2022 ICPC Saudi Qualification Day 1 Collegiate Programming Contest,,,,,,,,,,
cancelled,,,kanpur-2022,5930,Preliminary Contest,2022-09-04,,,,,,,,,
cancelled,,,xian-2022,6191,Asia Xian On Site Regional Contest,2022-10-31,,,,,,,,,
cancelled,,,hangzhou-2022,6224,2022ICPC Asia Regional HANGZHOU,2022-10-01,,,,,,,,,
cancelled,,,wf-2023,6521,The 2022-2023 ICPC China Zhejiang Province Programming Contest,2023-03-24,,,,,,,,,
cancelled,,,nac-2024,7458,The 2023 ICPC North America Practice Contests,2023-11-04,,,,,,,,,
cancelled,,,mcpc-2023,7461,The 2023 ICPC University of Chicago Qualifying Contest,,,,,,,,,,
cancelled,,,scusa-2023,7463,The 2023 ICPC LSU Spring Preliminary,,,,,,,,,,
cancelled,,,dhaka-2023,7472,The 2023 ICPC Asia Dhaka Regional Onsite Contest,,,,,,,,,,
cancelled,,,dhaka-2023,7474,The 2023 ICPC Asia Dhaka Regional,,,,,,,,,,
cancelled,,,awc-2023,7476,The 2023 ICPC India Provincial 4,,,,,,,,,,
cancelled,,,awc-2023,7477,The 2023 ICPC Pakistan Provincial 2,,,,,,,,,,
cancelled,,,awc-2023,7478,The 2023 ICPC Afghanistan Provincial 3,,,,,,,,,,
cancelled,,,awc-2023,7479,The 2023 ICPC Pakistan Islamabad Invitational Programming Contest,,,,,,,,,,
cancelled,,,awc-2023,7480,The 2023 ICPC Pakistan Islamabad Multi-Provincial Programming Contest,,,,,,,,,,
cancelled,,,amritapuri-2023,7485,The 2023 ICPC AlgoQueen Hosted by Amrita Vishwa Vidyapeetham,,,,,,,,,,
cancelled,,,amritapuri-2023,7486,The 2023 ICPC Asia Amritapuri Site Practice Contest April 4,,,,,,,,,,
cancelled,,,tehran-2023,7491,The 2023 ICPC Asia Tehran - Internet Online Programming Contest,,,,,,,,,,
cancelled,,,kanpur-2023,7496,Preliminary Contest,2023-11-26,,,,,,,,,
cancelled,,,wf-2024,7514,The 2023 ICPC Indonesia COMPFEST 15 Multi-Provincial Programming Contest,,,,,,,,,,
cancelled,,,wf-2024,7516,The 2023 ICPC Myanmar Provincial 5,,,,,,,,,,
cancelled,,,wf-2024,7517,The 2023 ICPC Indonesia Provincial 4,,,,,,,,,,
cancelled,,,wf-2024,7520,The 2023 ICPC Philippines-Dxxx Programming Contest,,,,,,,,,,
cancelled,,,wf-2024,7521,The 2023 ICPC Vietnam Provincial 9,,,,,,,,,,
cancelled,,,wf-2024,7522,The 2023 ICPC Indonesia Provincial 2,,,,,,,,,,
cancelled,,,wf-2024,7523,The 2023 ICPC Indonesia Provincial 3,,,,,,,,,,
cancelled,,,swerc-2023,7560,The 2023 ICPC Università di Pisa Selection Test,,,,,,,,,,
cancelled,,,swerc-2023,7562,The 2023 ICPC Competición Local de Programación,,,,,,,,,,
cancelled,,,swerc-2023,7564,The 2023 ICPC Swiss Subregional Contest (ETH & EPFL),,,,,,,,,,
cancelled,,,swerc-2023,7565,The 2023 ICPC PoliMi — Team Selection for SWERC,,,,,,,,,,
cancelled,bulgaria-2023,,,7569,2023 ICPC Bulgarian Collegiate Programming Contest,,,,,,,,,,
cancelled,,,seerc-2023,7577,The 2023 ICPC Moldova National Programming Contest,,,,,,,,,,
cancelled,,,romania-2023,7579,The 2023 ICPC Romania - Cluj Subregion Contest,,,,,,,,,,
cancelled,,,romania-2023,7580,The 2023 ICPC Romania - Bucharest Subregion Contest,,,,,,,,,,
cancelled,,,romania-2023,7581,The 2023 ICPC Romania - Timisoara Subregion Contest,2023-10-10,,,,,,,,,
cancelled,cyprus-2023,,,7584,2023 ICPC Cyprus Collegiate Programming Contest,,,,,,,,,,
cancelled,,,slovenia-2023,7589,"The 2023 ICPC Slovenian Programming Contest, 3rd Round",,,,,,,,,,
cancelled,,,slovenia-2023,7590,"The 2023 ICPC Slovenian Programming Contest, 1st Round",,,,,,,,,,
cancelled,,,slovenia-2023,7591,"The 2023 ICPC Slovenian Programming Contest, 2nd Round",,,,,,,,,,
cancelled,,,poland-2023,7594,The 2023 ICPC University of Warsaw AMPPZ Preliminary Subcontest,,,,,,,,,,
cancelled,,,morocco-2023,7613,The 2023 ICPC MCPC Qualifications Round,,,,,,,,,,
cancelled,,,morocco-2023,7614,The 2023 ICPC Girls-only Individual Online Collegiate Programming Practice Contest,,,,,,,,,,
cancelled,,,jordan-2023,7617,The 2023 ICPC JU Collegiate Programming Contest,,,,,,,,,,
cancelled,,,jordan-2023,7618,The 2023 ICPC Arabella Collegiate Programming Contest,,,,,,,,,,
cancelled,,,jordan-2023,7619,The 2023 ICPC Amrah Collegiate Programming Contest,,,,,,,,,,
cancelled,,,kuwait-2023,7632,The 2023 ICPC AOU Collegiate Programming Contest,,,,,,,,,,
cancelled,,,angola-2023,7634,The 2023 ICPC Angolan Local Contests,,,,,,,,,,
cancelled,,,tunisia-2023,7637,The 2023 ICPC ISET Kelibia Collegiate Programming Contest,,,,,,,,,,
cancelled,,,tunisia-2023,7638,The 2023 ICPC Sfax Collegiate Programming Contest,,,,,,,,,,
cancelled,,,tunisia-2023,7639,The 2023 ICPC IsetsCPC Collegiate Programming Contest,,,,,,,,,,
cancelled,,,tunisia-2023,7640,The 2023 ICPC TEK-UP Collegiate Programming Contest,,,,,,,,,,
cancelled,,,tunisia-2023,7641,The 2023 ICPC INSAT Collegiate Programming Contest,,,,,,,,,,
cancelled,,,tunisia-2023,7642,The 2023 ICPC Sup'Com Programming Contest,,,,,,,,,,
cancelled,,,tunisia-2023,7643,The 2023 ICPC Esprit Collegiate Programming Contest,,,,,,,,,,
cancelled,,,tunisia-2023,7644,The 2023 ICPC Carthage Collegiate Programming Contest,,,,,,,,,,
cancelled,,,tunisia-2023,7645,The 2023 ICPC ISI Collegiate Programming Contest,,,,,,,,,,
cancelled,,,tunisia-2023,7646,The 2023 ICPC Mannouba Collegiate Programming Contest,,,,,,,,,,
cancelled,,,tunisia-2023,7647,The 2023 ICPC Sousse Collegiate Programming Contest,,,,,,,,,,
cancelled,,,tunisia-2023,7648,The 2023 ICPC ISET Mahdia Collegiate Programming Contest,,,,,,,,,,
cancelled,,,tunisia-2023,7649,The 2023 ICPC Iset'comCPC Collegiate Programming Contest,,,,,,,,,,
cancelled,,,saudi-arabia-2023,7652,The 2023 ICPC Saudi Qualification ONE Collegiate Programming Individual Online Contest,,,,,,,,,,
cancelled,,,saudi-arabia-2023,7653,The 2023 ICPC Saudi Qualification TWO Collegiate Programming Individual Online Contest,,,,,,,,,,
cancelled,,,saudi-arabia-2023,7654,The 2023 ICPC Saudi Qualification Day 1 Collegiate Programming Contest,,,,,,,,,,
cancelled,,,saudi-arabia-2023,7655,The 2023 ICPC Saudi Qualification Day 2 Collegiate Programming Contest,,,,,,,,,,
cancelled,,,egypt-2023,7665,The 2023 ICPC Egyptian Qualifications Round,2023-08-01,,,,,,,,,
cancelled,south-africa-2023,,,7672,2023 ICPC South Africa Regional Contest,,,,,,,,,,
cancelled,,,lebanon-2023,7675,The 2023 ICPC LAU Collegiate Programming Contest,,,,,,,,,,
cancelled,,,xian-2023,7682,Asia Xian On Site Regional Contest,2023-10-20,,,,,,,,,
cancelled,,,wf-2024,7684,The 2023 ICPC Asia East Continent High-Middle School 3,,,,,,,,,,
cancelled,,,wf-2024,7685,The 2023 ICPC China Shanghai High and Middle School Programming Contest,,,,,,,,,,
cancelled,,,wf-2024,7686,The 2023 ICPC Asia East Continent High-Middle School 5,,,,,,,,,,
cancelled,,,wf-2024,7687,The 2023 ICPC Asia East Continent High-Middle School 2,,,,,,,,,,
cancelled,,,wf-2024,7688,The 2023 ICPC Asia East Continent High-Middle School 4,,,,,,,,,,
cancelled,,,wf-2024,7690,The 2023 ICPC Asia Kunming First Round Online Programming Contest,,,,,,,,,,
cancelled,,,hangzhou-2023,7692,2023ICPC Asia Regional HANGZHOU,,,,,,,,,,
cancelled,,,wf-2024,7693,The 2023 ICPC Asia Regionals Online Contest (I),,,,,,,,,,
cancelled,,,aec-2023,7695,The ICPC Asia Shanghai First Round Contest,2024-01-12,,,,,,,,,
cancelled,,,nanjing-2023,7697,The 2023 ICPC Asia Nanjing Online Programming Contest,,,,,,,,,,
cancelled,,,jinan-2023,7699,The 2023 ICPC Asia Jinan First Round Online Programming Contest,,,,,,,,,,
cancelled,,,wf-2024,7702,The 2023 ICPC Asia Regionals Online Contest (II),,,,,,,,,,
cancelled,,,macau-2023,7704,The 2023 ICPC Asia Macau Regional,2023-11-18,,,,,,,,,
cancelled,,,shenyang-2023,7707,The 2023 ICPC Asia Shenyang First Round Online Regional Contest,2023-11-11,,,,,,,,,
cancelled,,,wf-2024,7710,The 2023 ICPC China XinJiang Provincial Programming Contest,,,,,,,,,,
cancelled,,,wf-2024,7714,The 2023 ICPC China Beijing Xiaomi Invitational Programming Contest,,,,,,,,,,
cancelled,,,wf-2024,7715,The 2024 ICPC China West Provincial Programming Contest,2024-02-22,,,,,,,,,
cancelled,,,wf-2024,7716,The 2023 ICPC Mongolia Provincial 11,,,,,,,,,,
cancelled,,,wf-2024,7720,The 2023 ICPC China Zhejiang Province Programming Contest,2023-03-15,,,,,,,,,
cancelled,,,east-siberia-2023,7748,The 2023 ICPC East Siberian Subregional Contest (unused entry),,,,,,,,,,
cancelled,,,socal-2023,7973,SoCalTesting,2023-07-31,,,,,,,,,
cancelled,,,macau-2023,8336,test,,,,,,,,,,
cancelled,,,aec-2023,8604,Asia East Continent Final Contest,,,,,,,,,,
cancelled,,,swerc-2023,8667,AdaByron Spanish National Contest,,,,,,,,,,
cancelled,,,wf-2024,8684,The 2024 ICPC China Zhejiang Province Programming Contest,2024-03-22,,,,,,,,,
cancelled,,,wf-2024,8685,The 2024 ICPC China Henan Provincial Programming Contest,2024-06-02,,,,,,,,,
cancelled,,,wf-2024,8686,The 2024 ICPC China Shaanxi National Programming Contest,2024-05-18,,,,,,,,,
cancelled,,,wf-2024,8688,The 2024 ICPC China Beijing Provincial Programming Contest,2024-03-22,,,,,,,,,
cancelled,,,wf-2025,8759,The 2024 ICPC Indonesia COMPFEST 16 Multi-Provincial Programming Contest,2024-09-07,,,,,,,,,
cancelled,,,wf-2025,8765,The 2024 ICPC Jordanian Teens Programming Contest,,,,,,,,,,
cancelled,,,wf-2025,8769,The 2024 ICPC Palestinian Teens Programming Contest,2024-10-01,,,,,,,,,
cancelled,,,wf-2025,8773,The 2025 ICPC Egyptian Teens Online Qualification Programming Contest,,,,,,,,,,
cancelled,,,jordan-2024,8788,The 2024 ICPC Amrah Collegiate Programming Contest,,,,,,,,,,
cancelled,,,syria-2024,8803,The 2024 ICPC Tishreen University and Tartous University Qualification Collegiate Programming Contest,,,,,,,,,,
cancelled,,,lebanon-2024,8806,The 2024 ICPC LAU Collegiate Programming Contest,,,,,,,,,,
cancelled,,,saudi-arabia-2024,8830,The 2024 ICPC Saudi Qualification TWO Collegiate Programming Individual Online Contest,,,,,,,,,,
cancelled,,,saudi-arabia-2024,8831,The 2024 ICPC Saudi Qualification ONE Collegiate Programming Individual Online Contest,,,,,,,,,,
cancelled,,,egypt-2024,8835,The 2024 ICPC ECPC Qualifications Collegiate Programming Contest Day 10,,,,,,,,,,
cancelled,,,egypt-2024,8836,The 2024 ICPC ECPC Qualifications Collegiate Programming Contest Day 9,,,,,,,,,,
cancelled,,,egypt-2024,8842,The 2025 ICPC Egyptian Qualifications Round,,,,,,,,,,
cancelled,,,egypt-2024,8845,The 2024 ICPC Egyptian Qualifications Round,,,,,,,,,,
cancelled,,,egypt-2024,8846,The 2024 ICPC ECPC Qualifications Collegiate Programming Contest Day 8,,,,,,,,,,
cancelled,,,wf-2025,8848,The 2024 ICPC Jordanian Seniors Contest,,,,,,,,,,
cancelled,,,wf-2025,8850,The 2025 ICPC Egyptian Seniors Qualification Programming Contest,,,,,,,,,,
cancelled,,,kanpur-2024,8860,Preliminary Contest,2024-11-16,,,,,,,,,
cancelled,,,east-siberia-2024,8910,The 2024 ICPC East Siberian Qualification,,,,,,,,,,
cancelled,,,nac-2025,8923,The 2024 ICPC North America Practice Contests,,,,,,,,,,
cancelled,,,ncna-2024,8926,2025 NCNA High School Contest,,,,,,,,,,
cancelled,,,romania-2024,8966,The 2024 ICPC Romania - Bucharest Subregion Contest,,,,,,,,,,
cancelled,,,ukraine-2024,8971,The 2024 ICPC Ukraine NoRegion1 Contest,,,,,,,,,,
cancelled,,,ukraine-2024,8975,The 2024 ICPC Ukraine NoRegion2 Contest,,,,,,,,,,
cancelled,hefei-2024,,,9013,2024 ICPC Asia Hefei Regional Contest,,,,,,,,,,
cancelled,,,wf-2025,9043,The 2024 ICPC China Henan Provincial Programming Contest Test,,,,,,,,,,
cancelled,,,wf-2025,9047,The 2025 ICPC China Hubei Provincial Programming Contest,,,,,,,,,,
cancelled,,,wf-2025,9048,The 2025 ICPC China Beijing Provincial Programming Contest,,,,,,,,,,
cancelled,,,wf-2025,9050,The 2024 ICPC China Shandong Provincial Programming Contest,,,,,,,,,,
cancelled,,,wf-2025,9053,The 2023 ICPC Jiangxi Provincial Contest,,,,,,,,,,
cancelled,,,wf-2025,9056,The 2024 ICPC China Silk Road National Invitational Programming Contest,,,,,,,,,,
cancelled,,,wf-2025,9057,The 2023 ICPC China Shaanxi Provincial Programming Contest,2024-06-02,,,,,,,,,
cancelled,,,wf-2025,9060,The 2024 ICPC China Zhejiang Province Programming Contest,,,,,,,,,,
cancelled,,,wf-2025,9063,The 2025 ICPC China XinJiang Provincial Programming Contest,,,,,,,,,,
cancelled,,,wf-2025,9065,The 2025 ICPC China Hubei(Wuhan) National Invitational Programming Contest,,,,,,,,,,
cancelled,,,wf-2025,9066,The 2025 ICPC China West Provincial Programming Contest,,,,,,,,,,
cancelled,,,wf-2025,9067,The 2025 ICPC China Zhejiang Province Programming Contest,,,,,,,,,,
cancelled,,,wf-2025,9069,The 2025 ICPC China Shaanxi National Programming Contest,,,,,,,,,,
cancelled,,,awc-2024,9091,The 2024 ICPC Asia Peradeniya Regional Contest,2024-10-05,,,,,,,,,
cancelled,,,wf-2026,9192,The 2025-2026 ICPC China Zhejiang Province Programming Contest,,,,,,,,,,
cancelled,,,wf-2026,9197,The 2026 ICPC China West Provincial Programming Contest,,,,,,,,,,
cancelled,,,wf-2026,9198,The 2025 ICPC China Zhejiang Province Programming Contest,,,,,,,,,,
cancelled,,,wf-2026,9201,The 2025 ICPC China Kunming National Invitational Programming Contest,,,,,,,,,,
cancelled,,,wf-2026,9203,The 2025 ICPC China Shandong Provincial Programming Contest,,,,,,,,,,
cancelled,,,wf-2026,9205,The 2025 ICPC Jiangxi Provincial Contest,2025-04-06,,,,,,,,,
cancelled,,,wf-2026,9206,The 2025-2026 ICPC China XinJiang Provincial Programming Contest,,,,,,,,,,
cancelled,,,wf-2026,9207,The 2025-2026 ICPC China ** Provincial Programming Contest,2025-03-28,,,,,,,,,
cancelled,,,wf-2026,9208,The ICPC ASIA & Beyond Friendship Contests,2026-02-01,,,,,,,,,
cancelled,,,wf-2026,9209,The 2025 ICPC China Shaanxi Provincial Programming Contest,,,,,,,,,,
cancelled,,,wf-2026,9213,The 2025 ICPC China Shaanxi National Programming Contest,2025-05-03,,,,,,,,,
cancelled,,,wf-2026,9214,The 2026 ICPC China Beijing Provincial Programming Contest,,,,,,,,,,
cancelled,,,wf-2026,9216,The 2025 ICPC China Henan Provincial Programming Contest Test,,,,,,,,,,
cancelled,,,aec-2025,9219,The 2025 ICPC Asia Jinan Regional Contest,,,,,,,,,,
cancelled,,,aec-2025,9225,The 2025 ICPC Asia Kunming Regional  Contest,,,,,,,,,,
cancelled,,,aec-2025,9230,The 2025 ICPC Asia Hefei Regional Contest,,,,,,,,,,
cancelled,,,dhaka-2025,9240,The 2025 ICPC Asia Dhaka Regional Onsite Contest,2025-12-20,,,,,,,,,
cancelled,,,wf-2026,9261,The 2026 ICPC Egyptian Teens Online Qualification Programming Contest,,,,,,,,,,
cancelled,,,wf-2026,9266,The 2025 ICPC Palestinian Teens Programming Contest,,,,,,,,,,
cancelled,,,jordan-2025,9270,The 2025 ICPC Amrah Collegiate Programming Contest,,,,,,,,,,
cancelled,,,egypt-2025,9278,The 2025 ICPC ECPC Qualifications Collegiate Programming Contest Day 9,,,,,,,,,,
cancelled,,,egypt-2025,9280,The 2026 ICPC Egyptian Qualifications Round,,,,,,,,,,
cancelled,,,egypt-2025,9282,The 2025 ICPC Egyptian Qualifications Round,,,,,,,,,,
cancelled,,,egypt-2025,9283,The 2025 ICPC ECPC Qualifications Collegiate Programming Contest Day 10,,,,,,,,,,
cancelled,,,saudi-arabia-2025,9289,The 2025 ICPC Saudi Qualification TWO Collegiate Programming Individual Online Contest,,,,,,,,,,
cancelled,,,saudi-arabia-2025,9290,The 2025 ICPC Saudi Qualification ONE Collegiate Programming Individual Online Contest,,,,,,,,,,
cancelled,,,acpc-2025,9291,The 2025 ICPC Libyan Collegiate Programming Contest,,,,,,,,,,
cancelled,,,syria-2025,9301,The 2025 ICPC Latakia University and Tartous University Qualification Collegiate Programming Contest,2025-07-13,,,,,,,,,
cancelled,,,lebanon-2025,9315,The 2025 ICPC LAU Collegiate Programming Contest,,,,,,,,,,
cancelled,,,wf-2026,9318,The 2025 ICPC Jordanian Seniors Contest,,,,,,,,,,
cancelled,,,wf-2026,9321,The 2026 ICPC Egyptian Seniors Qualification Programming Contest,,,,,,,,,,
cancelled,,,ncna-2025,9326,2026 NCNA High School Contest,,,,,,,,,,
cancelled,,,ukraine-2025,9345,The 2025 ICPC Southern Ukraine Contest,,,,,,,,,,
cancelled,,,ukraine-2025,9346,The 2025 ICPC Eastern Ukraine Contest,,,,,,,,,,
cancelled,,,ukraine-2025,9347,The 2025 ICPC Ukraine NoRegion1 Contest,,,,,,,,,,
cancelled,,,ukraine-2025,9348,The 2025 ICPC Northern Ukraine Contest,,,,,,,,,,
cancelled,,,ukraine-2025,9349,The 2025 ICPC Ukraine NoRegion2 Contest,,,,,,,,,,
cancelled,,,ukraine-2025,9350,The 2025 ICPC Western Ukraine Contest,,,,,,,,,,
cancelled,,,romania-2025,9353,The 2025 ICPC Romania - Bucharest Subregion Contest,,,,,,,,,,
cancelled,,,romania-2025,9355,The 2025 ICPC Romania - Timisoara Subregion Contest,,,,,,,,,,
cancelled,,,wf-2026,9383,The 2025 ICPC Indonesia COMPFEST 16 Multi-Provincial Programming Contest,,,,,,,,,,
cancelled,,,wf-2026,9420,Western,2025-03-19,,,,,,,,,
cancelled,,,wf-2026,9421,The 2025 ICPC ** Programming Contest,,,,,,,,,,
cancelled,,,wf-2026,9425,The 2025 ICPC Shaanxi Provincial Programming Contest,2025-05-10,,,,,,,,,
cancelled,,,wf-2026,9429,The 2025 Shaanxi Provincial Programming Contest,2025-03-28,,,,,,,,,
cancelled,,,wf-2025,9430,"The 6th OCPC, 2025 Summer",2025-06-21,,,,,,,,,
cancelled,,,south-america-south-2025,9459,PreNacional,2025-06-28,,,,,,,,,
cancelled,,,brazil-2025,9480,Brazilian ICPC Summer School,2026-01-19,,,,,,,,,
cancelled,,,wf-2027,9630,The 2026 ICPC China Henan Provincial Programming Contest,2026-04-14,,,,,,,,,
cancelled,,,wf-2027,9641,The 2026-2026 ICPC RSU High School Programming Contest,2026-04-01,,,,,,,,,
challenge,-,,wf-2013,2100,Open ICPC Challenge,,,,,,,,,,
challenge,-,,wf-2021,4601,ICPC Quantum Challenge powered by IBM Quantum,2021-02-24,,,,,,,,,
challenge,-,,wf-2021,4602,The 2020 ICPC Challenge Contests,,,,,,,,,,
challenge,-,,wf-2021,4604,"ICPC Gaming AI Challenge, Planetoids by Deviation Games",2021-06-25,,,,,,,,,
challenge,-,,wf-2022,4884,The 2021 ICPC Challenge Contests,,,,,,,,,,
challenge,-,,wf-2022,4885,The 2021 ICPC Quantum Challenge powered by IBM Quantum,,,,,,,,,,
challenge,-,,wf-2022,4886,"The 2021 ICPC Gaming AI Challenge, Planetoids by Deviation Games",,,,,,,,,,
challenge,-,,wf-2021,4970,Global ICPC Challenge powered by Huawei,,,,,,,,,,
challenge,-,,wf-2023,5513,The 2022 ICPC Challenge Contests,,,,,,,,,,
challenge,-,,wf-2023,5514,"The 2022 ICPC Gaming AI Challenge, Planetoids by Deviation Games",,,,,,,,,,
challenge,-,,wf-2023,5515,The 2022 ICPC Quantum Challenge powered by IBM Quantum,,,,,,,,,,
challenge,-,,wf-2023,5861,The 2023 ICPC Algo Queen Contest,2023-02-03,,,,,,,,,
challenge,-,,wf-2023,6491,The 2023 ICPC Online Spring Challenge powered by Huawei,2023-04-13,,,,,,,,,
challenge,-,,,7534,"2023 ICPC Gaming AI Challenge, Planetoids by Deviation Games",,,,,,,,,,
challenge,-,,,7535,2024 ICPC Algo Queen Contest,,,,,,,,,,
challenge,-,,,7536,2024 ICPC Online Spring Challenge powered by Huawei,,,,,,,,,,
challenge,-,,,7537,2023 ICPC Quantum Challenge powered by IBM Quantum,,,,,,,,,,
challenge,-,,wf-2026,9526,ICPC 2025 Online Winter Challenge powered by Huawei,2025-12-26,,,,,,,,,
challenge,-,,wf-2027,9561,ICPC 2026 Online Winter Challenge powered by Huawei,,,,,,,,,,
challenge,,,,n/a,CCPC 2016,,,,,https://web.archive.org/web/20161205155941/http://board.acmicpc.info/ccpc2016/final.php,,,,,Yes
challenge,,,,n/a,CCPC 2017 Final,,,,,https://web.archive.org/web/20171220120233/http://board.acmicpc.info/ccpc2017/zstu_onsite.php,,,,,Yes
junk,-,,,995,2006 Test Contest Will be Removed Soon,-,,,,,,,,,
junk,-,,,2738,To Remove,2015-01-15,,,,,,,,,
junk,-,,,4303,2020 ICPC Asia Bxxxxx Programming Contest,,,,,,,,,,
junk,-,,,4304,2020 Asia Bxxxxx Preliminary Online Contest,,,,,,,,,,
junk,-,,,4323,2020 ICPC Asia Kxxxxx Regional Contest,,,,,,,,,,
junk,-,,wf-2021,4324,Asia KL Mxxxxx  National On-site Contest,,,,,,,,,,
junk,-,,,4878,2021 ICPC Asia Bxxxxx Programming Contest,,,,,,,,,,
junk,-,,wf-2022,4879,The 2021 Asia Bxxxxx Preliminary Online Contest,,,,,,,,,,
junk,-,,,4880,2021 ICPC Asia Kxxxxx Regional Contest,,,,,,,,,,
junk,-,,wf-2022,4881,The 2021 ICPC Asia KL Mxxxxx  National On-site Contest,,,,,,,,,,
junk,-,,,5605,2022 ICPC Asia Bxxxxx Programming Contest,,,,,,,,,,
junk,-,,wf-2023,5606,The 2022 Asia Bxxxxx Preliminary Online Contest,,,,,,,,,,
junk,-,,taiwan-2022,5629,Should be deleted,2022-06-29,,,,,,,,,
junk,-,,,5632,2022 ICPC Asia Kxxxxx Regional Contest,,,,,,,,,,
junk,-,,,5633,2022 ICPC Asia KL Mxxxxx  National On-site Contest,,,,,,,,,,
junk,-,,gny-2023,9088,Greater NY Test Contest,2024-06-19,,,,,,,,,
minor,-,,south-america-north-2009,571,The 2009 Maraton Local ACM-ICPC UCAB-2009,2009-10-15,,,,,,,,,
minor,-,,south-america-north-2009,572,The 2009 Maraton Local ACM-ICPC USB-2009,2009-10-15,,,,,,,,,
minor,-,,cuba-2010,679,The 2010 UO-SAM Finals of the ACM-ICPC,2010-09-18,,,,,,,,,
minor,-,,cuba-2010,680,The 2010 UHO Finals of the ACM-ICPC,2010-09-18,,,,,,,,,
minor,-,,cuba-2010,681,The 2010 UDG Finals of the ACM-ICPC,2010-09-18,,,,,,,,,
minor,-,,cuba-2010,682,The 2010 UC Finals of the ACM-ICPC,2010-09-18,,,,,,,,,
minor,-,,cuba-2010,683,The 2010 UCLV Finals of the ACM-ICPC,2010-09-18,,,,,,,,,
minor,-,,cuba-2010,684,The 2010 UCF Finals of the ACM-ICPC,2010-09-18,,,,,,,,,
minor,-,,cuba-2010,685,The 2010 UMCC Finals of the ACM-ICPC,2010-09-18,,,,,,,,,
minor,-,,cuba-2010,686,The 2010 CUJAE Finals of the ACM-ICPC,2010-09-18,,,,,,,,,
minor,-,,cuba-2010,687,The 2010 UH Finals of the ACM-ICPC,2010-09-18,,,,,,,,,
minor,-,,cuba-2010,688,The 2010 UCI Finals of the ACM-ICPC,2010-06-25,,,,,,,,,
minor,-,,caribbean-2010,695,The 2010 UTECH Finals of the ACM-ICPC,2010-09-18,,,,,,,,,
minor,-,,cuba-2010,696,The 2010 UCI-FRG Finals of the ACM-ICPC,2010-09-18,,,,,,,,,
minor,-,,cuba-2010,697,The 2010 UCI-FRC Finals of the ACM-ICPC,2010-09-18,,,,,,,,,
minor,-,,cuba-2010,698,The 2010 UCI-FRA Finals of the ACM-ICPC,2010-09-18,,,,,,,,,
minor,-,,cuba-2010,699,The 2010 INSTEC Finals of the ACM-ICPC,2010-09-18,,,,,,,,,
minor,-,,cuba-2010,701,The 2010 ISMI Finals fo the ACM-ICPC,2010-09-18,,,,,,,,,
minor,-,,pacnw-2010,710,The 2010 Simon Fraser U/U British Columbia Qualifier 1,2010-09-18,,,,,,,,,
minor,-,,pacnw-2010,711,The 2010 Simon Fraser U/U British Columbia Qualifier 2,2010-09-26,,,,,,,,,
minor,-,,south-america-north-2010,713,The 2010 UCAB Finals,2010-10-02,,,,,,,,,
minor,-,,south-america-north-2010,714,The 2010 ULA Finals,2010-10-01,,,,,,,,,
minor,-,,south-america-north-2010,715,The 2010 UNIMET Finals,2010-10-01,,,,,,,,,
minor,-,,south-america-north-2010,716,The 2010 UCV Finals,,,,,,,,,,
minor,-,,south-america-north-2010,717,The 2010 USB Finals,2010-10-15,,,,,,,,,
minor,-,,south-america-north-2010,718,The 2010 IUT-ANDES Finals,,,,,,,,,,
minor,-,,south-america-north-2010,719,The 2010 IUT-CARACAS Finals,,,,,,,,,,
minor,-,,south-america-north-2010,720,The 2010 IUT-CARIPITO Finals,,,,,,,,,,
minor,-,,south-america-north-2010,721,The 2010 IUT-CARUPANO Finals,,,,,,,,,,
minor,-,,south-america-north-2010,722,The 2010 IUT-LA VICTORIA Finals,,,,,,,,,,
minor,-,,south-america-north-2010,723,The 2010 LUZ-MARACAIBO Finals,,,,,,,,,,
minor,-,,south-america-north-2010,724,The 2010 LUZ-PUNTO FIJO Finals,,,,,,,,,,
minor,-,,south-america-north-2010,725,The 2010 UBA Finals,,,,,,,,,,
minor,-,,south-america-north-2010,726,The 2010 UBV Finals,,,,,,,,,,
minor,-,,south-america-north-2010,727,The 2010 UC Finals,,,,,,,,,,
minor,-,,south-america-north-2010,728,The 2010 UCLA Finals,,,,,,,,,,
minor,-,,south-america-north-2010,729,The 2010 UDO-ANZOATEGUI Finals,,,,,,,,,,
minor,-,,south-america-north-2010,730,The 2010 UDO-NUEVA ESPARTA Finals,,,,,,,,,,
minor,-,,south-america-north-2010,731,The 2010 UDO-SUCRE Finals,,,,,,,,,,
minor,-,,south-america-north-2010,732,The 2010 UJAP Finals,,,,,,,,,,
minor,-,,south-america-north-2010,733,The 2010 UJGH Finals,,,,,,,,,,
minor,-,,south-america-north-2010,734,The 2010 UNEFA Finals,,,,,,,,,,
minor,-,,south-america-north-2010,735,The 2010 UNERG-Mellado Finals,,,,,,,,,,
minor,-,,south-america-north-2010,736,The 2010 UNERG-Ortiz Finals,,,,,,,,,,
minor,-,,south-america-north-2010,737,The 2010 UNERG-San Juan Finals,,,,,,,,,,
minor,-,,south-america-north-2010,738,The 2010 UNET Finals,,,,,,,,,,
minor,-,,south-america-north-2010,739,The 2010 UNEXPO Finals,,,,,,,,,,
minor,-,,south-america-north-2010,740,The 2010 URBE Finals,,,,,,,,,,
minor,-,,south-america-north-2010,741,The 2010 URU Finals,,,,,,,,,,
minor,-,,south-america-north-2011,840,The 2011 Venezuela Finals,2011-06-17,,,,,,,,,
minor,-,,south-america-north-2011,841,The 2011 UDO-NUEVA ESPARTA Finals,2011-09-21,,,,,,,,,
minor,-,,south-america-north-2011,842,The 2011 UNET Finals,2011-09-21,,,,,,,,,
minor,-,,south-america-north-2011,843,The 2011 UDO-SUCRE Finals,2011-09-21,,,,,,,,,
minor,-,,south-america-north-2011,844,The 2011 ULA Finals,2011-09-21,,,,,,,,,
minor,-,,south-america-north-2011,845,The 2011 IUT-LA VICTORIA Finals,2011-09-21,,,,,,,,,
minor,-,,south-america-north-2011,846,The 2011 UBV Finals,2011-09-21,,,,,,,,,
minor,-,,south-america-north-2011,847,The 2011 URBE Finals,2011-09-21,,,,,,,,,
minor,-,,south-america-north-2011,848,The 2011 UCAB Finals 2011,2011-07-01,,,,,,,,,
minor,-,,south-america-north-2011,849,The 2011 UJAP Finals,2011-09-21,,,,,,,,,
minor,-,,south-america-north-2011,850,The 2011 IUT-ANDES Finals,2011-09-21,,,,,,,,,
minor,-,,south-america-north-2011,851,The 2011 UC Finals 2011,2011-06-17,,,,,,,,,
minor,-,,south-america-north-2011,852,The 2011 IUT-CARIPITO Finals,2011-09-21,,,,,,,,,
minor,-,,south-america-north-2011,853,The 2011 UNEFA Finals,2011-09-21,,,,,,,,,
minor,-,,south-america-north-2011,854,The 2011 UCLA Finals 2011,2011-06-17,,,,,,,,,
minor,-,,south-america-north-2011,855,The 2011 LUZ-MARACAIBO Finals,2011-09-21,,,,,,,,,
minor,-,,south-america-north-2011,856,The 2011 URU Finals,,,,,,,,,,
minor,-,,south-america-north-2011,857,The 2011 UNERG-San Juan Finals,2011-09-21,,,,,,,,,
minor,-,,south-america-north-2011,858,The 2011 UBA Finals,2011-09-21,,,,,,,,,
minor,-,,south-america-north-2011,859,The 2011 UNERG-Mellado Finals,2011-09-21,,,,,,,,,
minor,-,,south-america-north-2011,860,The 2011 IUT-CARACAS Finals,2011-09-21,,,,,,,,,
minor,-,,south-america-north-2011,861,The 2011 IUT-CARUPANO Finals,2011-09-21,,,,,,,,,
minor,-,,south-america-north-2011,862,The 2011 UDO-ANZOATEGUI Finals,2011-09-21,,,,,,,,,
minor,-,,south-america-north-2011,864,The 2011 UNIMET Finals,2011-09-21,,,,,,,,,
minor,-,,south-america-north-2011,865,The 2011 UNERG-Ortiz Finals,2011-09-21,,,,,,,,,
minor,-,,south-america-north-2011,866,The 2011 LUZ-PUNTO FIJO Finals,2011-09-21,,,,,,,,,
minor,-,,south-america-north-2011,867,The 2011 USB Finals 2011,2011-09-21,,,,,,,,,
minor,-,,south-america-north-2011,868,The 2011 UNEXPO Finals,,,,,,,,,,
minor,-,,south-america-north-2011,869,The 2011 UJGH Finals,2011-09-21,,,,,,,,,
minor,-,,pacnw-2011,872,The 2011 Simon Fraser U/U British Columbia Qualifier 2,,,,,,,,,,
minor,-,,pacnw-2011,873,The 2011 Simon Fraser U/U British Columbia Qualifier 1,,,,,,,,,,
minor,-,,scusa-2011,927,The 2011 Baylor Qualifier,2011-09-18,,,,,,,,,
minor,-,,seusa-2011,930,The 2011 Space Coast Qualifier,2011-09-24,,,,,,,,,
minor,-,,seusa-2011,932,The 2011 Georgia Qualifier,,,,,,,,,,
minor,-,,,1094,X Maraton Nacional Venezolano ACM-ICPC,2006-11-12,,,,,,,,,
minor,-,,,1283,XX Maratón Nacional de Programación de Colombia,2006-09-23,,,,,,,,,
minor,-,,,1291,XXI Maratón Nacional Programación Colombia-ACIS/REDIS 2007,2007-09-29,,,,,,,,,
minor,-,,scusa-2012,1385,The 2012 Baylor Qualifier,,,,,,,,,,
minor,-,,seusa-2012,1391,The 2012 Space Coast Qualifier,,,,,,,,,,
minor,-,,pacnw-2012,1394,The 2012 Simon Fraser U/U British Columbia Qualifier 1,,,,,,,,,,
minor,-,,pacnw-2012,1395,The 2012 Simon Fraser U/U British Columbia Qualifier 2,,,,,,,,,,
minor,-,,south-america-north-2012,1402,The 2012 Venezuela Finals,2012-10-11,,,,,,,,,
minor,-,,south-america-north-2012,1403,The 2012 IUT-ANDES Finals,,,,,,,,,,
minor,-,,south-america-north-2012,1404,The 2012 UBA Finals,,,,,,,,,,
minor,-,,south-america-north-2012,1405,The 2012 UDO-ANZOATEGUI Finals,,,,,,,,,,
minor,-,,south-america-north-2012,1406,The 2012 ULA Finals,,,,,,,,,,
minor,-,,south-america-north-2012,1407,The 2012 UNERG-San Juan Finals,,,,,,,,,,
minor,-,,south-america-north-2012,1408,The 2012 URBE Finals,,,,,,,,,,
minor,-,,south-america-north-2012,1409,XVIII Maratón Local de Programacion ACM-ICPC UCV,2012-07-20,,,,,,,,,
minor,-,,south-america-north-2012,1410,The 2012 UJAP Finals,,,,,,,,,,
minor,-,,south-america-north-2012,1411,The 2012 UC Finals,2012-10-11,,,,,,,,,
minor,-,,south-america-north-2012,1412,The 2012 UCLA Finals,,,,,,,,,,
minor,-,,south-america-north-2012,1413,The 2012 USB Finals,2012-10-11,,,,,,,,,
minor,-,,south-america-north-2012,1414,The 2012 UJGH Finals,,,,,,,,,,
minor,-,,south-america-north-2012,1415,The 2012 UDO-NUEVA ESPARTA Finals,,,,,,,,,,
minor,-,,south-america-north-2012,1416,The 2012 UNET Finals,,,,,,,,,,
minor,-,,south-america-north-2012,1417,The 2012 UBV Finals,,,,,,,,,,
minor,-,,south-america-north-2012,1418,The 2012 LUZ-PUNTO FIJO Finals,,,,,,,,,,
minor,-,,south-america-north-2012,1419,The 2012 IUT-CARUPANO Finals,,,,,,,,,,
minor,-,,south-america-north-2012,1420,The 2012 UNEFA Finals,,,,,,,,,,
minor,-,,south-america-north-2012,1421,The 2012 IUT-LA VICTORIA Finals,,,,,,,,,,
minor,-,,south-america-north-2012,1422,The 2012 URU Finals,,,,,,,,,,
minor,-,,south-america-north-2012,1423,The 2012 UDO-SUCRE Finals,,,,,,,,,,
minor,-,,south-america-north-2012,1424,The 2012 LUZ-MARACAIBO Finals,,,,,,,,,,
minor,-,,south-america-north-2012,1425,The 2012 UNEXPO Finals,,,,,,,,,,
minor,-,,south-america-north-2012,1426,The 2012 IUT-CARIPITO Finals,,,,,,,,,,
minor,-,,south-america-north-2012,1427,The 2012 UCAB Finals,2012-10-20,,,,,,,,,
minor,-,,south-america-north-2012,1428,The 2012 IUT-CARACAS Finals,,,,,,,,,,
minor,-,,south-america-north-2012,1429,The 2012 UNIMET Finals,2012-10-11,,,,,,,,,
minor,-,,south-america-north-2012,1430,The 2012 UNERG-Ortiz Finals,,,,,,,,,,
minor,-,,south-america-north-2012,1431,The 2012 UNERG-Mellado Finals,,,,,,,,,,
minor,-,,amritapuri-2012,1504,Asia Amritapuri Foreign Teams,2012-12-19,,,,,,,,,
minor,-,,changchun-2012,1505,Changchun Foreign Teams,,,,,,,,,,
minor,-,,chengdu-2012,1506,Chengdu Foreign Teams,,,,,,,,,,
minor,-,,korea-2012,1507,Daejeon Foreign Teams,,,,,,,,,,
minor,-,,dhaka-2012,1508,Dhaka Foreign Teams,2012-12-08,,,,,,,,,
minor,-,,hangzhou-2012,1509,Hangzhou Foreign Teams,,,,,,,,,,
minor,-,,vietnam-2012,1510,Hanoi Foreign Teams,2012-11-29,,,,,,,,,
minor,-,,thailand-2012,1511,Hatyai Foreign Teams,2012-11-15,,,,,,,,,
minor,-,,jakarta-2012,1512,Jakarta Foreign Teams,2012-10-16,,,,,,,,,
minor,-,,jinhua-2012,1513,Jinhua Foreign teams,2012-09-22,,,,,,,,,
minor,-,,kanpur-2012,1514,Kanpur Foreign Teams,2012-11-03,,,,,,,,,
minor,-,,taiwan-2012,1515,Kaohsiung Foreign Teams,2012-11-23,,,,,,,,,
minor,-,,kharagpur-2012,1516,Kharagpur Foreign Teams,2012-12-08,,,,,,,,,
minor,-,,tehran-2012,1517,Tehran Foreign Teams,,,,,,,,,,
minor,-,,tianjin-2012,1518,Tianjin Foreign Teams,,,,,,,,,,
minor,ucf-qual-2012,ucf-qual-2013,,1536,2012 UCF Qualifier,2012-09-01,,,,,,,,,
minor,-,,gny-2012,1538,Greater NY Qualifier,2012-09-29,,,,,,,,,
minor,-,,mausa-2012,1548,Mid-Atlantic USA Qualifier 2,2012-09-22,,,,,,,,,
minor,-,,central-america-2013,1863,The 2013 CUCEI Internal Qualifier,2013-05-14,,,,,,,,,
minor,-,,south-america-north-2013,1868,The 2013 Venezuela Finals,2013-10-05,,,,,,,,,
minor,-,,south-america-north-2013,1869,The 2013 UNET Finals,,,,,,,,,,
minor,-,,south-america-north-2013,1870,The 2013 IUT-ANDES Finals,,,,,,,,,,
minor,-,,south-america-north-2013,1871,The 2013 UJGH Finals,,,,,,,,,,
minor,-,,south-america-north-2013,1872,The 2013 UBV Finals,,,,,,,,,,
minor,-,,south-america-north-2013,1873,The 2013 UC Finals,,,,,,,,,,
minor,-,,south-america-north-2013,1874,The 2013 UJAP Finals,,,,,,,,,,
minor,-,,south-america-north-2013,1875,The 2013 LUZ-MARACAIBO Finals,,,,,,,,,,
minor,-,,south-america-north-2013,1876,The 2013 UNERG-Mellado Finals,,,,,,,,,,
minor,-,,south-america-north-2013,1877,The 2013 UNEFA Finals,,,,,,,,,,
minor,-,,south-america-north-2013,1878,The 2013 UCLA Finals,2013-10-05,,,,,,,,,
minor,-,,south-america-north-2013,1879,The 2013 LUZ-PUNTO FIJO Finals,,,,,,,,,,
minor,-,,south-america-north-2013,1880,The 2013 IUT-CARIPITO Finals,,,,,,,,,,
minor,-,,south-america-north-2013,1881,The 2013 IUT-LA VICTORIA Finals,,,,,,,,,,
minor,-,,south-america-north-2013,1882,The 2013 UNEXPO Finals,,,,,,,,,,
minor,-,,south-america-north-2013,1883,The 2013 IUT-CARACAS Finals,,,,,,,,,,
minor,-,,south-america-north-2013,1884,The 2013 UDO-NUEVA ESPARTA Finals,,,,,,,,,,
minor,-,,south-america-north-2013,1885,The 2013 UBA Finals,,,,,,,,,,
minor,-,,south-america-north-2013,1886,The 2013 UDO-ANZOATEGUI Finals,,,,,,,,,,
minor,-,,south-america-north-2013,1887,The 2013 ULA Finals,,,,,,,,,,
minor,-,,south-america-north-2013,1888,The 2013 IUT-CARUPANO Finals,,,,,,,,,,
minor,-,,south-america-north-2013,1889,XIX Maratón Local de Programacion ACM-ICPC UCV,2013-07-20,,,,,,,,,
minor,-,,south-america-north-2013,1890,The 2013 UCAB Finals,2013-10-05,,,,,,,,,
minor,-,,south-america-north-2013,1891,The 2013 UNERG-Ortiz Finals,,,,,,,,,,
minor,-,,south-america-north-2013,1892,The 2013 UNERG-San Juan Finals,,,,,,,,,,
minor,-,,south-america-north-2013,1893,The 2013 UNIMET Finals,2013-10-05,,,,,,,,,
minor,-,,south-america-north-2013,1894,The 2013 URBE Finals,,,,,,,,,,
minor,-,,south-america-north-2013,1895,The 2013 UDO-SUCRE Finals,,,,,,,,,,
minor,-,,south-america-north-2013,1896,The 2013 USB Finals,2013-11-02,,,,,,,,,
minor,-,,south-america-north-2013,1897,The 2013 URU Finals,,,,,,,,,,
minor,-,,seusa-2013,1973,The 2013 Space Coast Qualifier,,,,,,,,,,
minor,ucf-qual-2013,ucf-qual-2014,,1974,2013 UCF Qualifier,,,,,,,,,,
minor,-,,pacnw-2013,1985,The 2013 Simon Fraser U/U British Columbia Qualifier 2,,,,,,,,,,
minor,-,,pacnw-2013,1986,The 2013 Simon Fraser U/U British Columbia Qualifier 1,,,,,,,,,,
minor,-,,scusa-2013,1989,The 2013 Baylor Qualifier,,,,,,,,,,
minor,-,,mausa-2013,1993,Mid-Atlantic USA Qualifier 2,,,,,,,,,,
minor,-,,socal-2013,2114,CPP Qualifier,2013-11-02,,,,,,,,,
minor,-,,beijing-2014,2616,Asia Beijing First Round Online Programming Contest,2014-09-21,,,,https://web.archive.org/web/20140923082457/http://board.acmicpc.cn/,,,,,Yes
minor,,,xian-2014,2699,Asia Xian First Round Online Programming Contest,2014-09-14,,,,https://web.archive.org/web/20140917005550/http://board.acmicpc.cn/,,,,,Yes
minor,-,,south-america-north-2014,2705,Panama Finals,2014-08-30,,,,,,,,,
minor,-,,dhaka-2014,2724,Dhaka Foreign Teams,2014-12-05,,,,,,,,,
minor,ucf-qual-2014,ucf-qual-2015,,2726,2014 UCF Qualifier,2014-08-30,,,,,,,,,
minor,-,,south-america-north-2015,2812,Panama Finals,2015-11-14,,,,,,,,,
minor,ucf-qual-2015,ucf-qual-2016,,2828,2015 UCF Qualifier,,,,,,,,,,
minor,,,,2909,ACM-ICPC 2015 Asia Regional Dhaka Site Online Preliminary Contest,2015-10-31,,,,https://web.archive.org/web/20151102200359/https://algo.codemarshal.org/contests/DRP2015/standings,,,,,Yes
minor,-,,south-america-north-2016,3015,Panama Finals,2016-11-12,,,,,,,,,
minor,ucf-qual-2016,ucf-qual-2017,,3203,2016 UCF Qualifier,,,,,,,,,,
minor,-,,ncna-2016,3239,UNL Qualifier,2016-10-02,,,,,,,,,
minor,ucf-qual-2017,ucf-qual-2018,,3264,2017 UCF Qualifier,,,,,,,,,,
minor,-,,ncna-2017,3272,UNL Qualifier,2017-10-08,,,,,,,,,
minor,-,,south-america-north-2017,3501,Ecuador Finals,2017-09-20,,,,,,,,,
minor,ucf-qual-2018,ucf-qual-2019,,3546,2018 UCF Qualifier,,,,,,,,,,
minor,-,,ncna-2018,3551,UNL Qualifier,,,,,,,,,,
minor,-,,south-america-north-2018,3629,Ecuador Finals,,,,,,,,,,
minor,-,,swerc-2018,3766,Télécom ParisTech Internal Selection,2018-06-28,,,,,,,,,
minor,-,,poland-2018,3819,Jagiellonian Programming League Finals,2018-10-20,,,,,,,,,
minor,-,,ncna-2019,4062,UNL Qualifier,,,,,,,,,,
minor,ucf-qual-2019,ucf-qual-2020,,4065,2019 UCF Qualifier,,,,,,,,,,
minor,-,,swerc-2019,4128,Télécom ParisTech Internal Selection,,,,,,,,,,
minor,-,,poland-2019,4141,Jagiellonian Programming League Finals,,,,,,,,,,
minor,-,,south-america-north-2019,4250,Ecuador Finals,,,,,,,,,,
minor,-,,swerc-2019,4296,INSA Lyon Internal Selection,,,,,,,,,,
minor,-,,ncna-2020,4340,UNL Qualifier,,,,,,,,,,
minor,ucf-qual-2020,ucf-qual-2021,,4347,2020 UCF Qualifier,,,,,,,,,,
minor,-,,south-america-north-2020,4474,Venezuela Finals,2021-06-20,,,,,,,,,
minor,-,,south-america-north-2020,4476,Ecuador Finals,,,,,,,,,,
minor,-,,swerc-2020,4515,Télécom ParisTech Internal Selection,,,,,,,,,,
minor,-,,swerc-2020,4521,INSA Lyon Internal Selection,,,,,,,,,,
minor,-,,poland-2020,4528,Jagiellonian Programming League Finals,,,,,,,,,,
minor,-,,dhaka-2021,4597,ICPC 2021 Dhaka Foreign Teams,2022-10-08,,,,,,,,,
minor,-,,ncna-2021,4684,The 2021 ICPC UNL Qualifier,,,,,,,,,,
minor,ucf-qual-2021,ucf-qual-2022,,4693,2021 ICPC UCF Qualifier,,,,,,,,,,
minor,-,,south-america-north-2021,4702,The 2021 ICPC Venezuela Finals,,,,,,,,,,
minor,-,,south-america-north-2021,4703,The 2021 ICPC Ecuador Finals,,,,,,,,,,
minor,-,,poland-2021,4899,The 2021 ICPC Jagiellonian Programming League Finals,,,,,,,,,,
minor,-,,swerc-2021,4903,The 2021 ICPC Télécom ParisTech Internal Selection,,,,,,,,,,
minor,-,,swerc-2021,4908,The 2021 ICPC INSA Lyon Internal Selection,,,,,,,,,,
minor,-,,ncna-2022,5371,The 2022 ICPC UNL Qualifier,,,,,,,,,,
minor,ucf-qual-2022,ucf-qual-2023,,5378,2022 ICPC UCF Qualifier,,,,,,,,,,
minor,-,,poland-2022,5398,The 2022 ICPC Jagiellonian Programming League Finals,,,,,,,,,,
minor,-,,swerc-2022,5411,The 2022 ICPC INSA Lyon Internal Selection,,,,,,,,,,
minor,-,,swerc-2022,5413,The 2022 ICPC Télécom ParisTech Internal Selection,,,,,,,,,,
minor,-,,south-america-north-2022,5520,The 2022 ICPC Venezuela Finals,,,,,,,,,,
minor,-,,south-america-north-2022,5521,The 2022 ICPC Ecuador Finals,,,,,,,,,,
minor,-,,swerc-2022,6059,The 2022 ICPC ReyJuan Carlos University Selection,2022-10-21,,,,,,,,,
minor,ucf-qual-2023,-,,7451,2023 ICPC UCF Qualifier,,,,,,,,,,
minor,-,,ncna-2023,7457,The 2023 ICPC UNL Qualifier,,,,,,,,,,
minor,-,,south-america-north-2023,7548,The 2023 ICPC Ecuador Finals,,,,,,,,,,
minor,-,,south-america-north-2023,7550,The 2023 ICPC Venezuela Finals,,,,,,,,,,
minor,-,,swerc-2023,7561,The 2023 ICPC INSA Lyon Internal Selection,,,,,,,,,,
minor,-,,swerc-2023,7563,The 2023 ICPC Télécom ParisTech Internal Selection,,,,,,,,,,
minor,-,,swerc-2023,7566,The 2023 ICPC Rey Juan Carlos University Selection,2023-11-06,,,,,,,,,
minor,-,,poland-2023,7595,The 2023 ICPC Jagiellonian Programming League Finals,,,,,,,,,,
minor,-,,swerc-2023,8171,The 2023 ICPC ARC - Artois University Local Selection,2023-10-30,,,,,,,,,
minor,-,,korea-2023,8501,2023 ICPC-Seoul Onsite Foreign Teams,2023-11-24,,,,,,,,,
minor,-,,swerc-2023,8534,2023 ICPC École Polytechnique Selection,2023-11-07,,,,,,,,,
minor,-,,swerc-2023,8535,2023 ICPC École Polytechnique Selection 2,2023-11-10,,,,,,,,,
minor,-,,swerc-2023,8536,ICPC 2023 École Polytechnique Selection 1,2023-11-07,,,,,,,,,
minor,-,,swerc-2023,8537,ICPC 2023 École Polytechnique Selection 2,2023-11-10,,,,,,,,,
minor,-,,korea-2024,8736,2024 ICPC-Seoul Onsite Foreign Teams,2024-11-22,,,,,,,,,
minor,-,,swerc-2024,8993,The 24/25 ICPC ARC - Artois University Local Selection,2025-04-07,,,,,,,,,
minor,-,,swerc-2024,8996,2024 ICPC École Polytechnique Selection 2,,,,,,,,,,
minor,-,,swerc-2024,8998,The 2024 ICPC Rey Juan Carlos University Selection,2024-10-02,,,,,,,,,
minor,-,,swerc-2024,9000,ICPC 2024 École Polytechnique Selection 2,2024-10-25,,,,,,,,,
minor,-,,swerc-2024,9001,ICPC 2024 École Polytechnique Selection 1,2024-10-19,,,,,,,,,
minor,-,,swerc-2025,9367,The 2025 ICPC École Polytechnique Selection 2,,,,,,,,,,
minor,-,,swerc-2025,9369,The 2025-2026 ICPC École Polytechnique Selection 2,,,,,,,,,,
minor,-,,swerc-2025,9370,The 2025 ICPC École Polytechnique Selection 1,,,,,,,,,,
minor,-,,south-america-north-2025,9479,The 2025 ICPC Ecuador Finals,2025-10-20,,,,,,,,,
minor,,,,n/a,2008 Beijing Jiaotong online preliminary,,,,,https://web.archive.org/web/20121109060859/http://board.acmicpc.info/icpc2008/bjtu_online.php,,,,,Yes
minor,,,,n/a,2008 Harbin Engineering University (HRBEU) online preliminary,,,,,https://web.archive.org/web/20121109060910/http://board.acmicpc.info/icpc2008/hrbeu_online.php,,,,,Yes
structural,-,,wf-2009,2,The 2008 Africa and the Middle East Regional Contest,,,,,,,,,,
structural,-,,wf-2009,5,The 2008 Asia Regional Contests,2008-01-01,,,,,,,,,
structural,-,,wf-2009,5,The 2008 Asia Regional Contests,2008-01-01,,,,,,,,,
structural,-,,wf-2009,21,The 2008 Europe Regional Contest,,,,,,,,,,
structural,-,,wf-2009,27,The 2008 Latin America Regional Contest,,,,,,,,,,
structural,-,,wf-2009,30,The 2008 North America Regional Contest,,,,,,,,,,
structural,-,,wf-2010,491,The 2009 South Pacific Regional Contest,,,,,,,,,,
structural,-,,wf-2010,493,The 2009 Asia Regional Contests,2009-05-01,,,,,,,,,
structural,-,,wf-2010,510,The 2009 Africa and the Middle East Regional Contest,,,,,,,,,,
structural,-,,wf-2010,514,The 2009 Latin America Regional Contest,,,,,,,,,,
structural,-,,wf-2010,521,The 2009 Europe Regional Contest,,,,,,,,,,
structural,-,,wf-2010,547,The 2009 North America Regional Contest,,,,,,,,,,
structural,-,,wf-2011,576,The 2010 South Pacific Regional Contest,,,,,,,,,,
structural,-,,wf-2011,578,The 2010 Africa and the Middle East Regional Contest,,,,,,,,,,
structural,-,,wf-2011,583,The 2010 Latin America Regional Contest,,,,,,,,,,
structural,-,,wf-2011,595,The 2010 Asia Regional Contest,2010-01-01,,,,,,,,,
structural,-,,wf-2011,612,The 2010 Europe Regional Contest,,,,,,,,,,
structural,-,,wf-2011,641,The 2010 North America Regional Contest,,,,,,,,,,
structural,-,,south-america-north-2010,712,The 2010 Venezuela Finals,,,,,,,,,,
structural,-,,wf-2012,743,The 2011 South Pacific Regional Contest,,,,,,,,,,
structural,-,,wf-2012,745,The 2011 Africa and the Middle East Regional Contest,,,,,,,,,,
structural,-,,wf-2012,751,The 2011 Europe Regional Contest,,,,,,,,,,
structural,-,,wf-2012,793,The 2011 Asia Regional Contests,2011-03-15,,,,,,,,,
structural,-,,wf-2012,811,The 2011 Latin America Regional Contest,,,,,,,,,,
structural,-,,wf-2012,870,The 2011 North America Regional Contest,,,,,,,,,,
structural,-,,central-america-2011,893,The 2011 ACM-ICPC Central America,,,,,,,,,,
structural,-,,central-america-2011,917,The 2011 National Programming Contest DF,,,,,,,,,,
structural,-,,wf-2013,1300,The 2012 Europe Regional Contest,,,,,,,,,,
structural,-,,wf-2013,1347,The 2012 Africa and the Middle East Regional Contest,,,,,,,,,,
structural,-,,wf-2013,1355,The 2012 Asia Regional Contests,2011-02-01,,,,,,,,,
structural,-,,wf-2013,1374,The 2012 North America Regional Contest,,,,,,,,,,
structural,-,,wf-2013,1400,The 2012 Latin America Regional Contest,,,,,,,,,,
structural,-,,central-america-2012,1447,The 2012 ACM-ICPC Central America,,,,,,,,,,
structural,-,,central-america-2012,1478,The 2012 National Programming Contest DF,,,,,,,,,,
structural,-,,wf-2014,1812,The 2013 Latin America Regional Contest,,,,,,,,,,
structural,-,,central-america-2013,1819,The 2013 ACM-ICPC Central America,,,,,,,,,,
structural,-,,central-america-2013,1839,The 2013 National Programming Contest DF,,,,,,,,,,
structural,-,,wf-2014,1899,The 2013 Asia Regional Contests,2013-02-01,,,,,,,,,
structural,-,,wf-2014,1917,The 2013 ACM-ICPC*Asia Provincial/Invitational/National (Non Asia-host) Contests,2013-02-01,,,,,,,,,
structural,-,,wf-2014,1958,The 2013 North America Regional Contest,,,,,,,,,,
structural,-,,wf-2014,1994,The 2013 Europe Regional Contest,,,,,,,,,,
structural,-,,wf-2014,2041,The 2013 South Pacific Regional Contest,,,,,,,,,,
structural,-,,wf-2014,2049,The 2013 Africa and the Middle East Regional Contest,,,,,,,,,,
structural,-,,wf-2015,2410,The 2014 North America Regional Contest,,,,,,,,,,
structural,-,,wf-2015,2449,The 2014 Latin America Regional Contest,,,,,,,,,,
structural,-,,wf-2015,2546,The 2014 Asia Regional Contests,2014-07-01,,,,,,,,,
structural,-,,wf-2015,2623,The 2014 Africa and the Middle East Regional Contest,,,,,,,,,,
structural,-,,wf-2015,2645,The 2014 Europe Regional Contest,,,,,,,,,,
structural,-,,wf-2016,2746,The 2015 South Pacific Regional Contest,,,,,,,,,,
structural,-,,wf-2016,2751,The 2015 Europe Regional Contest,,,,,,,,,,
structural,-,,wf-2016,2801,The 2015 Latin America Regional Contest,,,,,,,,,,
structural,-,,wf-2016,2819,The 2015 North America Regional Contest,,,,,,,,,,
structural,-,,wf-2016,2842,The 2015 Africa and the Middle East Regional Contest,,,,,,,,,,
structural,-,,wf-2016,2870,The 2015 Asia Regional Contests,2015-03-15,,,,,,,,,
structural,-,,wf-2017,3008,The 2016 Latin America Regional Contest,,,,,,,,,,
structural,-,,wf-2017,3023,The 2016 Asia Regional Contests,2016-02-01,,,,,,,,,
structural,-,,wf-2017,3104,The 2016 Europe Regional Contest,,,,,,,,,,
structural,-,,wf-2017,3157,The 2016 Africa and the Middle East Regional Contest,,,,,,,,,,
structural,-,,wf-2017,3191,The 2016 North America Regional Contest,,,,,,,,,,
structural,-,,wf-2017,3229,The 2016 Asia Pacific & Indochina Peninsula,,,,,,,,,,
structural,-,,wf-2017,3230,The 2016 Asia East Continent,,,,,,,,,,
structural,-,,wf-2017,3231,The 2016 Asia West Continent,,,,,,,,,,
structural,-,,wf-2018,3242,The 2017 South Pacific Contests,,,,,,,,,,
structural,-,,wf-2018,3247,The 2017 North America Contests,,,,,,,,,,
structural,-,,wf-2018,3273,The 2017 Europe Contests,,,,,,,,,,
structural,-,,wf-2018,3327,The 2017 Africa and the Middle East Contests,,,,,,,,,,
structural,-,,wf-2018,3365,The 2017 Asia East Continent Contests,,,,,,,,,,
structural,-,,wf-2018,3407,The 2017 Asia Pacific & South East Peninsula Contests,,,,,,,,,,
structural,-,,wf-2018,3425,The 2017 Asia West Continent Contests,,,,,,,,,,
structural,-,,wf-2018,3448,The 2017 Latin America Contests,,,,,,,,,,
structural,-,,wf-2018,3487,The 2017 Asia East Continent Provincials,,,,,,,,,,
structural,-,,wf-2018,3488,The 2017 Asia Pacific & South East Peninsula Provincials,,,,,,,,,,
structural,-,,wf-2018,3489,The 2017 Asia West Continent Provincials,,,,,,,,,,
structural,-,,wf-2019,3513,The 2018 Asia West Continent Contests,,,,,,,,,,
structural,-,,wf-2019,3536,The 2018 North America Contests,,,,,,,,,,
structural,-,,wf-2019,3561,The 2018 Africa and the Middle East Contests,,,,,,,,,,
structural,-,,wf-2019,3613,The 2018 South Pacific Contests,,,,,,,,,,
structural,-,,wf-2019,3618,The 2018 Latin America Contests,,,,,,,,,,
structural,-,,wf-2019,3634,The 2018 Europe Contests,,,,,,,,,,
structural,-,,wf-2019,3695,The 2018 Asia East Continent Contests,2018-06-01,,,,,,,,,
structural,-,,wf-2019,3724,The 2018 Asia Pacific and Southeast Peninsula Contests,2018-06-01,,,,,,,,,
structural,-,,wf-2020,3986,The 2019 Africa and Arabia Contests,,,,,,,,,,
structural,-,,wf-2020,4085,The 2019 ICPC Asia West Contests,,,,,,,,,,
structural,-,,awc-2019,4097,"The 2019 ICPC Asia West Continent Provincials, National, and Invitational",,,,,,,,,,
structural,-,,wf-2020,4109,The 2019 Europe Contests,,,,,,,,,,
structural,-,,wf-2020,4153,The 2019 ICPC Asia Pacific Contests,,,,,,,,,,
structural,-,,wf-2020,4167,"The 2019 ICPC Asia Pacific and Southeast Provincials, National and Invitational Contests",,,,,,,,,,
structural,-,,wf-2020,4210,The 2019 ICPC Asia East Contests,,,,,,,,,,
structural,-,,wf-2020,4213,"The 2019 ICPC Asia-East Continent Provincials, National, and Invitationals",,,,,,,,,,
structural,-,,wf-2020,4240,The 2019 Latin America Contests,,,,,,,,,,
structural,-,,wf-2020,4257,The 2019 ICPC Asia-East Continent  High & Middle School Programming Contest,,,,,,,,,,
structural,-,,wf-2020,4295,The 2019 North America Contests,,,,,,,,,,
structural,-,,wf-2021,4299,The 2020 ICPC Asia Pacific Contests,,,,,,,,,,
structural,-,,wf-2021,4305,"The 2020 ICPC Asia Pacific Provincials, National and Invitational Contests",,,,,,,,,,
structural,-,,wf-2021,4333,The 2020 North America Contests,,,,,,,,,,
structural,-,,wf-2021,4359,The 2020 ICPC Asia East Contests,,,,,,,,,,
structural,-,,wf-2021,4367,"The 2020 ICPC Asia-East Continent Provincials, National, and Invitationals",,,,,,,,,,
structural,-,,wf-2021,4381,The 2020 ICPC Asia-East Continent  High & Middle School Programming Contest,,,,,,,,,,
structural,-,,wf-2021,4395,The 2020 Africa and Arabia Contests,,,,,,,,,,
structural,-,,wf-2021,4463,The 2020 Latin America Contests,,,,,,,,,,
structural,-,,wf-2021,4482,The 2020 ICPC Asia West Contests,,,,,,,,,,
structural,-,,awc-2020,4486,"The 2020 ICPC Asia West Continent Provincials, National, and Invitational",,,,,,,,,,
structural,-,,,4502,2020 ICPC Asia Kanpur Regional Contest,,,,,,,,,,
structural,-,,wf-2021,4506,The 2020 Europe Contests,,,,,,,,,,
structural,-,,wf-2021,4586,The 2020-2021 Northern Eurasia Finals Offline,,,,,,,,,,
structural,-,,wf-2022,4674,The 2021 ICPC North America Contests,,,,,,,,,,
structural,-,,wf-2022,4697,The 2021 ICPC Latin America Contests,,,,,,,,,,
structural,-,,wf-2022,4715,The 2021 ICPC Asia East Contests,,,,,,,,,,
structural,-,,wf-2022,4719,"The 2021 ICPC Asia-East Continent Provincials, National, and Invitationals",,,,,,,,,,
structural,-,,wf-2022,4737,The 2021 ICPC Asia-East Continent  High & Middle School Programming Contest,,,,,,,,,,
structural,-,,wf-2022,4752,The 2021 ICPC Africa and Arabia Contests,,,,,,,,,,
structural,-,,wf-2022,4826,The 2021 ICPC Asia West Contests,,,,,,,,,,
structural,-,,,4828,2021 ICPC Asia Kanpur Regional Contest,,,,,,,,,,
structural,-,,awc-2021,4841,The 2021 ICPC Asia Tehran Regional Contest,,,,,,,,,,
structural,-,,awc-2021,4842,The 2021 ICPC Asia Tehran - Online Regional Contest,,,,,,,,,,
structural,-,,awc-2021,4844,"The 2021 ICPC Asia West Continent Provincials, National, and Invitational",,,,,,,,,,
structural,-,,wf-2022,4854,The 2021 ICPC Asia Pacific Contests,,,,,,,,,,
structural,-,,wf-2022,4861,"The 2021 ICPC Asia Pacific Provincials, National and Invitational Contests",,,,,,,,,,
structural,-,,wf-2022,4865,The 2021 ICPC Philippines Provincial 6,,,,,,,,,,
structural,-,,taiwan-2021,4874,The 2021 ICPC Asia Taipei National Contest for Technology Universities,,,,,,,,,,
structural,-,,,4887,2021 ICPC Europe Contests,,,,,,,,,,
structural,-,,wf-2022,4932,The 2021 ICPC Northern Eurasia Contests,,,,,,,,,,
structural,-,,wf-2023,5367,The 2022 ICPC North America Contests,,,,,,,,,,
structural,-,,nac-2023,5369,The 2022 ICPC North America Division Championships,,,,,,,,,,
structural,-,,wf-2023,5390,The 2022 ICPC Europe Contests,,,,,,,,,,
structural,-,,wf-2023,5434,The 2022 ICPC Africa and Arabia Contests,,,,,,,,,,
structural,-,,wf-2023,5518,The 2022 ICPC Latin America Contests,,,,,,,,,,
structural,-,,wf-2023,5536,The 2023 ICPC Asia East Contests,,,,,,,,,,
structural,-,,wf-2023,5539,The 2022 ICPC Asia Kunming Regional  Contest,,,,,,,,,,
structural,-,,wf-2023,5551,"The 2022-2023 ICPC Asia-East Continent Provincials, National, and Invitationals",,,,,,,,,,
structural,-,,wf-2023,5565,The 2022 ICPC Asia-East Continent  High & Middle School Programming Contest,,,,,,,,,,
structural,-,,wf-2023,5602,The 2022 ICPC Asia Pacific Contests,,,,,,,,,,
structural,-,,wf-2023,5610,"The 2022 ICPC Asia Pacific Provincials, National and Invitational Contests",,,,,,,,,,
structural,-,,wf-2023,5619,The 2022 ICPC Philippines Provincial 6,,,,,,,,,,
structural,-,,wf-2023,5636,The 2022 ICPC Asia West Contests,,,,,,,,,,
structural,-,,awc-2022,5652,"The 2022 ICPC Asia West Continent Provincials, National, and Invitational",,,,,,,,,,
structural,-,,tehran-2022,5663,The 2022 ICPC Asia Tehran - Online Regional Contest,,,,,,,,,,
structural,-,,wf-2022,5828,The 2022 ICPC Northern Eurasia Finals. South Caucasus Championship,,,,,,,,,,
structural,-,,wf-2024,7446,The 2023 ICPC North America Contests,,,,,,,,,,
structural,-,,nac-2024,7448,The 2023 ICPC North America Division Championships,,,,,,,,,,
structural,-,,wf-2024,7469,The 2023 ICPC Asia West Contests,,,,,,,,,,
structural,-,,awc-2023,7475,"The 2023 ICPC Asia West Continent Provincials, National, and Invitational",,,,,,,,,,
structural,-,,wf-2024,7497,The 2023 ICPC Asia Pacific Contests,,,,,,,,,,
structural,-,,wf-2024,7512,"The 2023 ICPC Asia Pacific Provincials, National and Invitational Contests",,,,,,,,,,
structural,-,,wf-2024,7519,The 2023 ICPC Philippines Provincial 6,,,,,,,,,,
structural,-,,,7531,2023 ICPC Training Camps,,,,,,,,,,
structural,-,,,7533,2023 ICPC Challenge Contests,,,,,,,,,,
structural,-,,wf-2024,7538,The 2023 ICPC Latin America Contests,,,,,,,,,,
structural,-,,,7557,The 2023 ICPC Europe Contests,,,,,,,,,,
structural,-,,wf-2024,7602,The 2023 ICPC Africa and Arabia Contests,,,,,,,,,,
structural,-,,saudi-arabia-2023,7651,The 2023 ICPC Saudi Team Formation Collegiate Programming Individual Online Contest,,,,,,,,,,
structural,-,,wf-2024,7680,The 2023-2024 ICPC Asia East Contests,,,,,,,,,,
structural,-,,wf-2024,7683,The 2023 ICPC Asia-East Continent  High & Middle School Programming Contest,,,,,,,,,,
structural,-,,wf-2024,7689,The 2023 ICPC Asia Kunming Regional  Contest,,,,,,,,,,
structural,-,,wf-2024,7708,"The 2024-2025 ICPC Asia-East Continent Provincials, National, and Invitationals",,,,,,,,,,
structural,-,,wf-2024,7723,The 2023 ICPC Northern Eurasia Contests,,,,,,,,,,
structural,-,,wf-2025,8733,The 2024 ICPC Asia Pacific Contests,,,,,,,,,,
structural,-,,wf-2025,8748,"The 2024 ICPC Asia Pacific Provincials, National and Invitational Contests",,,,,,,,,,
structural,-,,wf-2025,8762,The 2024 ICPC Africa and Arabia Contests,,,,,,,,,,
structural,-,,saudi-arabia-2024,8829,The 2024 ICPC Saudi Team Formation Collegiate Programming Individual Online Contest,,,,,,,,,,
structural,-,,wf-2025,8847,The 2024 ICPC Africa & Arab Seniors Programming Contest,,,,,,,,,,
structural,-,,wf-2025,8849,The 2024 ICPC Egyptian Seniors Contest,,,,,,,,,,
structural,-,,wf-2025,8856,The 2024 ICPC Asia West Contests,,,,,,,,,,
structural,-,,wf-2025,8883,The 2024-2025 ICPC Northern Eurasia Contests,,,,,,,,,,
structural,-,,wf-2025,8914,The 2024 ICPC North America Contests,,,,,,,,,,
structural,-,,nac-2025,8916,The 2025 ICPC North America Division Championships,,,,,,,,,,
structural,-,,wf-2025,8939,The 2024 ICPC Latin America Contests,,,,,,,,,,
structural,-,,wf-2025,8959,The 2024 ICPC Europe Contests,,,,,,,,,,
structural,-,,swerc-2024,8999,2024 ICPC École Polytechnique Selection,,,,,,,,,,
structural,-,,wf-2025,9012,The 2024-2025 ICPC Asia East Contests,,,,,,,,,,
structural,-,,wf-2025,9042,"The 2024-2025 ICPC Asia-East Continent Provincials, National, and Invitationals",,,,,,,,,,
structural,-,,wf-2026,9190,"The 2025-2026 ICPC Asia East Continent Provincials, National, and Invitationals",,,,,,,,,,
structural,-,,wf-2026,9254,The 2025-2026 ICPC Africa and Arabia Contests,,,,,,,,,,
structural,-,,nac-2026,9324,The 2025 ICPC North America Division Championships,,,,,,,,,,
structural,-,,wf-2026,9380,"The 2025 ICPC Asia Pacific Provincials, National and Invitational Contests",,,,,,,,,,
challenge,,,wf-2025,9462,49th World Finals Online Judge,2025-08-31,,,,,,,,,